{"level":"\u001b[32minfo\u001b[39m","message":"Environment variables loaded from .env file","timestamp":"2025-11-27T16:27:12.848Z"}
{"level":"\u001b[32minfo\u001b[39m","message":"Connecting to the database...","timestamp":"2025-11-27T16:27:12.854Z"}
{"level":"\u001b[32minfo\u001b[39m","message":"Connected to the database successfully \n Database Name: vidtube \n Host: ac-umfmukq-shard-00-02.vu6akeu.mongodb.net \n Port: 27017","timestamp":"2025-11-27T16:27:14.051Z"}
{"level":"\u001b[32minfo\u001b[39m","message":"Server is running on port 3000","timestamp":"2025-11-27T16:27:14.056Z"}
{"level":"\u001b[32minfo\u001b[39m","message":"Environment variables loaded from .env file","timestamp":"2025-11-27T16:27:23.630Z"}
{"level":"\u001b[32minfo\u001b[39m","message":"Connecting to the database...","timestamp":"2025-11-27T16:27:23.634Z"}
{"level":"\u001b[32minfo\u001b[39m","message":"Connected to the database successfully \n Database Name: vidtube \n Host: ac-umfmukq-shard-00-01.vu6akeu.mongodb.net \n Port: 27017","timestamp":"2025-11-27T16:27:24.706Z"}
{"level":"\u001b[32minfo\u001b[39m","message":"Server is running on port 3000","timestamp":"2025-11-27T16:27:24.714Z"}
{"level":"\u001b[32minfo\u001b[39m","message":"Environment variables loaded from .env file","timestamp":"2025-11-27T17:58:46.323Z"}
{"level":"\u001b[32minfo\u001b[39m","message":"Connecting to the database...","timestamp":"2025-11-27T17:58:46.326Z"}
{"level":"\u001b[32minfo\u001b[39m","message":"Connected to the database successfully \n Database Name: vidtube \n Host: ac-umfmukq-shard-00-00.vu6akeu.mongodb.net \n Port: 27017","timestamp":"2025-11-27T17:58:47.369Z"}
{"level":"\u001b[32minfo\u001b[39m","message":"Server is running on port 3000","timestamp":"2025-11-27T17:58:47.373Z"}
{"level":"\u001b[32minfo\u001b[39m","message":"file gotten in multer","timestamp":"2025-11-27T17:58:52.928Z"}
{"level":"\u001b[32minfo\u001b[39m","message":"file gotten in multer","timestamp":"2025-11-27T17:58:52.932Z"}
{"level":"\u001b[32minfo\u001b[39m","message":"file uploaded successfully","timestamp":"2025-11-27T17:58:55.581Z"}
{"api_key":"741211595793622","asset_folder":"","asset_id":"b9cdc7d235d9e1a11bac06362a6c6291","bytes":89030,"created_at":"2025-11-27T17:58:54Z","display_name":"icxodhi8hus8tbvwkyk8","etag":"79d2f7cc3d65b3d25f62fea785766a2d","format":"jpg","height":1024,"level":"\u001b[32minfo\u001b[39m","message":"avatar uploaded","original_filename":"1764266332929-268203871a","placeholder":false,"public_id":"icxodhi8hus8tbvwkyk8","resource_type":"image","secure_url":"https://res.cloudinary.com/dwc2fl8xs/image/upload/v1764266334/icxodhi8hus8tbvwkyk8.jpg","signature":"de2edf8e6f7adb34fb32ca24137befa7158bd19e","tags":[],"timestamp":"2025-11-27T17:58:55.583Z","type":"upload","url":"http://res.cloudinary.com/dwc2fl8xs/image/upload/v1764266334/icxodhi8hus8tbvwkyk8.jpg","version":1764266334,"version_id":"a6ca4c5475abc55fc61111dc4153db05","width":1024}
{"level":"\u001b[32minfo\u001b[39m","message":"file uploaded successfully","timestamp":"2025-11-27T17:58:58.685Z"}
{"api_key":"741211595793622","asset_folder":"","asset_id":"40d4124dea2bc372258a24dcdeca9ad3","bytes":3594557,"created_at":"2025-11-27T17:58:57Z","display_name":"dxfltn0zzmm31dkoyvum","etag":"cfb2259ac1d74ffc7bfe261e7831355f","format":"jpg","height":2834,"level":"\u001b[32minfo\u001b[39m","message":"coverImage uploaded","original_filename":"1764266332932-744512317c","placeholder":false,"public_id":"dxfltn0zzmm31dkoyvum","resource_type":"image","secure_url":"https://res.cloudinary.com/dwc2fl8xs/image/upload/v1764266337/dxfltn0zzmm31dkoyvum.jpg","signature":"c50b4122f4709660b0069a0168f5d9e32ed08205","tags":[],"timestamp":"2025-11-27T17:58:58.689Z","type":"upload","url":"http://res.cloudinary.com/dwc2fl8xs/image/upload/v1764266337/dxfltn0zzmm31dkoyvum.jpg","version":1764266337,"version_id":"ff5cb45fec2bf0fe1263a9c31015a919","width":3940}
{"level":"\u001b[32minfo\u001b[39m","message":"file gotten in multer","timestamp":"2025-11-27T18:00:07.322Z"}
{"level":"\u001b[32minfo\u001b[39m","message":"file gotten in multer","timestamp":"2025-11-27T18:00:07.324Z"}
{"level":"\u001b[32minfo\u001b[39m","message":"file uploaded successfully","timestamp":"2025-11-27T18:00:10.965Z"}
{"api_key":"741211595793622","asset_folder":"","asset_id":"e79f2a8595eca5293cd27337077bdb95","bytes":99795,"created_at":"2025-11-27T18:00:10Z","display_name":"tg1mutrddbeu11m1yozp","etag":"170bd9aa1882f69b4f0be5c93795a9bb","format":"jpg","height":1024,"level":"\u001b[32minfo\u001b[39m","message":"avatar uploaded","original_filename":"1764266407322-390336466a (2)","placeholder":false,"public_id":"tg1mutrddbeu11m1yozp","resource_type":"image","secure_url":"https://res.cloudinary.com/dwc2fl8xs/image/upload/v1764266410/tg1mutrddbeu11m1yozp.jpg","signature":"670f4abf45b61f924874c2a4f89a476f36726670","tags":[],"timestamp":"2025-11-27T18:00:10.966Z","type":"upload","url":"http://res.cloudinary.com/dwc2fl8xs/image/upload/v1764266410/tg1mutrddbeu11m1yozp.jpg","version":1764266410,"version_id":"1cd045aa72b734581d6ca3f76ab00864","width":1024}
{"level":"\u001b[32minfo\u001b[39m","message":"file uploaded successfully","timestamp":"2025-11-27T18:00:14.466Z"}
{"api_key":"741211595793622","asset_folder":"","asset_id":"64dbaeed4a796624c31c8eb467170138","bytes":3629991,"created_at":"2025-11-27T18:00:12Z","display_name":"zezmey7yjde4h0qirxk2","etag":"59f9a76d999ee932f10cf56aa666279b","format":"jpg","height":3456,"level":"\u001b[32minfo\u001b[39m","message":"coverImage uploaded","original_filename":"1764266407324-389463752c (2)","placeholder":false,"public_id":"zezmey7yjde4h0qirxk2","resource_type":"image","secure_url":"https://res.cloudinary.com/dwc2fl8xs/image/upload/v1764266412/zezmey7yjde4h0qirxk2.jpg","signature":"9f4bad98e4fccefc7adf8c9397e78231c0347899","tags":[],"timestamp":"2025-11-27T18:00:14.469Z","type":"upload","url":"http://res.cloudinary.com/dwc2fl8xs/image/upload/v1764266412/zezmey7yjde4h0qirxk2.jpg","version":1764266412,"version_id":"96b1b41ffb964062f6131c291046660d","width":5184}
{"level":"\u001b[32minfo\u001b[39m","message":"Environment variables loaded from .env file","timestamp":"2025-11-27T18:01:46.961Z"}
{"level":"\u001b[32minfo\u001b[39m","message":"Connecting to the database...","timestamp":"2025-11-27T18:01:46.965Z"}
{"level":"\u001b[32minfo\u001b[39m","message":"Connected to the database successfully \n Database Name: vidtube \n Host: ac-umfmukq-shard-00-02.vu6akeu.mongodb.net \n Port: 27017","timestamp":"2025-11-27T18:01:47.478Z"}
{"level":"\u001b[32minfo\u001b[39m","message":"Server is running on port 3000","timestamp":"2025-11-27T18:01:47.482Z"}
{"level":"\u001b[32minfo\u001b[39m","message":"Environment variables loaded from .env file","timestamp":"2025-11-27T18:04:35.656Z"}
{"level":"\u001b[32minfo\u001b[39m","message":"Connecting to the database...","timestamp":"2025-11-27T18:04:35.659Z"}
{"level":"\u001b[32minfo\u001b[39m","message":"Connected to the database successfully \n Database Name: vidtube \n Host: ac-umfmukq-shard-00-01.vu6akeu.mongodb.net \n Port: 27017","timestamp":"2025-11-27T18:04:36.607Z"}
{"level":"\u001b[32minfo\u001b[39m","message":"Server is running on port 3000","timestamp":"2025-11-27T18:04:36.611Z"}
{"level":"\u001b[32minfo\u001b[39m","message":"Environment variables loaded from .env file","timestamp":"2025-11-27T18:05:47.443Z"}
{"level":"\u001b[32minfo\u001b[39m","message":"Connecting to the database...","timestamp":"2025-11-27T18:05:47.447Z"}
{"level":"\u001b[32minfo\u001b[39m","message":"Connected to the database successfully \n Database Name: vidtube \n Host: ac-umfmukq-shard-00-01.vu6akeu.mongodb.net \n Port: 27017","timestamp":"2025-11-27T18:05:49.238Z"}
{"level":"\u001b[32minfo\u001b[39m","message":"Server is running on port 3000","timestamp":"2025-11-27T18:05:49.243Z"}
{"level":"\u001b[32minfo\u001b[39m","message":"Environment variables loaded from .env file","timestamp":"2025-11-27T18:06:10.839Z"}
{"level":"\u001b[32minfo\u001b[39m","message":"Connecting to the database...","timestamp":"2025-11-27T18:06:10.846Z"}
{"level":"\u001b[32minfo\u001b[39m","message":"Connected to the database successfully \n Database Name: vidtube \n Host: ac-umfmukq-shard-00-02.vu6akeu.mongodb.net \n Port: 27017","timestamp":"2025-11-27T18:06:11.817Z"}
{"level":"\u001b[32minfo\u001b[39m","message":"Server is running on port 3000","timestamp":"2025-11-27T18:06:11.821Z"}
{"level":"\u001b[32minfo\u001b[39m","message":"file gotten in multer","timestamp":"2025-11-27T18:06:27.606Z"}
{"level":"\u001b[32minfo\u001b[39m","message":"file gotten in multer","timestamp":"2025-11-27T18:06:27.610Z"}
{"level":"\u001b[32minfo\u001b[39m","message":"{\"method\":\"POST\",\"url\":\"/api/v1/users/register\",\"status\":\"409\",\"responseTime\":\"212.656\"}","timestamp":"2025-11-27T18:06:27.805Z"}
{"level":"\u001b[32minfo\u001b[39m","message":"Environment variables loaded from .env file","timestamp":"2025-11-27T18:10:54.397Z"}
{"level":"\u001b[32minfo\u001b[39m","message":"Connecting to the database...","timestamp":"2025-11-27T18:10:54.401Z"}
{"level":"\u001b[32minfo\u001b[39m","message":"Connected to the database successfully \n Database Name: vidtube \n Host: ac-umfmukq-shard-00-00.vu6akeu.mongodb.net \n Port: 27017","timestamp":"2025-11-27T18:10:54.958Z"}
{"level":"\u001b[32minfo\u001b[39m","message":"Server is running on port 3000","timestamp":"2025-11-27T18:10:54.963Z"}
{"level":"\u001b[32minfo\u001b[39m","message":"Environment variables loaded from .env file","timestamp":"2025-11-27T18:11:56.389Z"}
{"level":"\u001b[32minfo\u001b[39m","message":"Connecting to the database...","timestamp":"2025-11-27T18:11:56.395Z"}
{"level":"\u001b[32minfo\u001b[39m","message":"Connected to the database successfully \n Database Name: vidtube \n Host: ac-umfmukq-shard-00-02.vu6akeu.mongodb.net \n Port: 27017","timestamp":"2025-11-27T18:11:57.545Z"}
{"level":"\u001b[32minfo\u001b[39m","message":"Server is running on port 3000","timestamp":"2025-11-27T18:11:57.550Z"}
{"level":"\u001b[32minfo\u001b[39m","message":"file gotten in multer","timestamp":"2025-11-27T18:12:01.891Z"}
{"level":"\u001b[32minfo\u001b[39m","message":"file gotten in multer","timestamp":"2025-11-27T18:12:01.895Z"}
{"level":"\u001b[32minfo\u001b[39m","message":"{\"method\":\"POST\",\"url\":\"/api/v1/users/register\",\"status\":\"409\",\"responseTime\":\"202.655\"}","timestamp":"2025-11-27T18:12:02.081Z"}
{"level":"\u001b[32minfo\u001b[39m","message":"file gotten in multer","timestamp":"2025-11-27T18:12:56.741Z"}
{"level":"\u001b[32minfo\u001b[39m","message":"file uploaded successfully","timestamp":"2025-11-27T18:12:59.090Z"}
{"api_key":"741211595793622","asset_folder":"","asset_id":"1dd64e5225a82f0bd5e947d8eee93a41","bytes":78761,"created_at":"2025-11-27T18:12:58Z","display_name":"epvbljymbxtvj0fxzce1","etag":"41963072f5611352f272afbb60e3dc72","format":"jpg","height":1024,"level":"\u001b[32minfo\u001b[39m","message":"avatar uploaded","original_filename":"1764267176742-951848247a (3)","placeholder":false,"public_id":"epvbljymbxtvj0fxzce1","resource_type":"image","secure_url":"https://res.cloudinary.com/dwc2fl8xs/image/upload/v1764267178/epvbljymbxtvj0fxzce1.jpg","signature":"941f4b7c1bc364f8499383c030963d60c7ecdb45","tags":[],"timestamp":"2025-11-27T18:12:59.092Z","type":"upload","url":"http://res.cloudinary.com/dwc2fl8xs/image/upload/v1764267178/epvbljymbxtvj0fxzce1.jpg","version":1764267178,"version_id":"819d24127af27a66f5b5adce3a211464","width":1024}
{"level":"\u001b[32minfo\u001b[39m","message":"{\"method\":\"POST\",\"url\":\"/api/v1/users/register\",\"status\":\"201\",\"responseTime\":\"2567.815\"}","timestamp":"2025-11-27T18:12:59.307Z"}
{"level":"\u001b[32minfo\u001b[39m","message":"file gotten in multer","timestamp":"2025-11-27T18:14:02.610Z"}
{"level":"\u001b[32minfo\u001b[39m","message":"file gotten in multer","timestamp":"2025-11-27T18:14:02.611Z"}
{"level":"\u001b[32minfo\u001b[39m","message":"file uploaded successfully","timestamp":"2025-11-27T18:14:05.855Z"}
{"api_key":"741211595793622","asset_folder":"","asset_id":"f747a027be69697c833e0f80edb5ffbb","bytes":113405,"created_at":"2025-11-27T18:14:04Z","display_name":"mqljzzafwxai72ns1bnl","etag":"3db1ebdd875d9e9cf7050ea303bf0dfe","format":"jpg","height":1024,"level":"\u001b[32minfo\u001b[39m","message":"avatar uploaded","original_filename":"1764267242610-24189308a (7)","placeholder":false,"public_id":"mqljzzafwxai72ns1bnl","resource_type":"image","secure_url":"https://res.cloudinary.com/dwc2fl8xs/image/upload/v1764267244/mqljzzafwxai72ns1bnl.jpg","signature":"9b9177c94aaeaf63f73c426d32659a2787ebb729","tags":[],"timestamp":"2025-11-27T18:14:05.856Z","type":"upload","url":"http://res.cloudinary.com/dwc2fl8xs/image/upload/v1764267244/mqljzzafwxai72ns1bnl.jpg","version":1764267244,"version_id":"9346917b0897453d3cfea4455b5d8964","width":1024}
{"level":"\u001b[32minfo\u001b[39m","message":"file uploaded successfully","timestamp":"2025-11-27T18:14:24.536Z"}
{"api_key":"741211595793622","asset_folder":"","asset_id":"e19cbc688ddeb5655d219cb7cbfeda8a","bytes":3937690,"created_at":"2025-11-27T18:14:23Z","display_name":"f34cfsjxv1clvymrjdtp","etag":"34da91ad6663d863415f925efc186641","format":"jpg","height":5707,"level":"\u001b[32minfo\u001b[39m","message":"coverImage uploaded","original_filename":"1764267242611-503767903c (4)","placeholder":false,"public_id":"f34cfsjxv1clvymrjdtp","resource_type":"image","secure_url":"https://res.cloudinary.com/dwc2fl8xs/image/upload/v1764267263/f34cfsjxv1clvymrjdtp.jpg","signature":"138a56331da5b71502df1f586c24fa52c7021920","tags":[],"timestamp":"2025-11-27T18:14:24.538Z","type":"upload","url":"http://res.cloudinary.com/dwc2fl8xs/image/upload/v1764267263/f34cfsjxv1clvymrjdtp.jpg","version":1764267263,"version_id":"d26bd171dd7c9b76857a1ef0c862dc19","width":3805}
{"level":"\u001b[32minfo\u001b[39m","message":"{\"method\":\"POST\",\"url\":\"/api/v1/users/register\",\"status\":\"201\",\"responseTime\":\"22084.134\"}","timestamp":"2025-11-27T18:14:24.692Z"}
{"level":"\u001b[32minfo\u001b[39m","message":"{\"method\":\"POST\",\"url\":\"/api/v1/users/login\",\"status\":\"200\",\"responseTime\":\"401.332\"}","timestamp":"2025-11-27T18:16:17.763Z"}
{"level":"\u001b[32minfo\u001b[39m","message":"file gotten in multer","timestamp":"2025-11-27T18:18:24.239Z"}
{"level":"\u001b[32minfo\u001b[39m","message":"file gotten in multer","timestamp":"2025-11-27T18:18:24.706Z"}
{"level":"\u001b[32minfo\u001b[39m","message":"all files checked","timestamp":"2025-11-27T18:18:24.845Z"}
{"level":"\u001b[32minfo\u001b[39m","message":"file uploaded successfully","timestamp":"2025-11-27T18:18:58.789Z"}
{"level":"\u001b[32minfo\u001b[39m","message":"video Uploaded","timestamp":"2025-11-27T18:18:58.794Z"}
{"level":"\u001b[32minfo\u001b[39m","message":"file uploaded successfully","timestamp":"2025-11-27T18:19:02.308Z"}
{"level":"\u001b[32minfo\u001b[39m","message":"Thumbnail uploaded","timestamp":"2025-11-27T18:19:02.310Z"}
{"level":"\u001b[32minfo\u001b[39m","message":"{\"method\":\"POST\",\"url\":\"/api/v1/videos/\",\"status\":\"201\",\"responseTime\":\"38342.095\"}","timestamp":"2025-11-27T18:19:02.424Z"}
{"level":"\u001b[32minfo\u001b[39m","message":"Environment variables loaded from .env file","timestamp":"2025-11-27T18:22:30.874Z"}
{"level":"\u001b[32minfo\u001b[39m","message":"Connecting to the database...","timestamp":"2025-11-27T18:22:30.878Z"}
{"level":"\u001b[32minfo\u001b[39m","message":"Connected to the database successfully \n Database Name: vidtube \n Host: ac-umfmukq-shard-00-02.vu6akeu.mongodb.net \n Port: 27017","timestamp":"2025-11-27T18:22:32.060Z"}
{"level":"\u001b[32minfo\u001b[39m","message":"Server is running on port 3000","timestamp":"2025-11-27T18:22:32.065Z"}
{"level":"\u001b[32minfo\u001b[39m","message":"Environment variables loaded from .env file","timestamp":"2025-11-27T18:22:44.170Z"}
{"level":"\u001b[32minfo\u001b[39m","message":"Connecting to the database...","timestamp":"2025-11-27T18:22:44.173Z"}
{"level":"\u001b[32minfo\u001b[39m","message":"Connected to the database successfully \n Database Name: vidtube \n Host: ac-umfmukq-shard-00-02.vu6akeu.mongodb.net \n Port: 27017","timestamp":"2025-11-27T18:22:44.691Z"}
{"level":"\u001b[32minfo\u001b[39m","message":"Server is running on port 3000","timestamp":"2025-11-27T18:22:44.697Z"}
{"level":"\u001b[32minfo\u001b[39m","message":"Environment variables loaded from .env file","timestamp":"2025-11-27T18:29:57.101Z"}
{"level":"\u001b[32minfo\u001b[39m","message":"Connecting to the database...","timestamp":"2025-11-27T18:29:57.105Z"}
{"level":"\u001b[32minfo\u001b[39m","message":"Connected to the database successfully \n Database Name: vidtube \n Host: ac-umfmukq-shard-00-00.vu6akeu.mongodb.net \n Port: 27017","timestamp":"2025-11-27T18:29:58.172Z"}
{"level":"\u001b[32minfo\u001b[39m","message":"Server is running on port 3000","timestamp":"2025-11-27T18:29:58.177Z"}
{"level":"\u001b[32minfo\u001b[39m","message":"{\"method\":\"POST\",\"url\":\"/api/v1/users/logout\",\"status\":\"200\",\"responseTime\":\"104.071\"}","timestamp":"2025-11-27T18:30:13.297Z"}
{"level":"\u001b[32minfo\u001b[39m","message":"{\"method\":\"POST\",\"url\":\"/api/v1/users/login\",\"status\":\"200\",\"responseTime\":\"539.466\"}","timestamp":"2025-11-27T18:30:21.903Z"}
{"level":"\u001b[32minfo\u001b[39m","message":"file gotten in multer","timestamp":"2025-11-27T18:30:40.452Z"}
{"level":"\u001b[32minfo\u001b[39m","message":"all files checked","timestamp":"2025-11-27T18:30:40.644Z"}
{"level":"\u001b[32minfo\u001b[39m","message":"file uploaded successfully","timestamp":"2025-11-27T18:30:50.876Z"}
{"level":"\u001b[32minfo\u001b[39m","message":"video Uploaded","timestamp":"2025-11-27T18:30:50.878Z"}
{"level":"\u001b[32minfo\u001b[39m","message":"{\"method\":\"POST\",\"url\":\"/api/v1/videos/\",\"status\":\"201\",\"responseTime\":\"10628.733\"}","timestamp":"2025-11-27T18:30:50.952Z"}
{"level":"\u001b[32minfo\u001b[39m","message":"file gotten in multer","timestamp":"2025-11-27T18:32:38.002Z"}
{"level":"\u001b[32minfo\u001b[39m","message":"file gotten in multer","timestamp":"2025-11-27T18:32:38.343Z"}
{"level":"\u001b[32minfo\u001b[39m","message":"all files checked","timestamp":"2025-11-27T18:32:38.514Z"}
{"level":"\u001b[32minfo\u001b[39m","message":"file uploaded successfully","timestamp":"2025-11-27T18:33:26.222Z"}
{"level":"\u001b[32minfo\u001b[39m","message":"video Uploaded","timestamp":"2025-11-27T18:33:26.227Z"}
{"level":"\u001b[32minfo\u001b[39m","message":"file uploaded successfully","timestamp":"2025-11-27T18:33:32.435Z"}
{"level":"\u001b[32minfo\u001b[39m","message":"Thumbnail uploaded","timestamp":"2025-11-27T18:33:32.440Z"}
{"level":"\u001b[32minfo\u001b[39m","message":"{\"method\":\"POST\",\"url\":\"/api/v1/videos/\",\"status\":\"201\",\"responseTime\":\"54619.822\"}","timestamp":"2025-11-27T18:33:32.522Z"}
{"level":"\u001b[32minfo\u001b[39m","message":"{\"method\":\"POST\",\"url\":\"/api/v1/subscriptions/c/692891ae8b3cde57350a5bfe\",\"status\":\"201\",\"responseTime\":\"483.096\"}","timestamp":"2025-11-27T18:34:09.808Z"}
{"level":"\u001b[32minfo\u001b[39m","message":"{\"method\":\"PATCH\",\"url\":\"/api/v1/videos/views/6928961613409b594dc01255\",\"status\":\"200\",\"responseTime\":\"239.157\"}","timestamp":"2025-11-27T18:34:38.629Z"}
{"level":"\u001b[32minfo\u001b[39m","message":"{\"method\":\"PATCH\",\"url\":\"/api/v1/videos/views/6928961613409b594dc01255\",\"status\":\"200\",\"responseTime\":\"334.204\"}","timestamp":"2025-11-27T18:34:43.544Z"}
{"level":"\u001b[32minfo\u001b[39m","message":"{\"method\":\"PATCH\",\"url\":\"/api/v1/videos/692898da696e5d9c996d3046\",\"status\":\"200\",\"responseTime\":\"1255.905\"}","timestamp":"2025-11-27T18:35:22.363Z"}
{"level":"\u001b[32minfo\u001b[39m","message":"Environment variables loaded from .env file","timestamp":"2025-11-27T18:43:46.162Z"}
{"level":"\u001b[32minfo\u001b[39m","message":"Connecting to the database...","timestamp":"2025-11-27T18:43:46.168Z"}
{"level":"\u001b[32minfo\u001b[39m","message":"Environment variables loaded from .env file","timestamp":"2025-11-27T18:43:48.467Z"}
{"level":"\u001b[32minfo\u001b[39m","message":"Connecting to the database...","timestamp":"2025-11-27T18:43:48.471Z"}
{"level":"\u001b[32minfo\u001b[39m","message":"Connected to the database successfully \n Database Name: vidtube \n Host: ac-umfmukq-shard-00-00.vu6akeu.mongodb.net \n Port: 27017","timestamp":"2025-11-27T18:43:49.690Z"}
{"level":"\u001b[32minfo\u001b[39m","message":"Server is running on port 3000","timestamp":"2025-11-27T18:43:49.695Z"}
{"level":"\u001b[32minfo\u001b[39m","message":"{\"method\":\"GET\",\"url\":\"/api/v1/videos/\",\"status\":\"401\",\"responseTime\":\"18.740\"}","timestamp":"2025-11-27T18:44:56.643Z"}
{"level":"\u001b[32minfo\u001b[39m","message":"{\"method\":\"GET\",\"url\":\"/api/v1/tweets/\",\"status\":\"401\",\"responseTime\":\"19.877\"}","timestamp":"2025-11-27T18:44:56.648Z"}
{"level":"\u001b[32minfo\u001b[39m","message":"{\"method\":\"GET\",\"url\":\"/api/v1/videos/\",\"status\":\"401\",\"responseTime\":\"3.019\"}","timestamp":"2025-11-27T18:44:56.660Z"}
{"level":"\u001b[32minfo\u001b[39m","message":"{\"method\":\"GET\",\"url\":\"/api/v1/tweets/\",\"status\":\"401\",\"responseTime\":\"3.073\"}","timestamp":"2025-11-27T18:44:56.666Z"}
{"level":"\u001b[32minfo\u001b[39m","message":"{\"method\":\"POST\",\"url\":\"/api/v1/users/login\",\"status\":\"200\",\"responseTime\":\"492.674\"}","timestamp":"2025-11-27T18:45:10.798Z"}
{"level":"\u001b[32minfo\u001b[39m","message":"{\"method\":\"GET\",\"url\":\"/api/v1/users/theme\",\"status\":\"200\",\"responseTime\":\"63.828\"}","timestamp":"2025-11-27T18:45:10.881Z"}
{"level":"\u001b[32minfo\u001b[39m","message":"{\"method\":\"GET\",\"url\":\"/api/v1/users/current-user\",\"status\":\"200\",\"responseTime\":\"39.990\"}","timestamp":"2025-11-27T18:45:10.897Z"}
{"level":"\u001b[32minfo\u001b[39m","message":"{\"method\":\"GET\",\"url\":\"/api/v1/users/theme\",\"status\":\"304\",\"responseTime\":\"152.435\"}","timestamp":"2025-11-27T18:45:11.104Z"}
{"level":"\u001b[32minfo\u001b[39m","message":"{\"method\":\"GET\",\"url\":\"/api/v1/videos/\",\"status\":\"200\",\"responseTime\":\"77.608\"}","timestamp":"2025-11-27T18:45:11.215Z"}
{"level":"\u001b[32minfo\u001b[39m","message":"{\"method\":\"GET\",\"url\":\"/api/v1/tweets/\",\"status\":\"200\",\"responseTime\":\"75.891\"}","timestamp":"2025-11-27T18:45:11.220Z"}
{"level":"\u001b[32minfo\u001b[39m","message":"{\"method\":\"GET\",\"url\":\"/api/v1/tweets/\",\"status\":\"304\",\"responseTime\":\"84.773\"}","timestamp":"2025-11-27T18:45:11.333Z"}
{"level":"\u001b[32minfo\u001b[39m","message":"{\"method\":\"GET\",\"url\":\"/api/v1/videos/\",\"status\":\"304\",\"responseTime\":\"88.975\"}","timestamp":"2025-11-27T18:45:11.336Z"}
{"level":"\u001b[32minfo\u001b[39m","message":"{\"method\":\"GET\",\"url\":\"/api/v1/users/u/692891628b3cde57350a5bfa\",\"status\":\"200\",\"responseTime\":\"102.398\"}","timestamp":"2025-11-27T18:45:11.388Z"}
{"level":"\u001b[32minfo\u001b[39m","message":"{\"method\":\"GET\",\"url\":\"/api/v1/users/u/692891628b3cde57350a5bfa\",\"status\":\"304\",\"responseTime\":\"69.135\"}","timestamp":"2025-11-27T18:45:11.464Z"}
{"level":"\u001b[32minfo\u001b[39m","message":"{\"method\":\"GET\",\"url\":\"/api/v1/users/u/692891628b3cde57350a5bfa\",\"status\":\"304\",\"responseTime\":\"144.858\"}","timestamp":"2025-11-27T18:45:11.615Z"}
{"level":"\u001b[32minfo\u001b[39m","message":"{\"method\":\"GET\",\"url\":\"/api/v1/users/u/692891628b3cde57350a5bfa\",\"status\":\"304\",\"responseTime\":\"200.440\"}","timestamp":"2025-11-27T18:45:11.821Z"}
{"level":"\u001b[32minfo\u001b[39m","message":"{\"method\":\"GET\",\"url\":\"/api/v1/users/u/692891ae8b3cde57350a5bfe\",\"status\":\"200\",\"responseTime\":\"561.378\"}","timestamp":"2025-11-27T18:45:11.853Z"}
{"level":"\u001b[32minfo\u001b[39m","message":"{\"method\":\"GET\",\"url\":\"/api/v1/users/u/692891ae8b3cde57350a5bfe\",\"status\":\"304\",\"responseTime\":\"70.841\"}","timestamp":"2025-11-27T18:45:11.934Z"}
{"level":"\u001b[32minfo\u001b[39m","message":"{\"method\":\"GET\",\"url\":\"/api/v1/videos/6928997c696e5d9c996d304b\",\"status\":\"200\",\"responseTime\":\"161.698\"}","timestamp":"2025-11-27T18:45:20.120Z"}
{"level":"\u001b[32minfo\u001b[39m","message":"{\"method\":\"GET\",\"url\":\"/api/v1/videos/6928997c696e5d9c996d304b\",\"status\":\"304\",\"responseTime\":\"190.742\"}","timestamp":"2025-11-27T18:45:20.322Z"}
{"level":"\u001b[32minfo\u001b[39m","message":"{\"method\":\"GET\",\"url\":\"/api/v1/comments/6928997c696e5d9c996d304b\",\"status\":\"200\",\"responseTime\":\"191.494\"}","timestamp":"2025-11-27T18:45:20.324Z"}
{"level":"\u001b[32minfo\u001b[39m","message":"{\"method\":\"GET\",\"url\":\"/api/v1/comments/6928997c696e5d9c996d304b\",\"status\":\"304\",\"responseTime\":\"110.022\"}","timestamp":"2025-11-27T18:45:20.471Z"}
{"0":"6928997c696e5d9c996d304b","level":"\u001b[32minfo\u001b[39m","message":"Updated watch history: ","timestamp":"2025-11-27T18:45:20.544Z"}
{"level":"\u001b[32minfo\u001b[39m","message":"{\"method\":\"PATCH\",\"url\":\"/api/v1/users/history/add/6928997c696e5d9c996d304b\",\"status\":\"200\",\"responseTime\":\"188.218\"}","timestamp":"2025-11-27T18:45:20.545Z"}
{"0":"6928997c696e5d9c996d304b","level":"\u001b[32minfo\u001b[39m","message":"Updated watch history: ","timestamp":"2025-11-27T18:45:20.737Z"}
{"level":"\u001b[32minfo\u001b[39m","message":"{\"method\":\"PATCH\",\"url\":\"/api/v1/users/history/add/6928997c696e5d9c996d304b\",\"status\":\"200\",\"responseTime\":\"258.416\"}","timestamp":"2025-11-27T18:45:20.738Z"}
{"level":"\u001b[32minfo\u001b[39m","message":"{\"method\":\"PATCH\",\"url\":\"/api/v1/videos/views/6928997c696e5d9c996d304b\",\"status\":\"200\",\"responseTime\":\"214.123\"}","timestamp":"2025-11-27T18:45:20.768Z"}
{"level":"\u001b[32minfo\u001b[39m","message":"{\"method\":\"GET\",\"url\":\"/api/v1/users/u/692891628b3cde57350a5bfa\",\"status\":\"304\",\"responseTime\":\"149.060\"}","timestamp":"2025-11-27T18:45:20.933Z"}
{"level":"\u001b[32minfo\u001b[39m","message":"{\"method\":\"PATCH\",\"url\":\"/api/v1/videos/views/6928997c696e5d9c996d304b\",\"status\":\"200\",\"responseTime\":\"188.301\"}","timestamp":"2025-11-27T18:45:20.936Z"}
{"level":"\u001b[32minfo\u001b[39m","message":"{\"method\":\"GET\",\"url\":\"/api/v1/users/u/692891628b3cde57350a5bfa\",\"status\":\"304\",\"responseTime\":\"102.611\"}","timestamp":"2025-11-27T18:45:21.043Z"}
{"level":"\u001b[32minfo\u001b[39m","message":"{\"method\":\"POST\",\"url\":\"/api/v1/subscriptions/c/undefined\",\"status\":\"400\",\"responseTime\":\"73.166\"}","timestamp":"2025-11-27T18:46:06.910Z"}
{"level":"\u001b[32minfo\u001b[39m","message":"{\"method\":\"POST\",\"url\":\"/api/v1/comments/6928997c696e5d9c996d304b\",\"status\":\"201\",\"responseTime\":\"344.503\"}","timestamp":"2025-11-27T18:46:32.899Z"}
{"level":"\u001b[32minfo\u001b[39m","message":"{\"method\":\"GET\",\"url\":\"/api/v1/comments/6928997c696e5d9c996d304b\",\"status\":\"201\",\"responseTime\":\"217.431\"}","timestamp":"2025-11-27T18:46:33.126Z"}
{"level":"\u001b[32minfo\u001b[39m","message":"{\"method\":\"GET\",\"url\":\"/api/v1/users/u/692894ab13409b594dc01248\",\"status\":\"200\",\"responseTime\":\"176.148\"}","timestamp":"2025-11-27T18:46:33.329Z"}
{"level":"\u001b[32minfo\u001b[39m","message":"{\"method\":\"GET\",\"url\":\"/api/v1/users/u/692894ab13409b594dc01248\",\"status\":\"304\",\"responseTime\":\"199.236\"}","timestamp":"2025-11-27T18:46:33.534Z"}
{"level":"\u001b[32minfo\u001b[39m","message":"{\"method\":\"POST\",\"url\":\"/api/v1/like/c/69289c88a5b9930b138d1bd6\",\"status\":\"200\",\"responseTime\":\"443.871\"}","timestamp":"2025-11-27T18:47:05.016Z"}
{"level":"\u001b[32minfo\u001b[39m","message":"{\"method\":\"POST\",\"url\":\"/api/v1/like/v/6928997c696e5d9c996d304b\",\"status\":\"200\",\"responseTime\":\"519.498\"}","timestamp":"2025-11-27T18:47:16.959Z"}
{"level":"\u001b[32minfo\u001b[39m","message":"{\"method\":\"GET\",\"url\":\"/api/v1/users/u/692894ab13409b594dc01248\",\"status\":\"304\",\"responseTime\":\"171.230\"}","timestamp":"2025-11-27T18:54:30.759Z"}
{"level":"\u001b[32minfo\u001b[39m","message":"{\"method\":\"GET\",\"url\":\"/api/v1/users/u/692891628b3cde57350a5bfa\",\"status\":\"304\",\"responseTime\":\"175.063\"}","timestamp":"2025-11-27T18:54:30.761Z"}
{"level":"\u001b[32minfo\u001b[39m","message":"{\"method\":\"GET\",\"url\":\"/api/v1/users/current-user\",\"status\":\"200\",\"responseTime\":\"87.224\"}","timestamp":"2025-11-27T18:56:41.573Z"}
{"level":"\u001b[32minfo\u001b[39m","message":"{\"method\":\"GET\",\"url\":\"/api/v1/users/current-user\",\"status\":\"304\",\"responseTime\":\"59.325\"}","timestamp":"2025-11-27T18:56:41.638Z"}
{"level":"\u001b[32minfo\u001b[39m","message":"{\"method\":\"GET\",\"url\":\"/api/v1/users/theme\",\"status\":\"304\",\"responseTime\":\"38.499\"}","timestamp":"2025-11-27T18:56:41.665Z"}
{"level":"\u001b[32minfo\u001b[39m","message":"{\"method\":\"GET\",\"url\":\"/api/v1/users/theme\",\"status\":\"304\",\"responseTime\":\"39.180\"}","timestamp":"2025-11-27T18:56:41.711Z"}
{"level":"\u001b[32minfo\u001b[39m","message":"{\"method\":\"GET\",\"url\":\"/api/v1/users/current-user\",\"status\":\"304\",\"responseTime\":\"170.271\"}","timestamp":"2025-11-27T18:56:56.595Z"}
{"level":"\u001b[32minfo\u001b[39m","message":"{\"method\":\"GET\",\"url\":\"/api/v1/users/current-user\",\"status\":\"304\",\"responseTime\":\"89.610\"}","timestamp":"2025-11-27T18:56:56.690Z"}
{"level":"\u001b[32minfo\u001b[39m","message":"{\"method\":\"GET\",\"url\":\"/api/v1/users/theme\",\"status\":\"304\",\"responseTime\":\"86.417\"}","timestamp":"2025-11-27T18:56:56.693Z"}
{"level":"\u001b[32minfo\u001b[39m","message":"{\"method\":\"GET\",\"url\":\"/api/v1/users/theme\",\"status\":\"304\",\"responseTime\":\"91.752\"}","timestamp":"2025-11-27T18:56:56.793Z"}
{"level":"\u001b[32minfo\u001b[39m","message":"{\"method\":\"GET\",\"url\":\"/api/v1/videos/6928997c696e5d9c996d304b\",\"status\":\"200\",\"responseTime\":\"197.914\"}","timestamp":"2025-11-27T18:57:46.769Z"}
{"level":"\u001b[32minfo\u001b[39m","message":"{\"method\":\"GET\",\"url\":\"/api/v1/like/v/6928997c696e5d9c996d304b\",\"status\":\"200\",\"responseTime\":\"289.627\"}","timestamp":"2025-11-27T18:57:47.076Z"}
{"level":"\u001b[32minfo\u001b[39m","message":"{\"method\":\"GET\",\"url\":\"/api/v1/comments/6928997c696e5d9c996d304b\",\"status\":\"201\",\"responseTime\":\"269.428\"}","timestamp":"2025-11-27T18:57:47.379Z"}
{"0":"6928997c696e5d9c996d304b","level":"\u001b[32minfo\u001b[39m","message":"Updated watch history: ","timestamp":"2025-11-27T18:57:47.793Z"}
{"level":"\u001b[32minfo\u001b[39m","message":"{\"method\":\"PATCH\",\"url\":\"/api/v1/users/history/add/6928997c696e5d9c996d304b\",\"status\":\"200\",\"responseTime\":\"404.439\"}","timestamp":"2025-11-27T18:57:47.794Z"}
{"level":"\u001b[32minfo\u001b[39m","message":"{\"method\":\"PATCH\",\"url\":\"/api/v1/videos/views/6928997c696e5d9c996d304b\",\"status\":\"200\",\"responseTime\":\"299.761\"}","timestamp":"2025-11-27T18:57:48.104Z"}
{"level":"\u001b[32minfo\u001b[39m","message":"{\"method\":\"GET\",\"url\":\"/api/v1/users/u/692891628b3cde57350a5bfa\",\"status\":\"304\",\"responseTime\":\"83.005\"}","timestamp":"2025-11-27T18:57:48.239Z"}
{"level":"\u001b[32minfo\u001b[39m","message":"{\"method\":\"GET\",\"url\":\"/api/v1/users/u/692894ab13409b594dc01248\",\"status\":\"304\",\"responseTime\":\"80.097\"}","timestamp":"2025-11-27T18:57:48.242Z"}
{"level":"\u001b[32minfo\u001b[39m","message":"{\"method\":\"GET\",\"url\":\"/api/v1/users/u/692891628b3cde57350a5bfa\",\"status\":\"304\",\"responseTime\":\"101.160\"}","timestamp":"2025-11-27T18:57:48.347Z"}
{"level":"\u001b[32minfo\u001b[39m","message":"{\"method\":\"GET\",\"url\":\"/api/v1/users/u/692894ab13409b594dc01248\",\"status\":\"304\",\"responseTime\":\"112.201\"}","timestamp":"2025-11-27T18:57:48.363Z"}
{"level":"\u001b[32minfo\u001b[39m","message":"{\"method\":\"GET\",\"url\":\"/api/v1/videos/6928997c696e5d9c996d304b\",\"status\":\"304\",\"responseTime\":\"162.184\"}","timestamp":"2025-11-27T18:59:39.741Z"}
{"level":"\u001b[32minfo\u001b[39m","message":"{\"method\":\"GET\",\"url\":\"/api/v1/like/v/6928997c696e5d9c996d304b\",\"status\":\"304\",\"responseTime\":\"106.493\"}","timestamp":"2025-11-27T18:59:39.857Z"}
{"level":"\u001b[32minfo\u001b[39m","message":"{\"method\":\"GET\",\"url\":\"/api/v1/comments/6928997c696e5d9c996d304b\",\"status\":\"201\",\"responseTime\":\"159.488\"}","timestamp":"2025-11-27T18:59:40.028Z"}
{"0":"6928997c696e5d9c996d304b","level":"\u001b[32minfo\u001b[39m","message":"Updated watch history: ","timestamp":"2025-11-27T18:59:40.245Z"}
{"level":"\u001b[32minfo\u001b[39m","message":"{\"method\":\"PATCH\",\"url\":\"/api/v1/users/history/add/6928997c696e5d9c996d304b\",\"status\":\"200\",\"responseTime\":\"206.054\"}","timestamp":"2025-11-27T18:59:40.246Z"}
{"level":"\u001b[32minfo\u001b[39m","message":"{\"method\":\"PATCH\",\"url\":\"/api/v1/videos/views/6928997c696e5d9c996d304b\",\"status\":\"200\",\"responseTime\":\"202.815\"}","timestamp":"2025-11-27T18:59:40.458Z"}
{"level":"\u001b[32minfo\u001b[39m","message":"{\"method\":\"GET\",\"url\":\"/api/v1/users/u/692894ab13409b594dc01248\",\"status\":\"304\",\"responseTime\":\"241.829\"}","timestamp":"2025-11-27T18:59:40.742Z"}
{"level":"\u001b[32minfo\u001b[39m","message":"{\"method\":\"GET\",\"url\":\"/api/v1/users/u/692891628b3cde57350a5bfa\",\"status\":\"304\",\"responseTime\":\"251.244\"}","timestamp":"2025-11-27T18:59:40.745Z"}
{"level":"\u001b[32minfo\u001b[39m","message":"{\"method\":\"GET\",\"url\":\"/api/v1/users/u/692894ab13409b594dc01248\",\"status\":\"304\",\"responseTime\":\"146.339\"}","timestamp":"2025-11-27T18:59:40.899Z"}
{"level":"\u001b[32minfo\u001b[39m","message":"{\"method\":\"GET\",\"url\":\"/api/v1/users/u/692891628b3cde57350a5bfa\",\"status\":\"304\",\"responseTime\":\"143.103\"}","timestamp":"2025-11-27T18:59:40.903Z"}
{"level":"\u001b[32minfo\u001b[39m","message":"{\"method\":\"GET\",\"url\":\"/api/v1/videos/6928997c696e5d9c996d304b\",\"status\":\"304\",\"responseTime\":\"290.013\"}","timestamp":"2025-11-27T19:00:23.866Z"}
{"level":"\u001b[32minfo\u001b[39m","message":"{\"method\":\"GET\",\"url\":\"/api/v1/like/v/6928997c696e5d9c996d304b\",\"status\":\"304\",\"responseTime\":\"209.765\"}","timestamp":"2025-11-27T19:00:24.087Z"}
{"level":"\u001b[32minfo\u001b[39m","message":"{\"method\":\"GET\",\"url\":\"/api/v1/comments/6928997c696e5d9c996d304b\",\"status\":\"201\",\"responseTime\":\"240.185\"}","timestamp":"2025-11-27T19:00:24.338Z"}
{"0":"6928997c696e5d9c996d304b","level":"\u001b[32minfo\u001b[39m","message":"Updated watch history: ","timestamp":"2025-11-27T19:00:24.774Z"}
{"level":"\u001b[32minfo\u001b[39m","message":"{\"method\":\"PATCH\",\"url\":\"/api/v1/users/history/add/6928997c696e5d9c996d304b\",\"status\":\"200\",\"responseTime\":\"427.346\"}","timestamp":"2025-11-27T19:00:24.776Z"}
{"level":"\u001b[32minfo\u001b[39m","message":"{\"method\":\"PATCH\",\"url\":\"/api/v1/videos/views/6928997c696e5d9c996d304b\",\"status\":\"200\",\"responseTime\":\"235.679\"}","timestamp":"2025-11-27T19:00:25.029Z"}
{"level":"\u001b[32minfo\u001b[39m","message":"{\"method\":\"GET\",\"url\":\"/api/v1/users/u/692891628b3cde57350a5bfa\",\"status\":\"304\",\"responseTime\":\"162.017\"}","timestamp":"2025-11-27T19:00:25.269Z"}
{"level":"\u001b[32minfo\u001b[39m","message":"{\"method\":\"GET\",\"url\":\"/api/v1/users/u/692894ab13409b594dc01248\",\"status\":\"304\",\"responseTime\":\"141.929\"}","timestamp":"2025-11-27T19:00:25.272Z"}
{"level":"\u001b[32minfo\u001b[39m","message":"{\"method\":\"GET\",\"url\":\"/api/v1/users/u/692891628b3cde57350a5bfa\",\"status\":\"304\",\"responseTime\":\"125.859\"}","timestamp":"2025-11-27T19:00:25.404Z"}
{"level":"\u001b[32minfo\u001b[39m","message":"{\"method\":\"GET\",\"url\":\"/api/v1/users/u/692894ab13409b594dc01248\",\"status\":\"304\",\"responseTime\":\"122.392\"}","timestamp":"2025-11-27T19:00:25.408Z"}
{"level":"\u001b[32minfo\u001b[39m","message":"{\"method\":\"POST\",\"url\":\"/api/v1/subscriptions/c/692891628b3cde57350a5bfa\",\"status\":\"201\",\"responseTime\":\"480.032\"}","timestamp":"2025-11-27T19:00:53.657Z"}
{"level":"\u001b[32minfo\u001b[39m","message":"{\"method\":\"POST\",\"url\":\"/api/v1/subscriptions/c/692891628b3cde57350a5bfa\",\"status\":\"200\",\"responseTime\":\"365.297\"}","timestamp":"2025-11-27T19:00:56.323Z"}
{"level":"\u001b[32minfo\u001b[39m","message":"{\"method\":\"POST\",\"url\":\"/api/v1/like/c/69289c88a5b9930b138d1bd6\",\"status\":\"200\",\"responseTime\":\"382.206\"}","timestamp":"2025-11-27T19:00:58.985Z"}
{"level":"\u001b[32minfo\u001b[39m","message":"{\"method\":\"POST\",\"url\":\"/api/v1/like/c/69289c88a5b9930b138d1bd6\",\"status\":\"200\",\"responseTime\":\"523.926\"}","timestamp":"2025-11-27T19:01:01.031Z"}
{"level":"\u001b[32minfo\u001b[39m","message":"{\"method\":\"POST\",\"url\":\"/api/v1/like/c/69289c88a5b9930b138d1bd6\",\"status\":\"200\",\"responseTime\":\"431.083\"}","timestamp":"2025-11-27T19:01:04.070Z"}
{"level":"\u001b[32minfo\u001b[39m","message":"{\"method\":\"GET\",\"url\":\"/api/v1/videos/6928997c696e5d9c996d304b\",\"status\":\"304\",\"responseTime\":\"114.241\"}","timestamp":"2025-11-27T19:04:51.687Z"}
{"level":"\u001b[32minfo\u001b[39m","message":"{\"method\":\"GET\",\"url\":\"/api/v1/like/v/6928997c696e5d9c996d304b\",\"status\":\"304\",\"responseTime\":\"265.566\"}","timestamp":"2025-11-27T19:04:51.960Z"}
{"level":"\u001b[32minfo\u001b[39m","message":"{\"method\":\"GET\",\"url\":\"/api/v1/comments/6928997c696e5d9c996d304b\",\"status\":\"201\",\"responseTime\":\"161.188\"}","timestamp":"2025-11-27T19:04:52.138Z"}
{"0":"6928997c696e5d9c996d304b","level":"\u001b[32minfo\u001b[39m","message":"Updated watch history: ","timestamp":"2025-11-27T19:04:52.451Z"}
{"level":"\u001b[32minfo\u001b[39m","message":"{\"method\":\"PATCH\",\"url\":\"/api/v1/users/history/add/6928997c696e5d9c996d304b\",\"status\":\"200\",\"responseTime\":\"304.481\"}","timestamp":"2025-11-27T19:04:52.453Z"}
{"level":"\u001b[32minfo\u001b[39m","message":"{\"method\":\"PATCH\",\"url\":\"/api/v1/videos/views/6928997c696e5d9c996d304b\",\"status\":\"200\",\"responseTime\":\"172.979\"}","timestamp":"2025-11-27T19:04:52.638Z"}
{"level":"\u001b[32minfo\u001b[39m","message":"{\"method\":\"GET\",\"url\":\"/api/v1/users/u/692891628b3cde57350a5bfa\",\"status\":\"304\",\"responseTime\":\"72.115\"}","timestamp":"2025-11-27T19:04:52.731Z"}
{"level":"\u001b[32minfo\u001b[39m","message":"{\"method\":\"GET\",\"url\":\"/api/v1/users/u/692894ab13409b594dc01248\",\"status\":\"304\",\"responseTime\":\"81.948\"}","timestamp":"2025-11-27T19:04:52.742Z"}
{"level":"\u001b[32minfo\u001b[39m","message":"{\"method\":\"GET\",\"url\":\"/api/v1/users/u/692891628b3cde57350a5bfa\",\"status\":\"304\",\"responseTime\":\"68.201\"}","timestamp":"2025-11-27T19:04:52.806Z"}
{"level":"\u001b[32minfo\u001b[39m","message":"{\"method\":\"GET\",\"url\":\"/api/v1/users/u/692894ab13409b594dc01248\",\"status\":\"304\",\"responseTime\":\"69.687\"}","timestamp":"2025-11-27T19:04:52.816Z"}
{"level":"\u001b[32minfo\u001b[39m","message":"{\"method\":\"GET\",\"url\":\"/api/v1/videos/\",\"status\":\"200\",\"responseTime\":\"76.674\"}","timestamp":"2025-11-27T19:05:07.177Z"}
{"level":"\u001b[32minfo\u001b[39m","message":"{\"method\":\"GET\",\"url\":\"/api/v1/tweets/\",\"status\":\"304\",\"responseTime\":\"73.852\"}","timestamp":"2025-11-27T19:05:07.191Z"}
{"level":"\u001b[32minfo\u001b[39m","message":"{\"method\":\"GET\",\"url\":\"/api/v1/videos/\",\"status\":\"304\",\"responseTime\":\"79.191\"}","timestamp":"2025-11-27T19:05:07.263Z"}
{"level":"\u001b[32minfo\u001b[39m","message":"{\"method\":\"GET\",\"url\":\"/api/v1/tweets/\",\"status\":\"304\",\"responseTime\":\"67.533\"}","timestamp":"2025-11-27T19:05:07.266Z"}
{"level":"\u001b[32minfo\u001b[39m","message":"{\"method\":\"GET\",\"url\":\"/api/v1/users/u/692891628b3cde57350a5bfa\",\"status\":\"304\",\"responseTime\":\"75.329\"}","timestamp":"2025-11-27T19:05:07.293Z"}
{"level":"\u001b[32minfo\u001b[39m","message":"{\"method\":\"GET\",\"url\":\"/api/v1/users/u/692891ae8b3cde57350a5bfe\",\"status\":\"304\",\"responseTime\":\"78.339\"}","timestamp":"2025-11-27T19:05:07.309Z"}
{"level":"\u001b[32minfo\u001b[39m","message":"{\"method\":\"GET\",\"url\":\"/api/v1/users/u/692891628b3cde57350a5bfa\",\"status\":\"304\",\"responseTime\":\"78.527\"}","timestamp":"2025-11-27T19:05:07.380Z"}
{"level":"\u001b[32minfo\u001b[39m","message":"{\"method\":\"GET\",\"url\":\"/api/v1/users/u/692891ae8b3cde57350a5bfe\",\"status\":\"304\",\"responseTime\":\"76.037\"}","timestamp":"2025-11-27T19:05:07.395Z"}
{"level":"\u001b[32minfo\u001b[39m","message":"{\"method\":\"GET\",\"url\":\"/api/v1/users/u/692891628b3cde57350a5bfa\",\"status\":\"304\",\"responseTime\":\"172.642\"}","timestamp":"2025-11-27T19:05:07.575Z"}
{"level":"\u001b[32minfo\u001b[39m","message":"{\"method\":\"GET\",\"url\":\"/api/v1/users/u/692891628b3cde57350a5bfa\",\"status\":\"304\",\"responseTime\":\"142.545\"}","timestamp":"2025-11-27T19:05:07.725Z"}
{"level":"\u001b[32minfo\u001b[39m","message":"{\"method\":\"PATCH\",\"url\":\"/api/v1/users/theme\",\"status\":\"200\",\"responseTime\":\"129.364\"}","timestamp":"2025-11-27T19:06:14.288Z"}
{"level":"\u001b[32minfo\u001b[39m","message":"{\"method\":\"GET\",\"url\":\"/api/v1/users/u/692891ae8b3cde57350a5bfe\",\"status\":\"304\",\"responseTime\":\"132.794\"}","timestamp":"2025-11-27T19:06:14.290Z"}
{"level":"\u001b[32minfo\u001b[39m","message":"{\"method\":\"GET\",\"url\":\"/api/v1/users/u/692891628b3cde57350a5bfa\",\"status\":\"304\",\"responseTime\":\"135.756\"}","timestamp":"2025-11-27T19:06:14.293Z"}
{"level":"\u001b[32minfo\u001b[39m","message":"{\"method\":\"GET\",\"url\":\"/api/v1/videos/\",\"status\":\"304\",\"responseTime\":\"138.576\"}","timestamp":"2025-11-27T19:06:14.297Z"}
{"level":"\u001b[32minfo\u001b[39m","message":"{\"method\":\"GET\",\"url\":\"/api/v1/users/u/692891628b3cde57350a5bfa\",\"status\":\"304\",\"responseTime\":\"83.028\"}","timestamp":"2025-11-27T19:06:14.392Z"}
{"level":"\u001b[32minfo\u001b[39m","message":"{\"method\":\"GET\",\"url\":\"/api/v1/tweets/\",\"status\":\"304\",\"responseTime\":\"539.395\"}","timestamp":"2025-11-27T19:06:14.697Z"}
{"level":"\u001b[32minfo\u001b[39m","message":"{\"method\":\"GET\",\"url\":\"/api/v1/users/u/692891628b3cde57350a5bfa\",\"status\":\"304\",\"responseTime\":\"190.698\"}","timestamp":"2025-11-27T19:06:14.903Z"}
{"level":"\u001b[32minfo\u001b[39m","message":"{\"method\":\"GET\",\"url\":\"/api/v1/users/u/692891ae8b3cde57350a5bfe\",\"status\":\"304\",\"responseTime\":\"192.160\"}","timestamp":"2025-11-27T19:06:14.905Z"}
{"level":"\u001b[32minfo\u001b[39m","message":"{\"method\":\"GET\",\"url\":\"/api/v1/users/u/692891ae8b3cde57350a5bfe\",\"status\":\"304\",\"responseTime\":\"190.527\"}","timestamp":"2025-11-27T19:06:15.107Z"}
{"level":"\u001b[32minfo\u001b[39m","message":"{\"method\":\"GET\",\"url\":\"/api/v1/users/u/692891628b3cde57350a5bfa\",\"status\":\"304\",\"responseTime\":\"198.703\"}","timestamp":"2025-11-27T19:06:15.109Z"}
{"level":"\u001b[32minfo\u001b[39m","message":"{\"method\":\"GET\",\"url\":\"/api/v1/users/u/692891628b3cde57350a5bfa\",\"status\":\"304\",\"responseTime\":\"92.812\"}","timestamp":"2025-11-27T19:06:15.209Z"}
{"level":"\u001b[32minfo\u001b[39m","message":"{\"method\":\"GET\",\"url\":\"/api/v1/users/u/692891628b3cde57350a5bfa\",\"status\":\"304\",\"responseTime\":\"123.921\"}","timestamp":"2025-11-27T19:06:15.338Z"}
{"level":"\u001b[32minfo\u001b[39m","message":"{\"method\":\"GET\",\"url\":\"/api/v1/videos/692898da696e5d9c996d3046\",\"status\":\"200\",\"responseTime\":\"160.447\"}","timestamp":"2025-11-27T19:06:16.236Z"}
{"level":"\u001b[32minfo\u001b[39m","message":"{\"method\":\"GET\",\"url\":\"/api/v1/videos/692898da696e5d9c996d3046\",\"status\":\"304\",\"responseTime\":\"197.802\"}","timestamp":"2025-11-27T19:06:16.439Z"}
{"level":"\u001b[32minfo\u001b[39m","message":"{\"method\":\"GET\",\"url\":\"/api/v1/like/v/692898da696e5d9c996d3046\",\"status\":\"200\",\"responseTime\":\"251.351\"}","timestamp":"2025-11-27T19:06:16.499Z"}
{"level":"\u001b[32minfo\u001b[39m","message":"{\"method\":\"GET\",\"url\":\"/api/v1/comments/692898da696e5d9c996d3046\",\"status\":\"200\",\"responseTime\":\"200.805\"}","timestamp":"2025-11-27T19:06:16.711Z"}
{"level":"\u001b[32minfo\u001b[39m","message":"{\"method\":\"GET\",\"url\":\"/api/v1/like/v/692898da696e5d9c996d3046\",\"status\":\"304\",\"responseTime\":\"236.180\"}","timestamp":"2025-11-27T19:06:16.739Z"}
{"level":"\u001b[32minfo\u001b[39m","message":"{\"method\":\"GET\",\"url\":\"/api/v1/comments/692898da696e5d9c996d3046\",\"status\":\"304\",\"responseTime\":\"202.389\"}","timestamp":"2025-11-27T19:06:16.951Z"}
{"0":"692898da696e5d9c996d3046","1":"6928997c696e5d9c996d304b","level":"\u001b[32minfo\u001b[39m","message":"Updated watch history: ","timestamp":"2025-11-27T19:06:17.053Z"}
{"level":"\u001b[32minfo\u001b[39m","message":"{\"method\":\"PATCH\",\"url\":\"/api/v1/users/history/add/692898da696e5d9c996d3046\",\"status\":\"200\",\"responseTime\":\"333.081\"}","timestamp":"2025-11-27T19:06:17.054Z"}
{"0":"692898da696e5d9c996d3046","1":"6928997c696e5d9c996d304b","level":"\u001b[32minfo\u001b[39m","message":"Updated watch history: ","timestamp":"2025-11-27T19:06:17.150Z"}
{"level":"\u001b[32minfo\u001b[39m","message":"{\"method\":\"PATCH\",\"url\":\"/api/v1/users/history/add/692898da696e5d9c996d3046\",\"status\":\"200\",\"responseTime\":\"189.482\"}","timestamp":"2025-11-27T19:06:17.151Z"}
{"level":"\u001b[32minfo\u001b[39m","message":"{\"method\":\"PATCH\",\"url\":\"/api/v1/videos/views/692898da696e5d9c996d3046\",\"status\":\"200\",\"responseTime\":\"103.929\"}","timestamp":"2025-11-27T19:06:17.167Z"}
{"level":"\u001b[32minfo\u001b[39m","message":"{\"method\":\"GET\",\"url\":\"/api/v1/users/u/692891628b3cde57350a5bfa\",\"status\":\"304\",\"responseTime\":\"68.810\"}","timestamp":"2025-11-27T19:06:17.281Z"}
{"level":"\u001b[32minfo\u001b[39m","message":"{\"method\":\"PATCH\",\"url\":\"/api/v1/videos/views/692898da696e5d9c996d3046\",\"status\":\"200\",\"responseTime\":\"125.114\"}","timestamp":"2025-11-27T19:06:17.284Z"}
{"level":"\u001b[32minfo\u001b[39m","message":"{\"method\":\"GET\",\"url\":\"/api/v1/users/u/692891628b3cde57350a5bfa\",\"status\":\"304\",\"responseTime\":\"90.347\"}","timestamp":"2025-11-27T19:06:17.377Z"}
{"level":"\u001b[32minfo\u001b[39m","message":"{\"method\":\"POST\",\"url\":\"/api/v1/like/v/692898da696e5d9c996d3046\",\"status\":\"200\",\"responseTime\":\"395.133\"}","timestamp":"2025-11-27T19:06:23.197Z"}
{"level":"\u001b[32minfo\u001b[39m","message":"{\"method\":\"POST\",\"url\":\"/api/v1/comments/692898da696e5d9c996d3046\",\"status\":\"201\",\"responseTime\":\"230.094\"}","timestamp":"2025-11-27T19:06:33.923Z"}
{"level":"\u001b[32minfo\u001b[39m","message":"{\"method\":\"GET\",\"url\":\"/api/v1/comments/692898da696e5d9c996d3046\",\"status\":\"201\",\"responseTime\":\"301.094\"}","timestamp":"2025-11-27T19:06:34.235Z"}
{"level":"\u001b[32minfo\u001b[39m","message":"{\"method\":\"GET\",\"url\":\"/api/v1/users/u/692894ab13409b594dc01248\",\"status\":\"304\",\"responseTime\":\"84.396\"}","timestamp":"2025-11-27T19:06:34.339Z"}
{"level":"\u001b[32minfo\u001b[39m","message":"{\"method\":\"GET\",\"url\":\"/api/v1/users/u/692894ab13409b594dc01248\",\"status\":\"304\",\"responseTime\":\"117.969\"}","timestamp":"2025-11-27T19:06:34.464Z"}
{"level":"\u001b[32minfo\u001b[39m","message":"{\"method\":\"POST\",\"url\":\"/api/v1/like/c/6928a139a5b9930b138d1cc2\",\"status\":\"200\",\"responseTime\":\"266.789\"}","timestamp":"2025-11-27T19:06:37.636Z"}
{"level":"\u001b[32minfo\u001b[39m","message":"{\"method\":\"GET\",\"url\":\"/api/v1/users/current-user\",\"status\":\"200\",\"responseTime\":\"93.847\"}","timestamp":"2025-11-27T19:06:40.197Z"}
{"level":"\u001b[32minfo\u001b[39m","message":"{\"method\":\"GET\",\"url\":\"/api/v1/users/current-user\",\"status\":\"304\",\"responseTime\":\"93.287\"}","timestamp":"2025-11-27T19:06:40.299Z"}
{"level":"\u001b[32minfo\u001b[39m","message":"{\"method\":\"GET\",\"url\":\"/api/v1/users/theme\",\"status\":\"200\",\"responseTime\":\"80.250\"}","timestamp":"2025-11-27T19:06:40.301Z"}
{"level":"\u001b[32minfo\u001b[39m","message":"{\"method\":\"GET\",\"url\":\"/api/v1/users/theme\",\"status\":\"304\",\"responseTime\":\"47.579\"}","timestamp":"2025-11-27T19:06:40.357Z"}
{"level":"\u001b[32minfo\u001b[39m","message":"{\"method\":\"GET\",\"url\":\"/api/v1/videos/692898da696e5d9c996d3046\",\"status\":\"200\",\"responseTime\":\"160.952\"}","timestamp":"2025-11-27T19:06:40.505Z"}
{"level":"\u001b[32minfo\u001b[39m","message":"{\"method\":\"GET\",\"url\":\"/api/v1/videos/692898da696e5d9c996d3046\",\"status\":\"304\",\"responseTime\":\"156.546\"}","timestamp":"2025-11-27T19:06:40.667Z"}
{"level":"\u001b[32minfo\u001b[39m","message":"{\"method\":\"GET\",\"url\":\"/api/v1/like/v/692898da696e5d9c996d3046\",\"status\":\"200\",\"responseTime\":\"209.875\"}","timestamp":"2025-11-27T19:06:40.724Z"}
{"level":"\u001b[32minfo\u001b[39m","message":"{\"method\":\"GET\",\"url\":\"/api/v1/comments/692898da696e5d9c996d3046\",\"status\":\"201\",\"responseTime\":\"282.349\"}","timestamp":"2025-11-27T19:06:41.016Z"}
{"level":"\u001b[32minfo\u001b[39m","message":"{\"method\":\"GET\",\"url\":\"/api/v1/like/v/692898da696e5d9c996d3046\",\"status\":\"304\",\"responseTime\":\"289.721\"}","timestamp":"2025-11-27T19:06:41.018Z"}
{"level":"\u001b[32minfo\u001b[39m","message":"{\"method\":\"GET\",\"url\":\"/api/v1/comments/692898da696e5d9c996d3046\",\"status\":\"201\",\"responseTime\":\"289.579\"}","timestamp":"2025-11-27T19:06:41.325Z"}
{"0":"692898da696e5d9c996d3046","1":"6928997c696e5d9c996d304b","level":"\u001b[32minfo\u001b[39m","message":"Updated watch history: ","timestamp":"2025-11-27T19:06:41.381Z"}
{"level":"\u001b[32minfo\u001b[39m","message":"{\"method\":\"PATCH\",\"url\":\"/api/v1/users/history/add/692898da696e5d9c996d3046\",\"status\":\"200\",\"responseTime\":\"355.095\"}","timestamp":"2025-11-27T19:06:41.382Z"}
{"0":"692898da696e5d9c996d3046","1":"6928997c696e5d9c996d304b","level":"\u001b[32minfo\u001b[39m","message":"Updated watch history: ","timestamp":"2025-11-27T19:06:41.732Z"}
{"level":"\u001b[32minfo\u001b[39m","message":"{\"method\":\"PATCH\",\"url\":\"/api/v1/users/history/add/692898da696e5d9c996d3046\",\"status\":\"200\",\"responseTime\":\"397.910\"}","timestamp":"2025-11-27T19:06:41.733Z"}
{"level":"\u001b[32minfo\u001b[39m","message":"{\"method\":\"PATCH\",\"url\":\"/api/v1/videos/views/692898da696e5d9c996d3046\",\"status\":\"200\",\"responseTime\":\"343.974\"}","timestamp":"2025-11-27T19:06:41.737Z"}
{"level":"\u001b[32minfo\u001b[39m","message":"{\"method\":\"GET\",\"url\":\"/api/v1/users/u/692891628b3cde57350a5bfa\",\"status\":\"304\",\"responseTime\":\"163.761\"}","timestamp":"2025-11-27T19:06:41.939Z"}
{"level":"\u001b[32minfo\u001b[39m","message":"{\"method\":\"GET\",\"url\":\"/api/v1/users/u/692894ab13409b594dc01248\",\"status\":\"304\",\"responseTime\":\"165.292\"}","timestamp":"2025-11-27T19:06:41.941Z"}
{"level":"\u001b[32minfo\u001b[39m","message":"{\"method\":\"PATCH\",\"url\":\"/api/v1/videos/views/692898da696e5d9c996d3046\",\"status\":\"200\",\"responseTime\":\"197.711\"}","timestamp":"2025-11-27T19:06:41.943Z"}
{"level":"\u001b[32minfo\u001b[39m","message":"{\"method\":\"GET\",\"url\":\"/api/v1/users/u/692894ab13409b594dc01248\",\"status\":\"304\",\"responseTime\":\"194.635\"}","timestamp":"2025-11-27T19:06:42.146Z"}
{"level":"\u001b[32minfo\u001b[39m","message":"{\"method\":\"GET\",\"url\":\"/api/v1/users/u/692891628b3cde57350a5bfa\",\"status\":\"304\",\"responseTime\":\"202.009\"}","timestamp":"2025-11-27T19:06:42.148Z"}
{"level":"\u001b[32minfo\u001b[39m","message":"{\"method\":\"GET\",\"url\":\"/api/v1/users/current-user\",\"status\":\"200\",\"responseTime\":\"95.790\"}","timestamp":"2025-11-27T19:06:47.570Z"}
{"level":"\u001b[32minfo\u001b[39m","message":"{\"method\":\"GET\",\"url\":\"/api/v1/users/current-user\",\"status\":\"304\",\"responseTime\":\"97.399\"}","timestamp":"2025-11-27T19:06:47.672Z"}
{"level":"\u001b[32minfo\u001b[39m","message":"{\"method\":\"GET\",\"url\":\"/api/v1/users/theme\",\"status\":\"304\",\"responseTime\":\"94.143\"}","timestamp":"2025-11-27T19:06:47.674Z"}
{"level":"\u001b[32minfo\u001b[39m","message":"{\"method\":\"GET\",\"url\":\"/api/v1/users/theme\",\"status\":\"304\",\"responseTime\":\"91.687\"}","timestamp":"2025-11-27T19:06:47.774Z"}
{"level":"\u001b[32minfo\u001b[39m","message":"{\"method\":\"GET\",\"url\":\"/api/v1/videos/692898da696e5d9c996d3046\",\"status\":\"304\",\"responseTime\":\"148.817\"}","timestamp":"2025-11-27T19:06:47.843Z"}
{"level":"\u001b[32minfo\u001b[39m","message":"{\"method\":\"GET\",\"url\":\"/api/v1/videos/692898da696e5d9c996d3046\",\"status\":\"304\",\"responseTime\":\"234.590\"}","timestamp":"2025-11-27T19:06:48.084Z"}
{"level":"\u001b[32minfo\u001b[39m","message":"{\"method\":\"GET\",\"url\":\"/api/v1/like/v/692898da696e5d9c996d3046\",\"status\":\"304\",\"responseTime\":\"280.377\"}","timestamp":"2025-11-27T19:06:48.135Z"}
{"level":"\u001b[32minfo\u001b[39m","message":"{\"method\":\"GET\",\"url\":\"/api/v1/like/v/692898da696e5d9c996d3046\",\"status\":\"304\",\"responseTime\":\"351.717\"}","timestamp":"2025-11-27T19:06:48.492Z"}
{"level":"\u001b[32minfo\u001b[39m","message":"{\"method\":\"GET\",\"url\":\"/api/v1/comments/692898da696e5d9c996d3046\",\"status\":\"201\",\"responseTime\":\"348.754\"}","timestamp":"2025-11-27T19:06:48.493Z"}
{"level":"\u001b[32minfo\u001b[39m","message":"{\"method\":\"GET\",\"url\":\"/api/v1/comments/692898da696e5d9c996d3046\",\"status\":\"201\",\"responseTime\":\"295.094\"}","timestamp":"2025-11-27T19:06:48.799Z"}
{"0":"692898da696e5d9c996d3046","1":"6928997c696e5d9c996d304b","level":"\u001b[32minfo\u001b[39m","message":"Updated watch history: ","timestamp":"2025-11-27T19:06:48.900Z"}
{"level":"\u001b[32minfo\u001b[39m","message":"{\"method\":\"PATCH\",\"url\":\"/api/v1/users/history/add/692898da696e5d9c996d3046\",\"status\":\"200\",\"responseTime\":\"396.985\"}","timestamp":"2025-11-27T19:06:48.901Z"}
{"level":"\u001b[32minfo\u001b[39m","message":"{\"method\":\"PATCH\",\"url\":\"/api/v1/videos/views/692898da696e5d9c996d3046\",\"status\":\"200\",\"responseTime\":\"229.907\"}","timestamp":"2025-11-27T19:06:49.139Z"}
{"0":"692898da696e5d9c996d3046","1":"6928997c696e5d9c996d304b","level":"\u001b[32minfo\u001b[39m","message":"Updated watch history: ","timestamp":"2025-11-27T19:06:49.141Z"}
{"level":"\u001b[32minfo\u001b[39m","message":"{\"method\":\"PATCH\",\"url\":\"/api/v1/users/history/add/692898da696e5d9c996d3046\",\"status\":\"200\",\"responseTime\":\"334.658\"}","timestamp":"2025-11-27T19:06:49.142Z"}
{"level":"\u001b[32minfo\u001b[39m","message":"{\"method\":\"GET\",\"url\":\"/api/v1/users/u/692894ab13409b594dc01248\",\"status\":\"304\",\"responseTime\":\"119.988\"}","timestamp":"2025-11-27T19:06:49.293Z"}
{"level":"\u001b[32minfo\u001b[39m","message":"{\"method\":\"PATCH\",\"url\":\"/api/v1/videos/views/692898da696e5d9c996d3046\",\"status\":\"200\",\"responseTime\":\"137.890\"}","timestamp":"2025-11-27T19:06:49.295Z"}
{"level":"\u001b[32minfo\u001b[39m","message":"{\"method\":\"GET\",\"url\":\"/api/v1/users/u/692891628b3cde57350a5bfa\",\"status\":\"304\",\"responseTime\":\"125.697\"}","timestamp":"2025-11-27T19:06:49.298Z"}
{"level":"\u001b[32minfo\u001b[39m","message":"{\"method\":\"GET\",\"url\":\"/api/v1/users/u/692894ab13409b594dc01248\",\"status\":\"304\",\"responseTime\":\"113.167\"}","timestamp":"2025-11-27T19:06:49.413Z"}
{"level":"\u001b[32minfo\u001b[39m","message":"{\"method\":\"GET\",\"url\":\"/api/v1/users/u/692891628b3cde57350a5bfa\",\"status\":\"304\",\"responseTime\":\"110.714\"}","timestamp":"2025-11-27T19:06:49.416Z"}
{"level":"\u001b[32minfo\u001b[39m","message":"{\"method\":\"POST\",\"url\":\"/api/v1/like/c/6928a139a5b9930b138d1cc2\",\"status\":\"200\",\"responseTime\":\"439.074\"}","timestamp":"2025-11-27T19:06:52.660Z"}
{"level":"\u001b[32minfo\u001b[39m","message":"{\"method\":\"POST\",\"url\":\"/api/v1/like/c/6928a139a5b9930b138d1cc2\",\"status\":\"200\",\"responseTime\":\"359.366\"}","timestamp":"2025-11-27T19:06:54.899Z"}
{"level":"\u001b[32minfo\u001b[39m","message":"{\"method\":\"GET\",\"url\":\"/api/v1/users/current-user\",\"status\":\"200\",\"responseTime\":\"50.329\"}","timestamp":"2025-11-27T19:07:11.400Z"}
{"level":"\u001b[32minfo\u001b[39m","message":"{\"method\":\"GET\",\"url\":\"/api/v1/users/current-user\",\"status\":\"304\",\"responseTime\":\"134.391\"}","timestamp":"2025-11-27T19:07:11.540Z"}
{"level":"\u001b[32minfo\u001b[39m","message":"{\"method\":\"GET\",\"url\":\"/api/v1/users/theme\",\"status\":\"304\",\"responseTime\":\"129.558\"}","timestamp":"2025-11-27T19:07:11.542Z"}
{"level":"\u001b[32minfo\u001b[39m","message":"{\"method\":\"GET\",\"url\":\"/api/v1/users/theme\",\"status\":\"304\",\"responseTime\":\"42.605\"}","timestamp":"2025-11-27T19:07:11.592Z"}
{"level":"\u001b[32minfo\u001b[39m","message":"{\"method\":\"GET\",\"url\":\"/api/v1/videos/692898da696e5d9c996d3046\",\"status\":\"304\",\"responseTime\":\"141.320\"}","timestamp":"2025-11-27T19:07:11.715Z"}
{"level":"\u001b[32minfo\u001b[39m","message":"{\"method\":\"GET\",\"url\":\"/api/v1/videos/692898da696e5d9c996d3046\",\"status\":\"304\",\"responseTime\":\"180.513\"}","timestamp":"2025-11-27T19:07:11.899Z"}
{"level":"\u001b[32minfo\u001b[39m","message":"{\"method\":\"GET\",\"url\":\"/api/v1/like/v/692898da696e5d9c996d3046\",\"status\":\"304\",\"responseTime\":\"224.534\"}","timestamp":"2025-11-27T19:07:11.949Z"}
{"level":"\u001b[32minfo\u001b[39m","message":"{\"method\":\"GET\",\"url\":\"/api/v1/comments/692898da696e5d9c996d3046\",\"status\":\"201\",\"responseTime\":\"194.306\"}","timestamp":"2025-11-27T19:07:12.155Z"}
{"level":"\u001b[32minfo\u001b[39m","message":"{\"method\":\"GET\",\"url\":\"/api/v1/like/v/692898da696e5d9c996d3046\",\"status\":\"304\",\"responseTime\":\"202.078\"}","timestamp":"2025-11-27T19:07:12.158Z"}
{"level":"\u001b[32minfo\u001b[39m","message":"{\"method\":\"GET\",\"url\":\"/api/v1/comments/692898da696e5d9c996d3046\",\"status\":\"201\",\"responseTime\":\"295.441\"}","timestamp":"2025-11-27T19:07:12.466Z"}
{"0":"692898da696e5d9c996d3046","1":"6928997c696e5d9c996d304b","level":"\u001b[32minfo\u001b[39m","message":"Updated watch history: ","timestamp":"2025-11-27T19:07:12.498Z"}
{"level":"\u001b[32minfo\u001b[39m","message":"{\"method\":\"PATCH\",\"url\":\"/api/v1/users/history/add/692898da696e5d9c996d3046\",\"status\":\"200\",\"responseTime\":\"333.948\"}","timestamp":"2025-11-27T19:07:12.500Z"}
{"level":"\u001b[32minfo\u001b[39m","message":"{\"method\":\"PATCH\",\"url\":\"/api/v1/videos/views/692898da696e5d9c996d3046\",\"status\":\"200\",\"responseTime\":\"105.289\"}","timestamp":"2025-11-27T19:07:12.615Z"}
{"0":"692898da696e5d9c996d3046","1":"6928997c696e5d9c996d304b","level":"\u001b[32minfo\u001b[39m","message":"Updated watch history: ","timestamp":"2025-11-27T19:07:12.653Z"}
{"level":"\u001b[32minfo\u001b[39m","message":"{\"method\":\"PATCH\",\"url\":\"/api/v1/users/history/add/692898da696e5d9c996d3046\",\"status\":\"200\",\"responseTime\":\"174.925\"}","timestamp":"2025-11-27T19:07:12.654Z"}
{"level":"\u001b[32minfo\u001b[39m","message":"{\"method\":\"GET\",\"url\":\"/api/v1/users/u/692891628b3cde57350a5bfa\",\"status\":\"304\",\"responseTime\":\"65.311\"}","timestamp":"2025-11-27T19:07:12.706Z"}
{"level":"\u001b[32minfo\u001b[39m","message":"{\"method\":\"GET\",\"url\":\"/api/v1/users/u/692894ab13409b594dc01248\",\"status\":\"304\",\"responseTime\":\"65.319\"}","timestamp":"2025-11-27T19:07:12.710Z"}
{"level":"\u001b[32minfo\u001b[39m","message":"{\"method\":\"PATCH\",\"url\":\"/api/v1/videos/views/692898da696e5d9c996d3046\",\"status\":\"200\",\"responseTime\":\"96.090\"}","timestamp":"2025-11-27T19:07:12.760Z"}
{"level":"\u001b[32minfo\u001b[39m","message":"{\"method\":\"GET\",\"url\":\"/api/v1/users/u/692891628b3cde57350a5bfa\",\"status\":\"304\",\"responseTime\":\"107.349\"}","timestamp":"2025-11-27T19:07:12.820Z"}
{"level":"\u001b[32minfo\u001b[39m","message":"{\"method\":\"GET\",\"url\":\"/api/v1/users/u/692894ab13409b594dc01248\",\"status\":\"304\",\"responseTime\":\"105.895\"}","timestamp":"2025-11-27T19:07:12.823Z"}
{"level":"\u001b[32minfo\u001b[39m","message":"Environment variables loaded from .env file","timestamp":"2025-11-27T19:09:54.440Z"}
{"level":"\u001b[32minfo\u001b[39m","message":"Connecting to the database...","timestamp":"2025-11-27T19:09:54.444Z"}
{"level":"\u001b[32minfo\u001b[39m","message":"Connected to the database successfully \n Database Name: vidtube \n Host: ac-umfmukq-shard-00-01.vu6akeu.mongodb.net \n Port: 27017","timestamp":"2025-11-27T19:09:55.377Z"}
{"level":"\u001b[32minfo\u001b[39m","message":"Server is running on port 3000","timestamp":"2025-11-27T19:09:55.382Z"}
{"level":"\u001b[32minfo\u001b[39m","message":"{\"method\":\"GET\",\"url\":\"/api/v1/videos/692898da696e5d9c996d3046\",\"status\":\"304\",\"responseTime\":\"192.865\"}","timestamp":"2025-11-27T19:09:57.764Z"}
{"level":"\u001b[32minfo\u001b[39m","message":"{\"method\":\"GET\",\"url\":\"/api/v1/like/v/692898da696e5d9c996d3046\",\"status\":\"304\",\"responseTime\":\"275.093\"}","timestamp":"2025-11-27T19:09:58.049Z"}
{"level":"\u001b[32minfo\u001b[39m","message":"{\"method\":\"GET\",\"url\":\"/api/v1/comments/692898da696e5d9c996d3046\",\"status\":\"201\",\"responseTime\":\"302.129\"}","timestamp":"2025-11-27T19:09:58.364Z"}
{"0":"692898da696e5d9c996d3046","1":"6928997c696e5d9c996d304b","level":"\u001b[32minfo\u001b[39m","message":"Updated watch history: ","timestamp":"2025-11-27T19:09:58.629Z"}
{"level":"\u001b[32minfo\u001b[39m","message":"{\"method\":\"PATCH\",\"url\":\"/api/v1/users/history/add/692898da696e5d9c996d3046\",\"status\":\"200\",\"responseTime\":\"256.612\"}","timestamp":"2025-11-27T19:09:58.632Z"}
{"level":"\u001b[32minfo\u001b[39m","message":"{\"method\":\"PATCH\",\"url\":\"/api/v1/videos/views/692898da696e5d9c996d3046\",\"status\":\"200\",\"responseTime\":\"118.318\"}","timestamp":"2025-11-27T19:09:58.767Z"}
{"level":"\u001b[32minfo\u001b[39m","message":"{\"method\":\"GET\",\"url\":\"/api/v1/users/u/692894ab13409b594dc01248\",\"status\":\"304\",\"responseTime\":\"185.373\"}","timestamp":"2025-11-27T19:09:58.979Z"}
{"level":"\u001b[32minfo\u001b[39m","message":"{\"method\":\"GET\",\"url\":\"/api/v1/users/u/692891628b3cde57350a5bfa\",\"status\":\"304\",\"responseTime\":\"190.472\"}","timestamp":"2025-11-27T19:09:58.983Z"}
{"level":"\u001b[32minfo\u001b[39m","message":"{\"method\":\"GET\",\"url\":\"/api/v1/users/u/692894ab13409b594dc01248\",\"status\":\"304\",\"responseTime\":\"189.630\"}","timestamp":"2025-11-27T19:09:59.177Z"}
{"level":"\u001b[32minfo\u001b[39m","message":"{\"method\":\"GET\",\"url\":\"/api/v1/users/u/692891628b3cde57350a5bfa\",\"status\":\"304\",\"responseTime\":\"189.069\"}","timestamp":"2025-11-27T19:09:59.184Z"}
{"level":"\u001b[32minfo\u001b[39m","message":"{\"method\":\"GET\",\"url\":\"/api/v1/users/current-user\",\"status\":\"200\",\"responseTime\":\"82.916\"}","timestamp":"2025-11-27T19:10:55.447Z"}
{"level":"\u001b[32minfo\u001b[39m","message":"{\"method\":\"GET\",\"url\":\"/api/v1/users/current-user\",\"status\":\"304\",\"responseTime\":\"33.280\"}","timestamp":"2025-11-27T19:10:55.484Z"}
{"level":"\u001b[32minfo\u001b[39m","message":"{\"method\":\"GET\",\"url\":\"/api/v1/users/theme\",\"status\":\"304\",\"responseTime\":\"35.907\"}","timestamp":"2025-11-27T19:10:55.493Z"}
{"level":"\u001b[32minfo\u001b[39m","message":"{\"method\":\"GET\",\"url\":\"/api/v1/users/theme\",\"status\":\"304\",\"responseTime\":\"39.438\"}","timestamp":"2025-11-27T19:10:55.537Z"}
{"level":"\u001b[32minfo\u001b[39m","message":"{\"method\":\"GET\",\"url\":\"/api/v1/videos/692898da696e5d9c996d3046\",\"status\":\"304\",\"responseTime\":\"80.044\"}","timestamp":"2025-11-27T19:10:55.599Z"}
{"level":"\u001b[32minfo\u001b[39m","message":"{\"method\":\"GET\",\"url\":\"/api/v1/videos/692898da696e5d9c996d3046\",\"status\":\"304\",\"responseTime\":\"146.482\"}","timestamp":"2025-11-27T19:10:55.750Z"}
{"level":"\u001b[32minfo\u001b[39m","message":"{\"method\":\"GET\",\"url\":\"/api/v1/like/v/692898da696e5d9c996d3046\",\"status\":\"304\",\"responseTime\":\"192.876\"}","timestamp":"2025-11-27T19:10:55.802Z"}
{"level":"\u001b[32minfo\u001b[39m","message":"{\"method\":\"GET\",\"url\":\"/api/v1/like/v/692898da696e5d9c996d3046\",\"status\":\"304\",\"responseTime\":\"120.288\"}","timestamp":"2025-11-27T19:10:55.927Z"}
{"level":"\u001b[32minfo\u001b[39m","message":"{\"method\":\"GET\",\"url\":\"/api/v1/comments/692898da696e5d9c996d3046\",\"status\":\"201\",\"responseTime\":\"119.265\"}","timestamp":"2025-11-27T19:10:55.931Z"}
{"level":"\u001b[32minfo\u001b[39m","message":"{\"method\":\"GET\",\"url\":\"/api/v1/comments/692898da696e5d9c996d3046\",\"status\":\"201\",\"responseTime\":\"179.221\"}","timestamp":"2025-11-27T19:10:56.116Z"}
{"0":"692898da696e5d9c996d3046","1":"6928997c696e5d9c996d304b","level":"\u001b[32minfo\u001b[39m","message":"Updated watch history: ","timestamp":"2025-11-27T19:10:56.218Z"}
{"level":"\u001b[32minfo\u001b[39m","message":"{\"method\":\"PATCH\",\"url\":\"/api/v1/users/history/add/692898da696e5d9c996d3046\",\"status\":\"200\",\"responseTime\":\"278.481\"}","timestamp":"2025-11-27T19:10:56.221Z"}
{"0":"692898da696e5d9c996d3046","1":"6928997c696e5d9c996d304b","level":"\u001b[32minfo\u001b[39m","message":"Updated watch history: ","timestamp":"2025-11-27T19:10:56.525Z"}
{"level":"\u001b[32minfo\u001b[39m","message":"{\"method\":\"PATCH\",\"url\":\"/api/v1/users/history/add/692898da696e5d9c996d3046\",\"status\":\"200\",\"responseTime\":\"400.642\"}","timestamp":"2025-11-27T19:10:56.526Z"}
{"level":"\u001b[32minfo\u001b[39m","message":"{\"method\":\"PATCH\",\"url\":\"/api/v1/videos/views/692898da696e5d9c996d3046\",\"status\":\"200\",\"responseTime\":\"299.142\"}","timestamp":"2025-11-27T19:10:56.529Z"}
{"level":"\u001b[32minfo\u001b[39m","message":"{\"method\":\"GET\",\"url\":\"/api/v1/users/u/692891628b3cde57350a5bfa\",\"status\":\"304\",\"responseTime\":\"66.810\"}","timestamp":"2025-11-27T19:10:56.634Z"}
{"level":"\u001b[32minfo\u001b[39m","message":"{\"method\":\"GET\",\"url\":\"/api/v1/users/u/692894ab13409b594dc01248\",\"status\":\"304\",\"responseTime\":\"68.416\"}","timestamp":"2025-11-27T19:10:56.642Z"}
{"level":"\u001b[32minfo\u001b[39m","message":"{\"method\":\"PATCH\",\"url\":\"/api/v1/videos/views/692898da696e5d9c996d3046\",\"status\":\"200\",\"responseTime\":\"114.492\"}","timestamp":"2025-11-27T19:10:56.658Z"}
{"level":"\u001b[32minfo\u001b[39m","message":"{\"method\":\"GET\",\"url\":\"/api/v1/users/u/692891628b3cde57350a5bfa\",\"status\":\"304\",\"responseTime\":\"193.849\"}","timestamp":"2025-11-27T19:10:56.834Z"}
{"level":"\u001b[32minfo\u001b[39m","message":"{\"method\":\"GET\",\"url\":\"/api/v1/users/u/692894ab13409b594dc01248\",\"status\":\"304\",\"responseTime\":\"187.723\"}","timestamp":"2025-11-27T19:10:56.836Z"}
{"level":"\u001b[32minfo\u001b[39m","message":"Environment variables loaded from .env file","timestamp":"2025-11-28T18:47:34.997Z"}
{"level":"\u001b[32minfo\u001b[39m","message":"Connecting to the database...","timestamp":"2025-11-28T18:47:35.001Z"}
{"level":"\u001b[32minfo\u001b[39m","message":"Connected to the database successfully \n Database Name: vidtube \n Host: ac-umfmukq-shard-00-01.vu6akeu.mongodb.net \n Port: 27017","timestamp":"2025-11-28T18:47:36.193Z"}
{"level":"\u001b[32minfo\u001b[39m","message":"Server is running on port 3000","timestamp":"2025-11-28T18:47:36.199Z"}
{"level":"\u001b[32minfo\u001b[39m","message":"{\"method\":\"POST\",\"url\":\"/api/v1/users/login\",\"status\":\"200\",\"responseTime\":\"553.248\"}","timestamp":"2025-11-28T18:47:38.966Z"}
{"level":"\u001b[32minfo\u001b[39m","message":"{\"method\":\"GET\",\"url\":\"/api/v1/notifications/\",\"status\":\"200\",\"responseTime\":\"320.171\"}","timestamp":"2025-11-28T18:48:14.903Z"}
{"level":"\u001b[32minfo\u001b[39m","message":"{\"method\":\"GET\",\"url\":\"/api/v1/notifications/unread-count\",\"status\":\"200\",\"responseTime\":\"187.327\"}","timestamp":"2025-11-28T18:48:51.255Z"}
{"level":"\u001b[32minfo\u001b[39m","message":"{\"method\":\"PATCH\",\"url\":\"/api/v1/notifications/read\",\"status\":\"500\",\"responseTime\":\"68.441\"}","timestamp":"2025-11-28T18:49:15.939Z"}
{"level":"\u001b[32minfo\u001b[39m","message":"{\"method\":\"GET\",\"url\":\"/api/v1/videos/?page=1&limit=5&query=&userId=&sortBy=createdAt&sortType=asc\",\"status\":\"200\",\"responseTime\":\"186.133\"}","timestamp":"2025-11-28T18:50:19.634Z"}
{"level":"\u001b[32minfo\u001b[39m","message":"{\"method\":\"POST\",\"url\":\"/api/v1/like/v/692891ae8b3cde57350a5bfe\",\"status\":\"404\",\"responseTime\":\"212.855\"}","timestamp":"2025-11-28T18:51:00.393Z"}
{"level":"\u001b[32minfo\u001b[39m","message":"{\"method\":\"POST\",\"url\":\"/api/v1/like/v/6928961613409b594dc01255\",\"status\":\"200\",\"responseTime\":\"519.043\"}","timestamp":"2025-11-28T18:51:34.808Z"}
{"level":"\u001b[32minfo\u001b[39m","message":"{\"method\":\"POST\",\"url\":\"/api/v1/users/logout\",\"status\":\"200\",\"responseTime\":\"239.959\"}","timestamp":"2025-11-28T18:51:45.553Z"}
{"level":"\u001b[32minfo\u001b[39m","message":"{\"method\":\"POST\",\"url\":\"/api/v1/users/login\",\"status\":\"200\",\"responseTime\":\"431.484\"}","timestamp":"2025-11-28T18:51:51.290Z"}
{"level":"\u001b[32minfo\u001b[39m","message":"{\"method\":\"GET\",\"url\":\"/api/v1/notifications/\",\"status\":\"200\",\"responseTime\":\"426.397\"}","timestamp":"2025-11-28T18:52:00.301Z"}
{"level":"\u001b[32minfo\u001b[39m","message":"{\"method\":\"GET\",\"url\":\"/api/v1/notifications/unread-count\",\"status\":\"200\",\"responseTime\":\"157.291\"}","timestamp":"2025-11-28T18:52:06.616Z"}
{"level":"\u001b[32minfo\u001b[39m","message":"{\"method\":\"PATCH\",\"url\":\"/api/v1/notifications/read\",\"status\":\"200\",\"responseTime\":\"135.540\"}","timestamp":"2025-11-28T18:53:34.953Z"}
{"level":"\u001b[32minfo\u001b[39m","message":"{\"method\":\"DELETE\",\"url\":\"/api/v1/notifications/delete/6929ef3626e038a2dec3134b\",\"status\":\"200\",\"responseTime\":\"105.597\"}","timestamp":"2025-11-28T18:54:11.180Z"}
{"level":"\u001b[32minfo\u001b[39m","message":"{\"method\":\"GET\",\"url\":\"/api/v1/notifications/\",\"status\":\"200\",\"responseTime\":\"402.275\"}","timestamp":"2025-11-28T18:56:14.168Z"}
{"level":"\u001b[32minfo\u001b[39m","message":"{\"method\":\"GET\",\"url\":\"/api/v1/videos/?page=1&limit=5&query=&userId=&sortBy=createdAt&sortType=asc\",\"status\":\"200\",\"responseTime\":\"245.056\"}","timestamp":"2025-11-28T18:56:33.319Z"}
{"level":"\u001b[32minfo\u001b[39m","message":"{\"method\":\"POST\",\"url\":\"/api/v1/like/v/692898da696e5d9c996d3046\",\"status\":\"200\",\"responseTime\":\"579.953\"}","timestamp":"2025-11-28T18:56:52.263Z"}
{"level":"\u001b[32minfo\u001b[39m","message":"{\"method\":\"POST\",\"url\":\"/api/v1/users/logout\",\"status\":\"200\",\"responseTime\":\"115.763\"}","timestamp":"2025-11-28T18:56:57.177Z"}
{"level":"\u001b[32minfo\u001b[39m","message":"{\"method\":\"POST\",\"url\":\"/api/v1/users/login\",\"status\":\"200\",\"responseTime\":\"474.738\"}","timestamp":"2025-11-28T18:57:03.425Z"}
{"level":"\u001b[32minfo\u001b[39m","message":"{\"method\":\"GET\",\"url\":\"/api/v1/notifications/\",\"status\":\"200\",\"responseTime\":\"373.526\"}","timestamp":"2025-11-28T18:57:08.993Z"}
{"level":"\u001b[32minfo\u001b[39m","message":"{\"method\":\"GET\",\"url\":\"/api/v1/notifications/unread-count\",\"status\":\"200\",\"responseTime\":\"218.185\"}","timestamp":"2025-11-28T18:57:39.164Z"}
{"level":"\u001b[32minfo\u001b[39m","message":"{\"method\":\"GET\",\"url\":\"/api/v1/notifications/\",\"status\":\"200\",\"responseTime\":\"1639.879\"}","timestamp":"2025-11-28T18:58:16.336Z"}
{"level":"\u001b[32minfo\u001b[39m","message":"{\"method\":\"GET\",\"url\":\"/api/v1/notifications/unread-count\",\"status\":\"200\",\"responseTime\":\"104.000\"}","timestamp":"2025-11-28T18:59:25.912Z"}
{"level":"\u001b[32minfo\u001b[39m","message":"{\"method\":\"PATCH\",\"url\":\"/api/v1/notifications/read\",\"status\":\"200\",\"responseTime\":\"206.295\"}","timestamp":"2025-11-28T18:59:46.151Z"}
{"level":"\u001b[32minfo\u001b[39m","message":"{\"method\":\"PATCH\",\"url\":\"/api/v1/notifications/read\",\"status\":\"200\",\"responseTime\":\"194.618\"}","timestamp":"2025-11-28T18:59:57.730Z"}
{"level":"\u001b[32minfo\u001b[39m","message":"{\"method\":\"DELETE\",\"url\":\"/api/v1/notifications/delete/6929f07326e038a2dec31369\",\"status\":\"200\",\"responseTime\":\"252.797\"}","timestamp":"2025-11-28T19:00:18.510Z"}
{"level":"\u001b[32minfo\u001b[39m","message":"{\"method\":\"GET\",\"url\":\"/api/v1/users/current-user\",\"status\":\"401\",\"responseTime\":\"4.393\"}","timestamp":"2025-11-28T19:16:53.524Z"}
{"level":"\u001b[32minfo\u001b[39m","message":"{\"method\":\"GET\",\"url\":\"/api/v1/users/current-user\",\"status\":\"401\",\"responseTime\":\"2.572\"}","timestamp":"2025-11-28T19:16:53.535Z"}
{"level":"\u001b[32minfo\u001b[39m","message":"{\"method\":\"GET\",\"url\":\"/api/v1/videos/\",\"status\":\"401\",\"responseTime\":\"4.900\"}","timestamp":"2025-11-28T19:16:53.775Z"}
{"level":"\u001b[32minfo\u001b[39m","message":"{\"method\":\"GET\",\"url\":\"/api/v1/tweets/\",\"status\":\"401\",\"responseTime\":\"8.235\"}","timestamp":"2025-11-28T19:16:53.780Z"}
{"level":"\u001b[32minfo\u001b[39m","message":"{\"method\":\"GET\",\"url\":\"/api/v1/videos/\",\"status\":\"401\",\"responseTime\":\"6.680\"}","timestamp":"2025-11-28T19:16:53.793Z"}
{"level":"\u001b[32minfo\u001b[39m","message":"{\"method\":\"GET\",\"url\":\"/api/v1/tweets/\",\"status\":\"401\",\"responseTime\":\"3.743\"}","timestamp":"2025-11-28T19:16:53.801Z"}
{"level":"\u001b[32minfo\u001b[39m","message":"{\"method\":\"POST\",\"url\":\"/api/v1/users/login\",\"status\":\"200\",\"responseTime\":\"501.342\"}","timestamp":"2025-11-28T19:17:03.640Z"}
{"level":"\u001b[32minfo\u001b[39m","message":"{\"method\":\"GET\",\"url\":\"/api/v1/users/theme\",\"status\":\"200\",\"responseTime\":\"105.050\"}","timestamp":"2025-11-28T19:17:03.843Z"}
{"level":"\u001b[32minfo\u001b[39m","message":"{\"method\":\"GET\",\"url\":\"/api/v1/users/current-user\",\"status\":\"200\",\"responseTime\":\"98.351\"}","timestamp":"2025-11-28T19:17:03.846Z"}
{"level":"\u001b[32minfo\u001b[39m","message":"{\"method\":\"GET\",\"url\":\"/api/v1/users/theme\",\"status\":\"304\",\"responseTime\":\"102.058\"}","timestamp":"2025-11-28T19:17:04.048Z"}
{"level":"\u001b[32minfo\u001b[39m","message":"{\"method\":\"GET\",\"url\":\"/api/v1/notifications/unread-count\",\"status\":\"200\",\"responseTime\":\"157.238\"}","timestamp":"2025-11-28T19:17:04.270Z"}
{"level":"\u001b[32minfo\u001b[39m","message":"{\"method\":\"GET\",\"url\":\"/api/v1/tweets/\",\"status\":\"304\",\"responseTime\":\"159.805\"}","timestamp":"2025-11-28T19:17:04.274Z"}
{"level":"\u001b[32minfo\u001b[39m","message":"{\"method\":\"GET\",\"url\":\"/api/v1/videos/\",\"status\":\"200\",\"responseTime\":\"185.510\"}","timestamp":"2025-11-28T19:17:04.299Z"}
{"level":"\u001b[32minfo\u001b[39m","message":"{\"method\":\"GET\",\"url\":\"/api/v1/notifications/unread-count\",\"status\":\"304\",\"responseTime\":\"81.651\"}","timestamp":"2025-11-28T19:17:04.362Z"}
{"level":"\u001b[32minfo\u001b[39m","message":"{\"method\":\"GET\",\"url\":\"/api/v1/tweets/\",\"status\":\"304\",\"responseTime\":\"81.498\"}","timestamp":"2025-11-28T19:17:04.367Z"}
{"level":"\u001b[32minfo\u001b[39m","message":"{\"method\":\"GET\",\"url\":\"/api/v1/videos/\",\"status\":\"304\",\"responseTime\":\"82.941\"}","timestamp":"2025-11-28T19:17:04.398Z"}
{"level":"\u001b[32minfo\u001b[39m","message":"{\"method\":\"GET\",\"url\":\"/api/v1/notifications/unread-count\",\"status\":\"304\",\"responseTime\":\"241.683\"}","timestamp":"2025-11-28T19:17:08.460Z"}
{"level":"\u001b[32minfo\u001b[39m","message":"{\"method\":\"PATCH\",\"url\":\"/api/v1/users/theme\",\"status\":\"200\",\"responseTime\":\"251.536\"}","timestamp":"2025-11-28T19:17:08.466Z"}
{"level":"\u001b[32minfo\u001b[39m","message":"{\"method\":\"GET\",\"url\":\"/api/v1/tweets/\",\"status\":\"304\",\"responseTime\":\"249.704\"}","timestamp":"2025-11-28T19:17:08.469Z"}
{"level":"\u001b[32minfo\u001b[39m","message":"{\"method\":\"GET\",\"url\":\"/api/v1/videos/\",\"status\":\"200\",\"responseTime\":\"252.484\"}","timestamp":"2025-11-28T19:17:08.471Z"}
{"level":"\u001b[32minfo\u001b[39m","message":"{\"method\":\"PATCH\",\"url\":\"/api/v1/users/theme\",\"status\":\"200\",\"responseTime\":\"160.917\"}","timestamp":"2025-11-28T19:17:10.100Z"}
{"level":"\u001b[32minfo\u001b[39m","message":"{\"method\":\"GET\",\"url\":\"/api/v1/notifications/unread-count\",\"status\":\"304\",\"responseTime\":\"156.596\"}","timestamp":"2025-11-28T19:17:10.104Z"}
{"level":"\u001b[32minfo\u001b[39m","message":"{\"method\":\"GET\",\"url\":\"/api/v1/videos/\",\"status\":\"200\",\"responseTime\":\"157.747\"}","timestamp":"2025-11-28T19:17:10.106Z"}
{"level":"\u001b[32minfo\u001b[39m","message":"{\"method\":\"GET\",\"url\":\"/api/v1/tweets/\",\"status\":\"304\",\"responseTime\":\"158.981\"}","timestamp":"2025-11-28T19:17:10.108Z"}
{"level":"\u001b[32minfo\u001b[39m","message":"{\"method\":\"GET\",\"url\":\"/api/v1/videos/6928961613409b594dc01255\",\"status\":\"200\",\"responseTime\":\"342.263\"}","timestamp":"2025-11-28T19:17:17.671Z"}
{"level":"\u001b[32minfo\u001b[39m","message":"{\"method\":\"GET\",\"url\":\"/api/v1/like/v/6928961613409b594dc01255\",\"status\":\"200\",\"responseTime\":\"187.412\"}","timestamp":"2025-11-28T19:17:17.875Z"}
{"level":"\u001b[32minfo\u001b[39m","message":"{\"method\":\"GET\",\"url\":\"/api/v1/videos/6928961613409b594dc01255\",\"status\":\"304\",\"responseTime\":\"253.514\"}","timestamp":"2025-11-28T19:17:17.936Z"}
{"level":"\u001b[32minfo\u001b[39m","message":"{\"method\":\"GET\",\"url\":\"/api/v1/comments/6928961613409b594dc01255\",\"status\":\"200\",\"responseTime\":\"110.611\"}","timestamp":"2025-11-28T19:17:17.997Z"}
{"level":"\u001b[32minfo\u001b[39m","message":"{\"method\":\"GET\",\"url\":\"/api/v1/like/v/6928961613409b594dc01255\",\"status\":\"304\",\"responseTime\":\"129.260\"}","timestamp":"2025-11-28T19:17:18.077Z"}
{"level":"\u001b[32minfo\u001b[39m","message":"{\"method\":\"GET\",\"url\":\"/api/v1/comments/6928961613409b594dc01255\",\"status\":\"304\",\"responseTime\":\"190.951\"}","timestamp":"2025-11-28T19:17:18.281Z"}
{"0":"6928961613409b594dc01255","level":"\u001b[32minfo\u001b[39m","message":"Updated watch history: ","timestamp":"2025-11-28T19:17:18.283Z"}
{"level":"\u001b[32minfo\u001b[39m","message":"{\"method\":\"PATCH\",\"url\":\"/api/v1/users/history/add/6928961613409b594dc01255\",\"status\":\"200\",\"responseTime\":\"250.828\"}","timestamp":"2025-11-28T19:17:18.285Z"}
{"level":"\u001b[32minfo\u001b[39m","message":"{\"method\":\"PATCH\",\"url\":\"/api/v1/videos/views/6928961613409b594dc01255\",\"status\":\"200\",\"responseTime\":\"287.613\"}","timestamp":"2025-11-28T19:17:18.590Z"}
{"0":"6928961613409b594dc01255","level":"\u001b[32minfo\u001b[39m","message":"Updated watch history: ","timestamp":"2025-11-28T19:17:18.648Z"}
{"level":"\u001b[32minfo\u001b[39m","message":"{\"method\":\"PATCH\",\"url\":\"/api/v1/users/history/add/6928961613409b594dc01255\",\"status\":\"200\",\"responseTime\":\"352.888\"}","timestamp":"2025-11-28T19:17:18.650Z"}
{"level":"\u001b[32minfo\u001b[39m","message":"{\"method\":\"PATCH\",\"url\":\"/api/v1/videos/views/6928961613409b594dc01255\",\"status\":\"200\",\"responseTime\":\"398.698\"}","timestamp":"2025-11-28T19:17:19.084Z"}
{"level":"\u001b[32minfo\u001b[39m","message":"{\"method\":\"POST\",\"url\":\"/api/v1/subscriptions/c/692891ae8b3cde57350a5bfe\",\"status\":\"200\",\"responseTime\":\"275.073\"}","timestamp":"2025-11-28T19:17:21.032Z"}
{"level":"\u001b[32minfo\u001b[39m","message":"{\"method\":\"POST\",\"url\":\"/api/v1/comments/6928961613409b594dc01255\",\"status\":\"201\",\"responseTime\":\"647.500\"}","timestamp":"2025-11-28T19:17:38.354Z"}
{"level":"\u001b[32minfo\u001b[39m","message":"{\"method\":\"GET\",\"url\":\"/api/v1/comments/6928961613409b594dc01255\",\"status\":\"500\",\"responseTime\":\"398.570\"}","timestamp":"2025-11-28T19:17:38.764Z"}
{"level":"\u001b[32minfo\u001b[39m","message":"{\"method\":\"GET\",\"url\":\"/api/v1/users/current-user\",\"status\":\"200\",\"responseTime\":\"161.647\"}","timestamp":"2025-11-28T19:17:43.887Z"}
{"level":"\u001b[32minfo\u001b[39m","message":"{\"method\":\"GET\",\"url\":\"/api/v1/users/current-user\",\"status\":\"304\",\"responseTime\":\"93.608\"}","timestamp":"2025-11-28T19:17:43.989Z"}
{"level":"\u001b[32minfo\u001b[39m","message":"{\"method\":\"GET\",\"url\":\"/api/v1/users/theme\",\"status\":\"200\",\"responseTime\":\"72.525\"}","timestamp":"2025-11-28T19:17:43.992Z"}
{"level":"\u001b[32minfo\u001b[39m","message":"{\"method\":\"GET\",\"url\":\"/api/v1/users/theme\",\"status\":\"304\",\"responseTime\":\"50.624\"}","timestamp":"2025-11-28T19:17:44.055Z"}
{"level":"\u001b[32minfo\u001b[39m","message":"{\"method\":\"GET\",\"url\":\"/api/v1/notifications/unread-count\",\"status\":\"304\",\"responseTime\":\"235.788\"}","timestamp":"2025-11-28T19:17:44.293Z"}
{"level":"\u001b[32minfo\u001b[39m","message":"{\"method\":\"GET\",\"url\":\"/api/v1/notifications/unread-count\",\"status\":\"304\",\"responseTime\":\"197.888\"}","timestamp":"2025-11-28T19:17:44.499Z"}
{"level":"\u001b[32minfo\u001b[39m","message":"{\"method\":\"GET\",\"url\":\"/api/v1/videos/6928961613409b594dc01255\",\"status\":\"304\",\"responseTime\":\"505.888\"}","timestamp":"2025-11-28T19:17:44.564Z"}
{"level":"\u001b[32minfo\u001b[39m","message":"{\"method\":\"GET\",\"url\":\"/api/v1/like/v/6928961613409b594dc01255\",\"status\":\"304\",\"responseTime\":\"230.740\"}","timestamp":"2025-11-28T19:17:44.808Z"}
{"level":"\u001b[32minfo\u001b[39m","message":"{\"method\":\"GET\",\"url\":\"/api/v1/videos/6928961613409b594dc01255\",\"status\":\"304\",\"responseTime\":\"337.212\"}","timestamp":"2025-11-28T19:17:44.909Z"}
{"level":"\u001b[32minfo\u001b[39m","message":"{\"method\":\"GET\",\"url\":\"/api/v1/comments/6928961613409b594dc01255\",\"status\":\"500\",\"responseTime\":\"185.092\"}","timestamp":"2025-11-28T19:17:45.006Z"}
{"level":"\u001b[32minfo\u001b[39m","message":"{\"method\":\"GET\",\"url\":\"/api/v1/like/v/6928961613409b594dc01255\",\"status\":\"304\",\"responseTime\":\"104.682\"}","timestamp":"2025-11-28T19:17:45.026Z"}
{"0":"6928961613409b594dc01255","level":"\u001b[32minfo\u001b[39m","message":"Updated watch history: ","timestamp":"2025-11-28T19:17:45.320Z"}
{"level":"\u001b[32minfo\u001b[39m","message":"{\"method\":\"PATCH\",\"url\":\"/api/v1/users/history/add/6928961613409b594dc01255\",\"status\":\"200\",\"responseTime\":\"301.968\"}","timestamp":"2025-11-28T19:17:45.322Z"}
{"level":"\u001b[32minfo\u001b[39m","message":"{\"method\":\"GET\",\"url\":\"/api/v1/comments/6928961613409b594dc01255\",\"status\":\"500\",\"responseTime\":\"311.112\"}","timestamp":"2025-11-28T19:17:45.354Z"}
{"level":"\u001b[32minfo\u001b[39m","message":"{\"method\":\"PATCH\",\"url\":\"/api/v1/videos/views/6928961613409b594dc01255\",\"status\":\"200\",\"responseTime\":\"193.628\"}","timestamp":"2025-11-28T19:17:45.525Z"}
{"0":"6928961613409b594dc01255","level":"\u001b[32minfo\u001b[39m","message":"Updated watch history: ","timestamp":"2025-11-28T19:17:45.625Z"}
{"level":"\u001b[32minfo\u001b[39m","message":"{\"method\":\"PATCH\",\"url\":\"/api/v1/users/history/add/6928961613409b594dc01255\",\"status\":\"200\",\"responseTime\":\"262.792\"}","timestamp":"2025-11-28T19:17:45.628Z"}
{"level":"\u001b[32minfo\u001b[39m","message":"{\"method\":\"PATCH\",\"url\":\"/api/v1/videos/views/6928961613409b594dc01255\",\"status\":\"200\",\"responseTime\":\"307.460\"}","timestamp":"2025-11-28T19:17:46.142Z"}
{"level":"\u001b[32minfo\u001b[39m","message":"{\"method\":\"POST\",\"url\":\"/api/v1/subscriptions/c/692891ae8b3cde57350a5bfe\",\"status\":\"500\",\"responseTime\":\"536.732\"}","timestamp":"2025-11-28T19:18:04.776Z"}
{"level":"\u001b[32minfo\u001b[39m","message":"{\"method\":\"POST\",\"url\":\"/api/v1/subscriptions/c/692891ae8b3cde57350a5bfe\",\"status\":\"200\",\"responseTime\":\"326.234\"}","timestamp":"2025-11-28T19:18:06.518Z"}
{"level":"\u001b[32minfo\u001b[39m","message":"{\"method\":\"GET\",\"url\":\"/api/v1/notifications/unread-count\",\"status\":\"304\",\"responseTime\":\"186.331\"}","timestamp":"2025-11-28T19:18:44.304Z"}
{"level":"\u001b[32minfo\u001b[39m","message":"Environment variables loaded from .env file","timestamp":"2025-11-28T19:18:50.513Z"}
{"level":"\u001b[32minfo\u001b[39m","message":"Connecting to the database...","timestamp":"2025-11-28T19:18:50.517Z"}
{"level":"\u001b[32minfo\u001b[39m","message":"Connected to the database successfully \n Database Name: vidtube \n Host: ac-umfmukq-shard-00-02.vu6akeu.mongodb.net \n Port: 27017","timestamp":"2025-11-28T19:18:51.768Z"}
{"level":"\u001b[32minfo\u001b[39m","message":"Server is running on port 3000","timestamp":"2025-11-28T19:18:51.774Z"}
{"level":"\u001b[32minfo\u001b[39m","message":"{\"method\":\"POST\",\"url\":\"/api/v1/subscriptions/c/692891ae8b3cde57350a5bfe\",\"status\":\"201\",\"responseTime\":\"618.014\"}","timestamp":"2025-11-28T19:18:56.290Z"}
{"level":"\u001b[32minfo\u001b[39m","message":"{\"method\":\"POST\",\"url\":\"/api/v1/subscriptions/c/692891ae8b3cde57350a5bfe\",\"status\":\"200\",\"responseTime\":\"394.864\"}","timestamp":"2025-11-28T19:19:05.704Z"}
{"level":"\u001b[32minfo\u001b[39m","message":"{\"method\":\"POST\",\"url\":\"/api/v1/users/logout\",\"status\":\"200\",\"responseTime\":\"165.921\"}","timestamp":"2025-11-28T19:19:13.077Z"}
{"level":"\u001b[32minfo\u001b[39m","message":"{\"method\":\"GET\",\"url\":\"/api/v1/videos/6928961613409b594dc01255\",\"status\":\"401\",\"responseTime\":\"9.913\"}","timestamp":"2025-11-28T19:19:13.179Z"}
{"level":"\u001b[32minfo\u001b[39m","message":"{\"method\":\"POST\",\"url\":\"/api/v1/users/login\",\"status\":\"200\",\"responseTime\":\"548.228\"}","timestamp":"2025-11-28T19:19:30.178Z"}
{"level":"\u001b[32minfo\u001b[39m","message":"{\"method\":\"GET\",\"url\":\"/api/v1/users/current-user\",\"status\":\"200\",\"responseTime\":\"46.129\"}","timestamp":"2025-11-28T19:19:30.294Z"}
{"level":"\u001b[32minfo\u001b[39m","message":"{\"method\":\"GET\",\"url\":\"/api/v1/users/theme\",\"status\":\"304\",\"responseTime\":\"102.130\"}","timestamp":"2025-11-28T19:19:30.298Z"}
{"level":"\u001b[32minfo\u001b[39m","message":"{\"method\":\"GET\",\"url\":\"/api/v1/users/theme\",\"status\":\"304\",\"responseTime\":\"149.697\"}","timestamp":"2025-11-28T19:19:30.477Z"}
{"level":"\u001b[32minfo\u001b[39m","message":"{\"method\":\"GET\",\"url\":\"/api/v1/notifications/unread-count\",\"status\":\"200\",\"responseTime\":\"162.950\"}","timestamp":"2025-11-28T19:19:30.693Z"}
{"level":"\u001b[32minfo\u001b[39m","message":"{\"method\":\"GET\",\"url\":\"/api/v1/videos/\",\"status\":\"200\",\"responseTime\":\"169.260\"}","timestamp":"2025-11-28T19:19:30.699Z"}
{"level":"\u001b[32minfo\u001b[39m","message":"{\"method\":\"GET\",\"url\":\"/api/v1/tweets/\",\"status\":\"304\",\"responseTime\":\"171.755\"}","timestamp":"2025-11-28T19:19:30.703Z"}
{"level":"\u001b[32minfo\u001b[39m","message":"{\"method\":\"GET\",\"url\":\"/api/v1/videos/\",\"status\":\"304\",\"responseTime\":\"171.750\"}","timestamp":"2025-11-28T19:19:30.896Z"}
{"level":"\u001b[32minfo\u001b[39m","message":"{\"method\":\"GET\",\"url\":\"/api/v1/notifications/unread-count\",\"status\":\"304\",\"responseTime\":\"184.101\"}","timestamp":"2025-11-28T19:19:30.899Z"}
{"level":"\u001b[32minfo\u001b[39m","message":"{\"method\":\"GET\",\"url\":\"/api/v1/tweets/\",\"status\":\"304\",\"responseTime\":\"165.605\"}","timestamp":"2025-11-28T19:19:30.901Z"}
{"level":"\u001b[32minfo\u001b[39m","message":"{\"method\":\"GET\",\"url\":\"/api/v1/videos/6928961613409b594dc01255\",\"status\":\"304\",\"responseTime\":\"550.516\"}","timestamp":"2025-11-28T19:19:33.866Z"}
{"level":"\u001b[32minfo\u001b[39m","message":"{\"method\":\"GET\",\"url\":\"/api/v1/like/v/6928961613409b594dc01255\",\"status\":\"200\",\"responseTime\":\"295.379\"}","timestamp":"2025-11-28T19:19:34.173Z"}
{"level":"\u001b[32minfo\u001b[39m","message":"{\"method\":\"GET\",\"url\":\"/api/v1/videos/6928961613409b594dc01255\",\"status\":\"304\",\"responseTime\":\"369.537\"}","timestamp":"2025-11-28T19:19:34.242Z"}
{"level":"\u001b[32minfo\u001b[39m","message":"{\"method\":\"GET\",\"url\":\"/api/v1/comments/6928961613409b594dc01255\",\"status\":\"500\",\"responseTime\":\"298.420\"}","timestamp":"2025-11-28T19:19:34.484Z"}
{"level":"\u001b[32minfo\u001b[39m","message":"{\"method\":\"GET\",\"url\":\"/api/v1/like/v/6928961613409b594dc01255\",\"status\":\"304\",\"responseTime\":\"261.040\"}","timestamp":"2025-11-28T19:19:34.516Z"}
{"0":"6928961613409b594dc01255","level":"\u001b[32minfo\u001b[39m","message":"Updated watch history: ","timestamp":"2025-11-28T19:19:34.788Z"}
{"level":"\u001b[32minfo\u001b[39m","message":"{\"method\":\"PATCH\",\"url\":\"/api/v1/users/history/add/6928961613409b594dc01255\",\"status\":\"200\",\"responseTime\":\"292.898\"}","timestamp":"2025-11-28T19:19:34.789Z"}
{"level":"\u001b[32minfo\u001b[39m","message":"{\"method\":\"GET\",\"url\":\"/api/v1/comments/6928961613409b594dc01255\",\"status\":\"500\",\"responseTime\":\"297.047\"}","timestamp":"2025-11-28T19:19:34.823Z"}
{"level":"\u001b[32minfo\u001b[39m","message":"{\"method\":\"PATCH\",\"url\":\"/api/v1/videos/views/6928961613409b594dc01255\",\"status\":\"200\",\"responseTime\":\"191.123\"}","timestamp":"2025-11-28T19:19:34.993Z"}
{"0":"6928961613409b594dc01255","level":"\u001b[32minfo\u001b[39m","message":"Updated watch history: ","timestamp":"2025-11-28T19:19:35.198Z"}
{"level":"\u001b[32minfo\u001b[39m","message":"{\"method\":\"PATCH\",\"url\":\"/api/v1/users/history/add/6928961613409b594dc01255\",\"status\":\"200\",\"responseTime\":\"363.067\"}","timestamp":"2025-11-28T19:19:35.200Z"}
{"level":"\u001b[32minfo\u001b[39m","message":"{\"method\":\"PATCH\",\"url\":\"/api/v1/videos/views/6928961613409b594dc01255\",\"status\":\"200\",\"responseTime\":\"225.559\"}","timestamp":"2025-11-28T19:19:35.802Z"}
{"level":"\u001b[32minfo\u001b[39m","message":"{\"method\":\"GET\",\"url\":\"/api/v1/notifications/?page=1&limit=20\",\"status\":\"200\",\"responseTime\":\"417.482\"}","timestamp":"2025-11-28T19:19:36.119Z"}
{"level":"\u001b[32minfo\u001b[39m","message":"{\"method\":\"GET\",\"url\":\"/api/v1/notifications/?page=1&limit=20\",\"status\":\"304\",\"responseTime\":\"326.780\"}","timestamp":"2025-11-28T19:19:36.452Z"}
{"level":"\u001b[32minfo\u001b[39m","message":"{\"method\":\"GET\",\"url\":\"/api/v1/videos/6928961613409b594dc01255\",\"status\":\"200\",\"responseTime\":\"493.022\"}","timestamp":"2025-11-28T19:19:45.218Z"}
{"level":"\u001b[32minfo\u001b[39m","message":"{\"method\":\"GET\",\"url\":\"/api/v1/like/v/6928961613409b594dc01255\",\"status\":\"304\",\"responseTime\":\"306.221\"}","timestamp":"2025-11-28T19:19:45.540Z"}
{"level":"\u001b[32minfo\u001b[39m","message":"{\"method\":\"GET\",\"url\":\"/api/v1/videos/6928961613409b594dc01255\",\"status\":\"304\",\"responseTime\":\"519.294\"}","timestamp":"2025-11-28T19:19:45.744Z"}
{"level":"\u001b[32minfo\u001b[39m","message":"{\"method\":\"GET\",\"url\":\"/api/v1/comments/6928961613409b594dc01255\",\"status\":\"500\",\"responseTime\":\"397.438\"}","timestamp":"2025-11-28T19:19:45.950Z"}
{"level":"\u001b[32minfo\u001b[39m","message":"{\"method\":\"GET\",\"url\":\"/api/v1/like/v/6928961613409b594dc01255\",\"status\":\"304\",\"responseTime\":\"230.766\"}","timestamp":"2025-11-28T19:19:45.987Z"}
{"0":"6928961613409b594dc01255","level":"\u001b[32minfo\u001b[39m","message":"Updated watch history: ","timestamp":"2025-11-28T19:19:46.258Z"}
{"level":"\u001b[32minfo\u001b[39m","message":"{\"method\":\"PATCH\",\"url\":\"/api/v1/users/history/add/6928961613409b594dc01255\",\"status\":\"200\",\"responseTime\":\"298.986\"}","timestamp":"2025-11-28T19:19:46.260Z"}
{"level":"\u001b[32minfo\u001b[39m","message":"{\"method\":\"GET\",\"url\":\"/api/v1/comments/6928961613409b594dc01255\",\"status\":\"500\",\"responseTime\":\"354.580\"}","timestamp":"2025-11-28T19:19:46.358Z"}
{"level":"\u001b[32minfo\u001b[39m","message":"{\"method\":\"PATCH\",\"url\":\"/api/v1/videos/views/6928961613409b594dc01255\",\"status\":\"200\",\"responseTime\":\"291.054\"}","timestamp":"2025-11-28T19:19:46.563Z"}
{"0":"6928961613409b594dc01255","level":"\u001b[32minfo\u001b[39m","message":"Updated watch history: ","timestamp":"2025-11-28T19:19:46.767Z"}
{"level":"\u001b[32minfo\u001b[39m","message":"{\"method\":\"PATCH\",\"url\":\"/api/v1/users/history/add/6928961613409b594dc01255\",\"status\":\"200\",\"responseTime\":\"396.032\"}","timestamp":"2025-11-28T19:19:46.769Z"}
{"level":"\u001b[32minfo\u001b[39m","message":"{\"method\":\"PATCH\",\"url\":\"/api/v1/videos/views/6928961613409b594dc01255\",\"status\":\"200\",\"responseTime\":\"295.041\"}","timestamp":"2025-11-28T19:19:47.074Z"}
{"level":"\u001b[32minfo\u001b[39m","message":"{\"method\":\"GET\",\"url\":\"/api/v1/notifications/?page=1&limit=20\",\"status\":\"304\",\"responseTime\":\"429.806\"}","timestamp":"2025-11-28T19:19:50.310Z"}
{"level":"\u001b[32minfo\u001b[39m","message":"{\"method\":\"GET\",\"url\":\"/api/v1/notifications/?page=1&limit=20\",\"status\":\"304\",\"responseTime\":\"448.385\"}","timestamp":"2025-11-28T19:19:50.765Z"}
{"level":"\u001b[32minfo\u001b[39m","message":"{\"method\":\"GET\",\"url\":\"/api/v1/videos/?page=1&limit=5&query=&userId=&sortBy=createdAt&sortType=asc\",\"status\":\"200\",\"responseTime\":\"208.175\"}","timestamp":"2025-11-28T19:20:34.698Z"}
{"level":"\u001b[32minfo\u001b[39m","message":"{\"method\":\"GET\",\"url\":\"/api/v1/comments/6928961613409b594dc01255\",\"status\":\"500\",\"responseTime\":\"369.530\"}","timestamp":"2025-11-28T19:21:04.601Z"}
{"level":"\u001b[32minfo\u001b[39m","message":"Environment variables loaded from .env file","timestamp":"2025-11-28T19:22:05.433Z"}
{"level":"\u001b[32minfo\u001b[39m","message":"Connecting to the database...","timestamp":"2025-11-28T19:22:05.439Z"}
{"level":"\u001b[32minfo\u001b[39m","message":"Connected to the database successfully \n Database Name: vidtube \n Host: ac-umfmukq-shard-00-00.vu6akeu.mongodb.net \n Port: 27017","timestamp":"2025-11-28T19:22:06.590Z"}
{"level":"\u001b[32minfo\u001b[39m","message":"Server is running on port 3000","timestamp":"2025-11-28T19:22:06.596Z"}
{"level":"\u001b[32minfo\u001b[39m","message":"{\"method\":\"GET\",\"url\":\"/api/v1/comments/6928961613409b594dc01255\",\"status\":\"201\",\"responseTime\":\"404.321\"}","timestamp":"2025-11-28T19:22:10.965Z"}
{"level":"\u001b[32minfo\u001b[39m","message":"Environment variables loaded from .env file","timestamp":"2025-11-28T19:24:21.683Z"}
{"level":"\u001b[32minfo\u001b[39m","message":"Connecting to the database...","timestamp":"2025-11-28T19:24:21.688Z"}
{"level":"\u001b[32minfo\u001b[39m","message":"Connected to the database successfully \n Database Name: vidtube \n Host: ac-umfmukq-shard-00-01.vu6akeu.mongodb.net \n Port: 27017","timestamp":"2025-11-28T19:24:22.609Z"}
{"level":"\u001b[32minfo\u001b[39m","message":"Server is running on port 3000","timestamp":"2025-11-28T19:24:22.614Z"}
{"level":"\u001b[32minfo\u001b[39m","message":"Environment variables loaded from .env file","timestamp":"2025-11-28T19:24:47.838Z"}
{"level":"\u001b[32minfo\u001b[39m","message":"Connecting to the database...","timestamp":"2025-11-28T19:24:47.844Z"}
{"level":"\u001b[32minfo\u001b[39m","message":"Connected to the database successfully \n Database Name: vidtube \n Host: ac-umfmukq-shard-00-02.vu6akeu.mongodb.net \n Port: 27017","timestamp":"2025-11-28T19:24:49.078Z"}
{"level":"\u001b[32minfo\u001b[39m","message":"Server is running on port 3000","timestamp":"2025-11-28T19:24:49.086Z"}
{"level":"\u001b[32minfo\u001b[39m","message":"{\"method\":\"GET\",\"url\":\"/api/v1/comments/6928961613409b594dc01255\",\"status\":\"201\",\"responseTime\":\"445.200\"}","timestamp":"2025-11-28T19:24:52.054Z"}
{"level":"\u001b[32minfo\u001b[39m","message":"Environment variables loaded from .env file","timestamp":"2025-11-28T19:25:02.760Z"}
{"level":"\u001b[32minfo\u001b[39m","message":"Connecting to the database...","timestamp":"2025-11-28T19:25:02.765Z"}
{"level":"\u001b[32minfo\u001b[39m","message":"Connected to the database successfully \n Database Name: vidtube \n Host: ac-umfmukq-shard-00-02.vu6akeu.mongodb.net \n Port: 27017","timestamp":"2025-11-28T19:25:03.924Z"}
{"level":"\u001b[32minfo\u001b[39m","message":"Server is running on port 3000","timestamp":"2025-11-28T19:25:03.931Z"}
{"level":"\u001b[32minfo\u001b[39m","message":"{\"method\":\"GET\",\"url\":\"/api/v1/comments/6928961613409b594dc01255\",\"status\":\"201\",\"responseTime\":\"440.306\"}","timestamp":"2025-11-28T19:25:06.796Z"}
{"level":"\u001b[32minfo\u001b[39m","message":"Environment variables loaded from .env file","timestamp":"2025-11-28T19:26:12.180Z"}
{"level":"\u001b[32minfo\u001b[39m","message":"Connecting to the database...","timestamp":"2025-11-28T19:26:12.185Z"}
{"level":"\u001b[32minfo\u001b[39m","message":"Connected to the database successfully \n Database Name: vidtube \n Host: ac-umfmukq-shard-00-00.vu6akeu.mongodb.net \n Port: 27017","timestamp":"2025-11-28T19:26:13.362Z"}
{"level":"\u001b[32minfo\u001b[39m","message":"Server is running on port 3000","timestamp":"2025-11-28T19:26:13.370Z"}
{"level":"\u001b[32minfo\u001b[39m","message":"{\"method\":\"GET\",\"url\":\"/api/v1/comments/6928961613409b594dc01255\",\"status\":\"201\",\"responseTime\":\"456.657\"}","timestamp":"2025-11-28T19:26:24.632Z"}
{"level":"\u001b[32minfo\u001b[39m","message":"{\"method\":\"GET\",\"url\":\"/api/v1/users/current-user\",\"status\":\"200\",\"responseTime\":\"98.892\"}","timestamp":"2025-11-28T19:26:35.937Z"}
{"level":"\u001b[32minfo\u001b[39m","message":"{\"method\":\"GET\",\"url\":\"/api/v1/users/current-user\",\"status\":\"304\",\"responseTime\":\"84.930\"}","timestamp":"2025-11-28T19:26:36.028Z"}
{"level":"\u001b[32minfo\u001b[39m","message":"{\"method\":\"GET\",\"url\":\"/api/v1/users/theme\",\"status\":\"304\",\"responseTime\":\"71.661\"}","timestamp":"2025-11-28T19:26:36.081Z"}
{"level":"\u001b[32minfo\u001b[39m","message":"{\"method\":\"GET\",\"url\":\"/api/v1/users/theme\",\"status\":\"304\",\"responseTime\":\"81.959\"}","timestamp":"2025-11-28T19:26:36.170Z"}
{"level":"\u001b[32minfo\u001b[39m","message":"{\"method\":\"GET\",\"url\":\"/api/v1/users/current-user\",\"status\":\"304\",\"responseTime\":\"130.005\"}","timestamp":"2025-11-28T19:26:44.698Z"}
{"level":"\u001b[32minfo\u001b[39m","message":"{\"method\":\"GET\",\"url\":\"/api/v1/users/current-user\",\"status\":\"304\",\"responseTime\":\"58.099\"}","timestamp":"2025-11-28T19:26:44.761Z"}
{"level":"\u001b[32minfo\u001b[39m","message":"{\"method\":\"GET\",\"url\":\"/api/v1/users/theme\",\"status\":\"304\",\"responseTime\":\"55.799\"}","timestamp":"2025-11-28T19:26:44.801Z"}
{"level":"\u001b[32minfo\u001b[39m","message":"{\"method\":\"GET\",\"url\":\"/api/v1/users/theme\",\"status\":\"304\",\"responseTime\":\"79.167\"}","timestamp":"2025-11-28T19:26:44.890Z"}
{"level":"\u001b[32minfo\u001b[39m","message":"{\"method\":\"GET\",\"url\":\"/api/v1/tweets/\",\"status\":\"304\",\"responseTime\":\"76.267\"}","timestamp":"2025-11-28T19:26:44.949Z"}
{"level":"\u001b[32minfo\u001b[39m","message":"{\"method\":\"GET\",\"url\":\"/api/v1/notifications/unread-count\",\"status\":\"304\",\"responseTime\":\"82.056\"}","timestamp":"2025-11-28T19:26:44.952Z"}
{"level":"\u001b[32minfo\u001b[39m","message":"{\"method\":\"GET\",\"url\":\"/api/v1/videos/\",\"status\":\"200\",\"responseTime\":\"91.055\"}","timestamp":"2025-11-28T19:26:44.963Z"}
{"level":"\u001b[32minfo\u001b[39m","message":"{\"method\":\"GET\",\"url\":\"/api/v1/tweets/\",\"status\":\"304\",\"responseTime\":\"146.931\"}","timestamp":"2025-11-28T19:26:45.107Z"}
{"level":"\u001b[32minfo\u001b[39m","message":"{\"method\":\"GET\",\"url\":\"/api/v1/videos/\",\"status\":\"304\",\"responseTime\":\"136.809\"}","timestamp":"2025-11-28T19:26:45.112Z"}
{"level":"\u001b[32minfo\u001b[39m","message":"{\"method\":\"GET\",\"url\":\"/api/v1/notifications/unread-count\",\"status\":\"304\",\"responseTime\":\"153.998\"}","timestamp":"2025-11-28T19:26:45.114Z"}
{"level":"\u001b[32minfo\u001b[39m","message":"{\"method\":\"GET\",\"url\":\"/api/v1/videos/6928961613409b594dc01255\",\"status\":\"304\",\"responseTime\":\"406.662\"}","timestamp":"2025-11-28T19:26:50.078Z"}
{"level":"\u001b[32minfo\u001b[39m","message":"{\"method\":\"GET\",\"url\":\"/api/v1/like/v/6928961613409b594dc01255\",\"status\":\"304\",\"responseTime\":\"256.386\"}","timestamp":"2025-11-28T19:26:50.348Z"}
{"level":"\u001b[32minfo\u001b[39m","message":"{\"method\":\"GET\",\"url\":\"/api/v1/videos/6928961613409b594dc01255\",\"status\":\"304\",\"responseTime\":\"342.638\"}","timestamp":"2025-11-28T19:26:50.430Z"}
{"level":"\u001b[32minfo\u001b[39m","message":"{\"method\":\"GET\",\"url\":\"/api/v1/comments/6928961613409b594dc01255\",\"status\":\"201\",\"responseTime\":\"276.957\"}","timestamp":"2025-11-28T19:26:50.639Z"}
{"level":"\u001b[32minfo\u001b[39m","message":"{\"method\":\"GET\",\"url\":\"/api/v1/like/v/6928961613409b594dc01255\",\"status\":\"304\",\"responseTime\":\"247.827\"}","timestamp":"2025-11-28T19:26:50.689Z"}
{"0":"6928961613409b594dc01255","level":"\u001b[32minfo\u001b[39m","message":"Updated watch history: ","timestamp":"2025-11-28T19:26:50.948Z"}
{"level":"\u001b[32minfo\u001b[39m","message":"{\"method\":\"PATCH\",\"url\":\"/api/v1/users/history/add/6928961613409b594dc01255\",\"status\":\"200\",\"responseTime\":\"295.675\"}","timestamp":"2025-11-28T19:26:50.950Z"}
{"level":"\u001b[32minfo\u001b[39m","message":"{\"method\":\"GET\",\"url\":\"/api/v1/comments/6928961613409b594dc01255\",\"status\":\"201\",\"responseTime\":\"279.552\"}","timestamp":"2025-11-28T19:26:50.983Z"}
{"level":"\u001b[32minfo\u001b[39m","message":"{\"method\":\"PATCH\",\"url\":\"/api/v1/videos/views/6928961613409b594dc01255\",\"status\":\"200\",\"responseTime\":\"293.872\"}","timestamp":"2025-11-28T19:26:51.255Z"}
{"0":"6928961613409b594dc01255","level":"\u001b[32minfo\u001b[39m","message":"Updated watch history: ","timestamp":"2025-11-28T19:26:51.430Z"}
{"level":"\u001b[32minfo\u001b[39m","message":"{\"method\":\"PATCH\",\"url\":\"/api/v1/users/history/add/6928961613409b594dc01255\",\"status\":\"200\",\"responseTime\":\"439.777\"}","timestamp":"2025-11-28T19:26:51.435Z"}
{"level":"\u001b[32minfo\u001b[39m","message":"{\"method\":\"PATCH\",\"url\":\"/api/v1/videos/views/6928961613409b594dc01255\",\"status\":\"200\",\"responseTime\":\"311.457\"}","timestamp":"2025-11-28T19:26:51.764Z"}
{"level":"\u001b[32minfo\u001b[39m","message":"Environment variables loaded from .env file","timestamp":"2025-11-28T19:27:03.337Z"}
{"level":"\u001b[32minfo\u001b[39m","message":"Connecting to the database...","timestamp":"2025-11-28T19:27:03.341Z"}
{"level":"\u001b[32minfo\u001b[39m","message":"Connected to the database successfully \n Database Name: vidtube \n Host: ac-umfmukq-shard-00-00.vu6akeu.mongodb.net \n Port: 27017","timestamp":"2025-11-28T19:27:04.228Z"}
{"level":"\u001b[32minfo\u001b[39m","message":"Server is running on port 3000","timestamp":"2025-11-28T19:27:04.244Z"}
{"level":"\u001b[32minfo\u001b[39m","message":"{\"method\":\"GET\",\"url\":\"/api/v1/users/current-user\",\"status\":\"200\",\"responseTime\":\"92.162\"}","timestamp":"2025-11-28T19:27:06.273Z"}
{"level":"\u001b[32minfo\u001b[39m","message":"{\"method\":\"GET\",\"url\":\"/api/v1/users/current-user\",\"status\":\"304\",\"responseTime\":\"44.066\"}","timestamp":"2025-11-28T19:27:06.323Z"}
{"level":"\u001b[32minfo\u001b[39m","message":"{\"method\":\"GET\",\"url\":\"/api/v1/users/theme\",\"status\":\"304\",\"responseTime\":\"45.794\"}","timestamp":"2025-11-28T19:27:06.331Z"}
{"level":"\u001b[32minfo\u001b[39m","message":"{\"method\":\"GET\",\"url\":\"/api/v1/users/theme\",\"status\":\"304\",\"responseTime\":\"50.677\"}","timestamp":"2025-11-28T19:27:06.392Z"}
{"level":"\u001b[32minfo\u001b[39m","message":"{\"method\":\"GET\",\"url\":\"/api/v1/notifications/unread-count\",\"status\":\"304\",\"responseTime\":\"131.365\"}","timestamp":"2025-11-28T19:27:06.509Z"}
{"level":"\u001b[32minfo\u001b[39m","message":"{\"method\":\"GET\",\"url\":\"/api/v1/notifications/unread-count\",\"status\":\"304\",\"responseTime\":\"195.360\"}","timestamp":"2025-11-28T19:27:06.714Z"}
{"level":"\u001b[32minfo\u001b[39m","message":"{\"method\":\"GET\",\"url\":\"/api/v1/videos/6928961613409b594dc01255\",\"status\":\"304\",\"responseTime\":\"411.503\"}","timestamp":"2025-11-28T19:27:06.790Z"}
{"level":"\u001b[32minfo\u001b[39m","message":"{\"method\":\"GET\",\"url\":\"/api/v1/like/v/6928961613409b594dc01255\",\"status\":\"304\",\"responseTime\":\"268.841\"}","timestamp":"2025-11-28T19:27:07.083Z"}
{"level":"\u001b[32minfo\u001b[39m","message":"{\"method\":\"GET\",\"url\":\"/api/v1/videos/6928961613409b594dc01255\",\"status\":\"304\",\"responseTime\":\"376.413\"}","timestamp":"2025-11-28T19:27:07.175Z"}
{"level":"\u001b[32minfo\u001b[39m","message":"{\"method\":\"GET\",\"url\":\"/api/v1/comments/6928961613409b594dc01255\",\"status\":\"201\",\"responseTime\":\"340.129\"}","timestamp":"2025-11-28T19:27:07.438Z"}
{"level":"\u001b[32minfo\u001b[39m","message":"{\"method\":\"GET\",\"url\":\"/api/v1/like/v/6928961613409b594dc01255\",\"status\":\"304\",\"responseTime\":\"282.139\"}","timestamp":"2025-11-28T19:27:07.468Z"}
{"0":"6928961613409b594dc01255","level":"\u001b[32minfo\u001b[39m","message":"Updated watch history: ","timestamp":"2025-11-28T19:27:07.819Z"}
{"level":"\u001b[32minfo\u001b[39m","message":"{\"method\":\"PATCH\",\"url\":\"/api/v1/users/history/add/6928961613409b594dc01255\",\"status\":\"200\",\"responseTime\":\"371.953\"}","timestamp":"2025-11-28T19:27:07.822Z"}
{"level":"\u001b[32minfo\u001b[39m","message":"{\"method\":\"GET\",\"url\":\"/api/v1/comments/6928961613409b594dc01255\",\"status\":\"201\",\"responseTime\":\"367.385\"}","timestamp":"2025-11-28T19:27:07.848Z"}
{"level":"\u001b[32minfo\u001b[39m","message":"{\"method\":\"PATCH\",\"url\":\"/api/v1/videos/views/6928961613409b594dc01255\",\"status\":\"200\",\"responseTime\":\"212.135\"}","timestamp":"2025-11-28T19:27:08.044Z"}
{"0":"6928961613409b594dc01255","level":"\u001b[32minfo\u001b[39m","message":"Updated watch history: ","timestamp":"2025-11-28T19:27:08.143Z"}
{"level":"\u001b[32minfo\u001b[39m","message":"{\"method\":\"PATCH\",\"url\":\"/api/v1/users/history/add/6928961613409b594dc01255\",\"status\":\"200\",\"responseTime\":\"283.962\"}","timestamp":"2025-11-28T19:27:08.144Z"}
{"level":"\u001b[32minfo\u001b[39m","message":"{\"method\":\"PATCH\",\"url\":\"/api/v1/videos/views/6928961613409b594dc01255\",\"status\":\"200\",\"responseTime\":\"226.395\"}","timestamp":"2025-11-28T19:27:08.381Z"}
{"level":"\u001b[32minfo\u001b[39m","message":"{\"method\":\"GET\",\"url\":\"/api/v1/tweets/\",\"status\":\"304\",\"responseTime\":\"203.655\"}","timestamp":"2025-11-28T19:27:48.904Z"}
{"level":"\u001b[32minfo\u001b[39m","message":"{\"method\":\"GET\",\"url\":\"/api/v1/videos/\",\"status\":\"200\",\"responseTime\":\"223.160\"}","timestamp":"2025-11-28T19:27:48.910Z"}
{"level":"\u001b[32minfo\u001b[39m","message":"{\"method\":\"GET\",\"url\":\"/api/v1/videos/\",\"status\":\"304\",\"responseTime\":\"188.608\"}","timestamp":"2025-11-28T19:27:49.109Z"}
{"level":"\u001b[32minfo\u001b[39m","message":"{\"method\":\"GET\",\"url\":\"/api/v1/tweets/\",\"status\":\"304\",\"responseTime\":\"200.879\"}","timestamp":"2025-11-28T19:27:49.114Z"}
{"level":"\u001b[32minfo\u001b[39m","message":"{\"method\":\"GET\",\"url\":\"/api/v1/videos/692898da696e5d9c996d3046\",\"status\":\"200\",\"responseTime\":\"548.597\"}","timestamp":"2025-11-28T19:27:52.489Z"}
{"level":"\u001b[32minfo\u001b[39m","message":"{\"method\":\"GET\",\"url\":\"/api/v1/like/v/692898da696e5d9c996d3046\",\"status\":\"200\",\"responseTime\":\"248.987\"}","timestamp":"2025-11-28T19:27:52.761Z"}
{"level":"\u001b[32minfo\u001b[39m","message":"{\"method\":\"GET\",\"url\":\"/api/v1/videos/692898da696e5d9c996d3046\",\"status\":\"304\",\"responseTime\":\"403.229\"}","timestamp":"2025-11-28T19:27:52.897Z"}
{"level":"\u001b[32minfo\u001b[39m","message":"{\"method\":\"GET\",\"url\":\"/api/v1/comments/692898da696e5d9c996d3046\",\"status\":\"201\",\"responseTime\":\"225.247\"}","timestamp":"2025-11-28T19:27:52.996Z"}
{"level":"\u001b[32minfo\u001b[39m","message":"{\"method\":\"GET\",\"url\":\"/api/v1/like/v/692898da696e5d9c996d3046\",\"status\":\"304\",\"responseTime\":\"102.945\"}","timestamp":"2025-11-28T19:27:53.011Z"}
{"0":"692898da696e5d9c996d3046","1":"6928961613409b594dc01255","level":"\u001b[32minfo\u001b[39m","message":"Updated watch history: ","timestamp":"2025-11-28T19:27:53.370Z"}
{"level":"\u001b[32minfo\u001b[39m","message":"{\"method\":\"PATCH\",\"url\":\"/api/v1/users/history/add/692898da696e5d9c996d3046\",\"status\":\"200\",\"responseTime\":\"365.097\"}","timestamp":"2025-11-28T19:27:53.372Z"}
{"level":"\u001b[32minfo\u001b[39m","message":"{\"method\":\"GET\",\"url\":\"/api/v1/comments/692898da696e5d9c996d3046\",\"status\":\"201\",\"responseTime\":\"355.801\"}","timestamp":"2025-11-28T19:27:53.375Z"}
{"level":"\u001b[32minfo\u001b[39m","message":"{\"method\":\"PATCH\",\"url\":\"/api/v1/videos/views/692898da696e5d9c996d3046\",\"status\":\"200\",\"responseTime\":\"335.031\"}","timestamp":"2025-11-28T19:27:53.717Z"}
{"0":"692898da696e5d9c996d3046","1":"6928961613409b594dc01255","level":"\u001b[32minfo\u001b[39m","message":"Updated watch history: ","timestamp":"2025-11-28T19:27:53.780Z"}
{"level":"\u001b[32minfo\u001b[39m","message":"{\"method\":\"PATCH\",\"url\":\"/api/v1/users/history/add/692898da696e5d9c996d3046\",\"status\":\"200\",\"responseTime\":\"394.745\"}","timestamp":"2025-11-28T19:27:53.781Z"}
{"level":"\u001b[32minfo\u001b[39m","message":"{\"method\":\"PATCH\",\"url\":\"/api/v1/videos/views/692898da696e5d9c996d3046\",\"status\":\"200\",\"responseTime\":\"129.489\"}","timestamp":"2025-11-28T19:27:53.924Z"}
{"level":"\u001b[32minfo\u001b[39m","message":"{\"method\":\"POST\",\"url\":\"/api/v1/comments/692898da696e5d9c996d3046\",\"status\":\"201\",\"responseTime\":\"391.468\"}","timestamp":"2025-11-28T19:28:05.070Z"}
{"level":"\u001b[32minfo\u001b[39m","message":"{\"method\":\"GET\",\"url\":\"/api/v1/comments/692898da696e5d9c996d3046\",\"status\":\"201\",\"responseTime\":\"413.794\"}","timestamp":"2025-11-28T19:28:05.497Z"}
{"level":"\u001b[32minfo\u001b[39m","message":"{\"method\":\"GET\",\"url\":\"/api/v1/notifications/unread-count\",\"status\":\"304\",\"responseTime\":\"235.828\"}","timestamp":"2025-11-28T19:28:06.623Z"}
{"level":"\u001b[32minfo\u001b[39m","message":"{\"method\":\"GET\",\"url\":\"/api/v1/notifications/unread-count\",\"status\":\"304\",\"responseTime\":\"165.271\"}","timestamp":"2025-11-28T19:28:08.363Z"}
{"level":"\u001b[32minfo\u001b[39m","message":"{\"method\":\"PATCH\",\"url\":\"/api/v1/users/theme\",\"status\":\"200\",\"responseTime\":\"178.305\"}","timestamp":"2025-11-28T19:28:08.372Z"}
{"level":"\u001b[32minfo\u001b[39m","message":"{\"method\":\"GET\",\"url\":\"/api/v1/videos/692898da696e5d9c996d3046\",\"status\":\"200\",\"responseTime\":\"477.736\"}","timestamp":"2025-11-28T19:28:08.675Z"}
{"level":"\u001b[32minfo\u001b[39m","message":"{\"method\":\"GET\",\"url\":\"/api/v1/like/v/692898da696e5d9c996d3046\",\"status\":\"304\",\"responseTime\":\"292.162\"}","timestamp":"2025-11-28T19:28:08.979Z"}
{"level":"\u001b[32minfo\u001b[39m","message":"{\"method\":\"GET\",\"url\":\"/api/v1/comments/692898da696e5d9c996d3046\",\"status\":\"201\",\"responseTime\":\"356.225\"}","timestamp":"2025-11-28T19:28:09.349Z"}
{"0":"692898da696e5d9c996d3046","1":"6928961613409b594dc01255","level":"\u001b[32minfo\u001b[39m","message":"Updated watch history: ","timestamp":"2025-11-28T19:28:09.797Z"}
{"level":"\u001b[32minfo\u001b[39m","message":"{\"method\":\"PATCH\",\"url\":\"/api/v1/users/history/add/692898da696e5d9c996d3046\",\"status\":\"200\",\"responseTime\":\"434.626\"}","timestamp":"2025-11-28T19:28:09.798Z"}
{"level":"\u001b[32minfo\u001b[39m","message":"{\"method\":\"PATCH\",\"url\":\"/api/v1/videos/views/692898da696e5d9c996d3046\",\"status\":\"200\",\"responseTime\":\"227.183\"}","timestamp":"2025-11-28T19:28:10.038Z"}
{"level":"\u001b[32minfo\u001b[39m","message":"{\"method\":\"GET\",\"url\":\"/api/v1/notifications/unread-count\",\"status\":\"304\",\"responseTime\":\"177.954\"}","timestamp":"2025-11-28T19:28:12.874Z"}
{"level":"\u001b[32minfo\u001b[39m","message":"{\"method\":\"PATCH\",\"url\":\"/api/v1/users/theme\",\"status\":\"200\",\"responseTime\":\"188.447\"}","timestamp":"2025-11-28T19:28:12.880Z"}
{"level":"\u001b[32minfo\u001b[39m","message":"{\"method\":\"GET\",\"url\":\"/api/v1/videos/692898da696e5d9c996d3046\",\"status\":\"304\",\"responseTime\":\"377.946\"}","timestamp":"2025-11-28T19:28:13.075Z"}
{"level":"\u001b[32minfo\u001b[39m","message":"{\"method\":\"GET\",\"url\":\"/api/v1/like/v/692898da696e5d9c996d3046\",\"status\":\"304\",\"responseTime\":\"297.731\"}","timestamp":"2025-11-28T19:28:13.381Z"}
{"level":"\u001b[32minfo\u001b[39m","message":"{\"method\":\"GET\",\"url\":\"/api/v1/comments/692898da696e5d9c996d3046\",\"status\":\"201\",\"responseTime\":\"403.521\"}","timestamp":"2025-11-28T19:28:13.793Z"}
{"0":"692898da696e5d9c996d3046","1":"6928961613409b594dc01255","level":"\u001b[32minfo\u001b[39m","message":"Updated watch history: ","timestamp":"2025-11-28T19:28:14.166Z"}
{"level":"\u001b[32minfo\u001b[39m","message":"{\"method\":\"PATCH\",\"url\":\"/api/v1/users/history/add/692898da696e5d9c996d3046\",\"status\":\"200\",\"responseTime\":\"366.309\"}","timestamp":"2025-11-28T19:28:14.167Z"}
{"level":"\u001b[32minfo\u001b[39m","message":"{\"method\":\"PATCH\",\"url\":\"/api/v1/videos/views/692898da696e5d9c996d3046\",\"status\":\"200\",\"responseTime\":\"228.293\"}","timestamp":"2025-11-28T19:28:14.406Z"}
{"level":"\u001b[32minfo\u001b[39m","message":"{\"method\":\"GET\",\"url\":\"/api/v1/notifications/?page=1&limit=20\",\"status\":\"304\",\"responseTime\":\"405.796\"}","timestamp":"2025-11-28T19:28:21.576Z"}
{"level":"\u001b[32minfo\u001b[39m","message":"{\"method\":\"GET\",\"url\":\"/api/v1/notifications/?page=1&limit=20\",\"status\":\"304\",\"responseTime\":\"401.867\"}","timestamp":"2025-11-28T19:28:21.984Z"}
{"level":"\u001b[32minfo\u001b[39m","message":"{\"method\":\"GET\",\"url\":\"/api/v1/videos/\",\"status\":\"200\",\"responseTime\":\"193.689\"}","timestamp":"2025-11-28T19:28:24.750Z"}
{"level":"\u001b[32minfo\u001b[39m","message":"{\"method\":\"GET\",\"url\":\"/api/v1/tweets/\",\"status\":\"304\",\"responseTime\":\"176.183\"}","timestamp":"2025-11-28T19:28:24.753Z"}
{"level":"\u001b[32minfo\u001b[39m","message":"{\"method\":\"GET\",\"url\":\"/api/v1/tweets/\",\"status\":\"304\",\"responseTime\":\"156.723\"}","timestamp":"2025-11-28T19:28:24.933Z"}
{"level":"\u001b[32minfo\u001b[39m","message":"{\"method\":\"GET\",\"url\":\"/api/v1/videos/\",\"status\":\"304\",\"responseTime\":\"174.641\"}","timestamp":"2025-11-28T19:28:24.937Z"}
{"level":"\u001b[32minfo\u001b[39m","message":"{\"method\":\"GET\",\"url\":\"/api/v1/notifications/unread-count\",\"status\":\"304\",\"responseTime\":\"187.379\"}","timestamp":"2025-11-28T19:29:13.290Z"}
{"level":"\u001b[32minfo\u001b[39m","message":"{\"method\":\"GET\",\"url\":\"/api/v1/like/videos\",\"status\":\"200\",\"responseTime\":\"221.122\"}","timestamp":"2025-11-28T19:29:26.602Z"}
{"level":"\u001b[32minfo\u001b[39m","message":"{\"method\":\"GET\",\"url\":\"/api/v1/like/videos\",\"status\":\"304\",\"responseTime\":\"200.560\"}","timestamp":"2025-11-28T19:29:26.808Z"}
{"level":"\u001b[32minfo\u001b[39m","message":"{\"method\":\"GET\",\"url\":\"/api/v1/users/u/692891628b3cde57350a5bfa\",\"status\":\"304\",\"responseTime\":\"190.795\"}","timestamp":"2025-11-28T19:29:27.013Z"}
{"level":"\u001b[32minfo\u001b[39m","message":"{\"method\":\"GET\",\"url\":\"/api/v1/users/u/692891628b3cde57350a5bfa\",\"status\":\"304\",\"responseTime\":\"199.138\"}","timestamp":"2025-11-28T19:29:27.218Z"}
{"level":"\u001b[32minfo\u001b[39m","message":"{\"method\":\"GET\",\"url\":\"/api/v1/playlist/user/692891ae8b3cde57350a5bfe\",\"status\":\"200\",\"responseTime\":\"354.986\"}","timestamp":"2025-11-28T19:29:28.345Z"}
{"level":"\u001b[32minfo\u001b[39m","message":"{\"method\":\"GET\",\"url\":\"/api/v1/playlist/user/692891ae8b3cde57350a5bfe\",\"status\":\"304\",\"responseTime\":\"299.068\"}","timestamp":"2025-11-28T19:29:28.655Z"}
{"level":"\u001b[32minfo\u001b[39m","message":"{\"method\":\"GET\",\"url\":\"/api/v1/notifications/?page=1&limit=20\",\"status\":\"304\",\"responseTime\":\"400.652\"}","timestamp":"2025-11-28T19:29:29.983Z"}
{"level":"\u001b[32minfo\u001b[39m","message":"{\"method\":\"GET\",\"url\":\"/api/v1/notifications/?page=1&limit=20\",\"status\":\"304\",\"responseTime\":\"273.131\"}","timestamp":"2025-11-28T19:29:30.266Z"}
{"level":"\u001b[32minfo\u001b[39m","message":"{\"method\":\"GET\",\"url\":\"/api/v1/playlist/user/692891ae8b3cde57350a5bfe\",\"status\":\"304\",\"responseTime\":\"344.466\"}","timestamp":"2025-11-28T19:29:31.827Z"}
{"level":"\u001b[32minfo\u001b[39m","message":"{\"method\":\"GET\",\"url\":\"/api/v1/playlist/user/692891ae8b3cde57350a5bfe\",\"status\":\"304\",\"responseTime\":\"299.215\"}","timestamp":"2025-11-28T19:29:32.133Z"}
{"level":"\u001b[32minfo\u001b[39m","message":"{\"method\":\"GET\",\"url\":\"/api/v1/like/videos\",\"status\":\"304\",\"responseTime\":\"106.162\"}","timestamp":"2025-11-28T19:29:33.963Z"}
{"level":"\u001b[32minfo\u001b[39m","message":"{\"method\":\"GET\",\"url\":\"/api/v1/like/videos\",\"status\":\"304\",\"responseTime\":\"211.548\"}","timestamp":"2025-11-28T19:29:34.181Z"}
{"level":"\u001b[32minfo\u001b[39m","message":"{\"method\":\"GET\",\"url\":\"/api/v1/users/u/692891628b3cde57350a5bfa\",\"status\":\"304\",\"responseTime\":\"202.299\"}","timestamp":"2025-11-28T19:29:34.184Z"}
{"level":"\u001b[32minfo\u001b[39m","message":"{\"method\":\"GET\",\"url\":\"/api/v1/users/u/692891628b3cde57350a5bfa\",\"status\":\"304\",\"responseTime\":\"94.263\"}","timestamp":"2025-11-28T19:29:34.284Z"}
{"level":"\u001b[32minfo\u001b[39m","message":"{\"method\":\"GET\",\"url\":\"/api/v1/videos/\",\"status\":\"304\",\"responseTime\":\"168.548\"}","timestamp":"2025-11-28T19:29:35.002Z"}
{"level":"\u001b[32minfo\u001b[39m","message":"{\"method\":\"GET\",\"url\":\"/api/v1/tweets/\",\"status\":\"304\",\"responseTime\":\"161.191\"}","timestamp":"2025-11-28T19:29:35.005Z"}
{"level":"\u001b[32minfo\u001b[39m","message":"{\"method\":\"GET\",\"url\":\"/api/v1/videos/\",\"status\":\"304\",\"responseTime\":\"87.281\"}","timestamp":"2025-11-28T19:29:35.097Z"}
{"level":"\u001b[32minfo\u001b[39m","message":"{\"method\":\"GET\",\"url\":\"/api/v1/tweets/\",\"status\":\"304\",\"responseTime\":\"88.514\"}","timestamp":"2025-11-28T19:29:35.107Z"}
{"level":"\u001b[32minfo\u001b[39m","message":"{\"method\":\"GET\",\"url\":\"/api/v1/notifications/?page=1&limit=20\",\"status\":\"304\",\"responseTime\":\"416.474\"}","timestamp":"2025-11-28T19:29:37.050Z"}
{"level":"\u001b[32minfo\u001b[39m","message":"{\"method\":\"GET\",\"url\":\"/api/v1/notifications/?page=1&limit=20\",\"status\":\"304\",\"responseTime\":\"403.868\"}","timestamp":"2025-11-28T19:29:37.459Z"}
{"level":"\u001b[32minfo\u001b[39m","message":"{\"method\":\"GET\",\"url\":\"/api/v1/dashboard/videos\",\"status\":\"200\",\"responseTime\":\"141.901\"}","timestamp":"2025-11-28T19:29:38.174Z"}
{"level":"\u001b[32minfo\u001b[39m","message":"{\"method\":\"GET\",\"url\":\"/api/v1/dashboard/stats\",\"status\":\"200\",\"responseTime\":\"258.520\"}","timestamp":"2025-11-28T19:29:38.273Z"}
{"level":"\u001b[32minfo\u001b[39m","message":"{\"method\":\"GET\",\"url\":\"/api/v1/dashboard/videos\",\"status\":\"304\",\"responseTime\":\"111.078\"}","timestamp":"2025-11-28T19:29:38.291Z"}
{"level":"\u001b[32minfo\u001b[39m","message":"{\"method\":\"GET\",\"url\":\"/api/v1/dashboard/stats\",\"status\":\"304\",\"responseTime\":\"307.154\"}","timestamp":"2025-11-28T19:29:38.586Z"}
{"level":"\u001b[32minfo\u001b[39m","message":"{\"method\":\"GET\",\"url\":\"/api/v1/notifications/?page=1&limit=20\",\"status\":\"304\",\"responseTime\":\"276.923\"}","timestamp":"2025-11-28T19:29:39.404Z"}
{"level":"\u001b[32minfo\u001b[39m","message":"{\"method\":\"GET\",\"url\":\"/api/v1/notifications/?page=1&limit=20\",\"status\":\"304\",\"responseTime\":\"170.478\"}","timestamp":"2025-11-28T19:29:39.579Z"}
{"level":"\u001b[32minfo\u001b[39m","message":"{\"method\":\"GET\",\"url\":\"/api/v1/dashboard/videos\",\"status\":\"304\",\"responseTime\":\"234.877\"}","timestamp":"2025-11-28T19:29:40.227Z"}
{"level":"\u001b[32minfo\u001b[39m","message":"{\"method\":\"GET\",\"url\":\"/api/v1/dashboard/stats\",\"status\":\"304\",\"responseTime\":\"391.692\"}","timestamp":"2025-11-28T19:29:40.373Z"}
{"level":"\u001b[32minfo\u001b[39m","message":"{\"method\":\"GET\",\"url\":\"/api/v1/dashboard/videos\",\"status\":\"304\",\"responseTime\":\"193.849\"}","timestamp":"2025-11-28T19:29:40.427Z"}
{"level":"\u001b[32minfo\u001b[39m","message":"{\"method\":\"GET\",\"url\":\"/api/v1/dashboard/stats\",\"status\":\"304\",\"responseTime\":\"327.708\"}","timestamp":"2025-11-28T19:29:40.735Z"}
{"level":"\u001b[32minfo\u001b[39m","message":"{\"method\":\"GET\",\"url\":\"/api/v1/videos/\",\"status\":\"304\",\"responseTime\":\"76.678\"}","timestamp":"2025-11-28T19:29:46.604Z"}
{"level":"\u001b[32minfo\u001b[39m","message":"{\"method\":\"GET\",\"url\":\"/api/v1/tweets/\",\"status\":\"304\",\"responseTime\":\"74.068\"}","timestamp":"2025-11-28T19:29:46.618Z"}
{"level":"\u001b[32minfo\u001b[39m","message":"{\"method\":\"GET\",\"url\":\"/api/v1/videos/\",\"status\":\"304\",\"responseTime\":\"79.307\"}","timestamp":"2025-11-28T19:29:46.690Z"}
{"level":"\u001b[32minfo\u001b[39m","message":"{\"method\":\"GET\",\"url\":\"/api/v1/tweets/\",\"status\":\"304\",\"responseTime\":\"82.051\"}","timestamp":"2025-11-28T19:29:46.708Z"}
{"level":"\u001b[32minfo\u001b[39m","message":"{\"method\":\"GET\",\"url\":\"/api/v1/notifications/unread-count\",\"status\":\"304\",\"responseTime\":\"194.195\"}","timestamp":"2025-11-28T19:30:13.296Z"}
{"level":"\u001b[32minfo\u001b[39m","message":"{\"method\":\"GET\",\"url\":\"/api/v1/notifications/unread-count\",\"status\":\"304\",\"responseTime\":\"195.756\"}","timestamp":"2025-11-28T19:31:13.298Z"}
{"level":"\u001b[32minfo\u001b[39m","message":"{\"method\":\"GET\",\"url\":\"/api/v1/notifications/unread-count\",\"status\":\"304\",\"responseTime\":\"212.422\"}","timestamp":"2025-11-28T19:32:13.324Z"}
{"level":"\u001b[32minfo\u001b[39m","message":"{\"method\":\"GET\",\"url\":\"/api/v1/notifications/unread-count\",\"status\":\"304\",\"responseTime\":\"196.383\"}","timestamp":"2025-11-28T19:33:13.303Z"}
{"level":"\u001b[32minfo\u001b[39m","message":"{\"method\":\"GET\",\"url\":\"/api/v1/notifications/unread-count\",\"status\":\"304\",\"responseTime\":\"226.860\"}","timestamp":"2025-11-28T19:34:13.342Z"}
{"level":"\u001b[32minfo\u001b[39m","message":"{\"method\":\"GET\",\"url\":\"/api/v1/notifications/unread-count\",\"status\":\"304\",\"responseTime\":\"198.129\"}","timestamp":"2025-11-28T19:35:23.643Z"}
{"level":"\u001b[32minfo\u001b[39m","message":"{\"method\":\"GET\",\"url\":\"/api/v1/users/current-user\",\"status\":\"200\",\"responseTime\":\"82.688\"}","timestamp":"2025-11-28T19:35:26.637Z"}
{"level":"\u001b[32minfo\u001b[39m","message":"{\"method\":\"GET\",\"url\":\"/api/v1/users/current-user\",\"status\":\"304\",\"responseTime\":\"37.771\"}","timestamp":"2025-11-28T19:35:26.680Z"}
{"level":"\u001b[32minfo\u001b[39m","message":"{\"method\":\"GET\",\"url\":\"/api/v1/users/theme\",\"status\":\"200\",\"responseTime\":\"72.793\"}","timestamp":"2025-11-28T19:35:26.732Z"}
{"level":"\u001b[32minfo\u001b[39m","message":"{\"method\":\"GET\",\"url\":\"/api/v1/users/theme\",\"status\":\"304\",\"responseTime\":\"77.754\"}","timestamp":"2025-11-28T19:35:26.813Z"}
{"level":"\u001b[32minfo\u001b[39m","message":"{\"method\":\"GET\",\"url\":\"/api/v1/videos/\",\"status\":\"304\",\"responseTime\":\"180.451\"}","timestamp":"2025-11-28T19:35:26.975Z"}
{"level":"\u001b[32minfo\u001b[39m","message":"{\"method\":\"GET\",\"url\":\"/api/v1/tweets/\",\"status\":\"304\",\"responseTime\":\"181.485\"}","timestamp":"2025-11-28T19:35:26.977Z"}
{"level":"\u001b[32minfo\u001b[39m","message":"{\"method\":\"GET\",\"url\":\"/api/v1/notifications/unread-count\",\"status\":\"304\",\"responseTime\":\"184.469\"}","timestamp":"2025-11-28T19:35:26.978Z"}
{"level":"\u001b[32minfo\u001b[39m","message":"{\"method\":\"GET\",\"url\":\"/api/v1/tweets/\",\"status\":\"304\",\"responseTime\":\"192.086\"}","timestamp":"2025-11-28T19:35:27.181Z"}
{"level":"\u001b[32minfo\u001b[39m","message":"{\"method\":\"GET\",\"url\":\"/api/v1/videos/\",\"status\":\"304\",\"responseTime\":\"199.007\"}","timestamp":"2025-11-28T19:35:27.187Z"}
{"level":"\u001b[32minfo\u001b[39m","message":"{\"method\":\"GET\",\"url\":\"/api/v1/notifications/unread-count\",\"status\":\"304\",\"responseTime\":\"200.990\"}","timestamp":"2025-11-28T19:35:27.191Z"}
{"level":"\u001b[32minfo\u001b[39m","message":"{\"method\":\"GET\",\"url\":\"/api/v1/videos/6928961613409b594dc01255\",\"status\":\"304\",\"responseTime\":\"426.155\"}","timestamp":"2025-11-28T19:35:31.072Z"}
{"level":"\u001b[32minfo\u001b[39m","message":"{\"method\":\"GET\",\"url\":\"/api/v1/like/v/6928961613409b594dc01255\",\"status\":\"304\",\"responseTime\":\"250.034\"}","timestamp":"2025-11-28T19:35:31.331Z"}
{"level":"\u001b[32minfo\u001b[39m","message":"{\"method\":\"GET\",\"url\":\"/api/v1/videos/6928961613409b594dc01255\",\"status\":\"304\",\"responseTime\":\"396.575\"}","timestamp":"2025-11-28T19:35:31.473Z"}
{"level":"\u001b[32minfo\u001b[39m","message":"{\"method\":\"GET\",\"url\":\"/api/v1/comments/6928961613409b594dc01255\",\"status\":\"201\",\"responseTime\":\"286.423\"}","timestamp":"2025-11-28T19:35:31.630Z"}
{"level":"\u001b[32minfo\u001b[39m","message":"{\"method\":\"GET\",\"url\":\"/api/v1/like/v/6928961613409b594dc01255\",\"status\":\"304\",\"responseTime\":\"270.559\"}","timestamp":"2025-11-28T19:35:31.753Z"}
{"0":"6928961613409b594dc01255","1":"692898da696e5d9c996d3046","level":"\u001b[32minfo\u001b[39m","message":"Updated watch history: ","timestamp":"2025-11-28T19:35:32.024Z"}
{"level":"\u001b[32minfo\u001b[39m","message":"{\"method\":\"PATCH\",\"url\":\"/api/v1/users/history/add/6928961613409b594dc01255\",\"status\":\"200\",\"responseTime\":\"382.714\"}","timestamp":"2025-11-28T19:35:32.025Z"}
{"level":"\u001b[32minfo\u001b[39m","message":"{\"method\":\"GET\",\"url\":\"/api/v1/comments/6928961613409b594dc01255\",\"status\":\"201\",\"responseTime\":\"296.789\"}","timestamp":"2025-11-28T19:35:32.062Z"}
{"level":"\u001b[32minfo\u001b[39m","message":"{\"method\":\"PATCH\",\"url\":\"/api/v1/videos/views/6928961613409b594dc01255\",\"status\":\"200\",\"responseTime\":\"306.113\"}","timestamp":"2025-11-28T19:35:32.343Z"}
{"0":"6928961613409b594dc01255","1":"692898da696e5d9c996d3046","level":"\u001b[32minfo\u001b[39m","message":"Updated watch history: ","timestamp":"2025-11-28T19:35:32.544Z"}
{"level":"\u001b[32minfo\u001b[39m","message":"{\"method\":\"PATCH\",\"url\":\"/api/v1/users/history/add/6928961613409b594dc01255\",\"status\":\"200\",\"responseTime\":\"468.964\"}","timestamp":"2025-11-28T19:35:32.546Z"}
{"level":"\u001b[32minfo\u001b[39m","message":"{\"method\":\"PATCH\",\"url\":\"/api/v1/videos/views/6928961613409b594dc01255\",\"status\":\"200\",\"responseTime\":\"198.669\"}","timestamp":"2025-11-28T19:35:32.758Z"}
{"level":"\u001b[32minfo\u001b[39m","message":"{\"method\":\"GET\",\"url\":\"/api/v1/notifications/unread-count\",\"status\":\"304\",\"responseTime\":\"196.753\"}","timestamp":"2025-11-28T19:36:26.983Z"}
{"level":"\u001b[32minfo\u001b[39m","message":"{\"method\":\"GET\",\"url\":\"/api/v1/notifications/unread-count\",\"status\":\"304\",\"responseTime\":\"73.766\"}","timestamp":"2025-11-28T19:37:26.868Z"}
{"level":"\u001b[32minfo\u001b[39m","message":"{\"method\":\"GET\",\"url\":\"/api/v1/notifications/unread-count\",\"status\":\"304\",\"responseTime\":\"220.295\"}","timestamp":"2025-11-28T19:38:27.004Z"}
{"level":"\u001b[32minfo\u001b[39m","message":"{\"method\":\"GET\",\"url\":\"/api/v1/notifications/unread-count\",\"status\":\"304\",\"responseTime\":\"155.751\"}","timestamp":"2025-11-28T19:39:27.266Z"}
{"level":"\u001b[32minfo\u001b[39m","message":"{\"method\":\"GET\",\"url\":\"/api/v1/notifications/unread-count\",\"status\":\"304\",\"responseTime\":\"228.333\"}","timestamp":"2025-11-28T19:40:27.335Z"}
{"level":"\u001b[32minfo\u001b[39m","message":"{\"method\":\"GET\",\"url\":\"/api/v1/notifications/unread-count\",\"status\":\"304\",\"responseTime\":\"130.678\"}","timestamp":"2025-11-28T19:41:27.243Z"}
{"level":"\u001b[32minfo\u001b[39m","message":"{\"method\":\"GET\",\"url\":\"/api/v1/videos/6928961613409b594dc01255\",\"status\":\"304\",\"responseTime\":\"540.544\"}","timestamp":"2025-11-28T19:42:25.077Z"}
{"level":"\u001b[32minfo\u001b[39m","message":"{\"method\":\"GET\",\"url\":\"/api/v1/like/v/6928961613409b594dc01255\",\"status\":\"304\",\"responseTime\":\"285.393\"}","timestamp":"2025-11-28T19:42:25.413Z"}
{"level":"\u001b[32minfo\u001b[39m","message":"{\"method\":\"GET\",\"url\":\"/api/v1/comments/6928961613409b594dc01255\",\"status\":\"201\",\"responseTime\":\"323.627\"}","timestamp":"2025-11-28T19:42:25.780Z"}
{"0":"6928961613409b594dc01255","1":"692898da696e5d9c996d3046","level":"\u001b[32minfo\u001b[39m","message":"Updated watch history: ","timestamp":"2025-11-28T19:42:26.187Z"}
{"level":"\u001b[32minfo\u001b[39m","message":"{\"method\":\"PATCH\",\"url\":\"/api/v1/users/history/add/6928961613409b594dc01255\",\"status\":\"200\",\"responseTime\":\"380.183\"}","timestamp":"2025-11-28T19:42:26.188Z"}
{"level":"\u001b[32minfo\u001b[39m","message":"{\"method\":\"PATCH\",\"url\":\"/api/v1/videos/views/6928961613409b594dc01255\",\"status\":\"200\",\"responseTime\":\"240.752\"}","timestamp":"2025-11-28T19:42:26.437Z"}
{"level":"\u001b[32minfo\u001b[39m","message":"{\"method\":\"GET\",\"url\":\"/api/v1/notifications/unread-count\",\"status\":\"304\",\"responseTime\":\"227.910\"}","timestamp":"2025-11-28T19:42:27.254Z"}
{"level":"\u001b[32minfo\u001b[39m","message":"{\"method\":\"GET\",\"url\":\"/api/v1/notifications/?page=1&limit=20\",\"status\":\"304\",\"responseTime\":\"429.837\"}","timestamp":"2025-11-28T19:42:40.361Z"}
{"level":"\u001b[32minfo\u001b[39m","message":"{\"method\":\"GET\",\"url\":\"/api/v1/notifications/?page=1&limit=20\",\"status\":\"304\",\"responseTime\":\"402.880\"}","timestamp":"2025-11-28T19:42:40.772Z"}
{"level":"\u001b[32minfo\u001b[39m","message":"{\"method\":\"PATCH\",\"url\":\"/api/v1/notifications/read\",\"status\":\"200\",\"responseTime\":\"210.074\"}","timestamp":"2025-11-28T19:42:42.410Z"}
{"level":"\u001b[32minfo\u001b[39m","message":"{\"method\":\"GET\",\"url\":\"/api/v1/videos/\",\"status\":\"200\",\"responseTime\":\"185.947\"}","timestamp":"2025-11-28T19:42:49.068Z"}
{"level":"\u001b[32minfo\u001b[39m","message":"{\"method\":\"GET\",\"url\":\"/api/v1/tweets/\",\"status\":\"304\",\"responseTime\":\"177.239\"}","timestamp":"2025-11-28T19:42:49.072Z"}
{"level":"\u001b[32minfo\u001b[39m","message":"{\"method\":\"GET\",\"url\":\"/api/v1/tweets/\",\"status\":\"304\",\"responseTime\":\"98.634\"}","timestamp":"2025-11-28T19:42:49.178Z"}
{"level":"\u001b[32minfo\u001b[39m","message":"{\"method\":\"GET\",\"url\":\"/api/v1/videos/\",\"status\":\"304\",\"responseTime\":\"102.838\"}","timestamp":"2025-11-28T19:42:49.181Z"}
{"level":"\u001b[32minfo\u001b[39m","message":"{\"method\":\"GET\",\"url\":\"/api/v1/notifications/unread-count\",\"status\":\"200\",\"responseTime\":\"221.859\"}","timestamp":"2025-11-28T19:42:52.959Z"}
{"level":"\u001b[32minfo\u001b[39m","message":"{\"method\":\"PATCH\",\"url\":\"/api/v1/users/theme\",\"status\":\"200\",\"responseTime\":\"229.981\"}","timestamp":"2025-11-28T19:42:52.962Z"}
{"level":"\u001b[32minfo\u001b[39m","message":"{\"method\":\"GET\",\"url\":\"/api/v1/tweets/\",\"status\":\"304\",\"responseTime\":\"225.790\"}","timestamp":"2025-11-28T19:42:52.964Z"}
{"level":"\u001b[32minfo\u001b[39m","message":"{\"method\":\"GET\",\"url\":\"/api/v1/videos/\",\"status\":\"200\",\"responseTime\":\"228.300\"}","timestamp":"2025-11-28T19:42:52.966Z"}
{"level":"\u001b[32minfo\u001b[39m","message":"{\"method\":\"GET\",\"url\":\"/api/v1/videos/6928961613409b594dc01255\",\"status\":\"304\",\"responseTime\":\"527.259\"}","timestamp":"2025-11-28T19:43:14.464Z"}
{"level":"\u001b[32minfo\u001b[39m","message":"{\"method\":\"GET\",\"url\":\"/api/v1/like/v/6928961613409b594dc01255\",\"status\":\"304\",\"responseTime\":\"298.153\"}","timestamp":"2025-11-28T19:43:14.772Z"}
{"level":"\u001b[32minfo\u001b[39m","message":"{\"method\":\"GET\",\"url\":\"/api/v1/videos/6928961613409b594dc01255\",\"status\":\"304\",\"responseTime\":\"366.069\"}","timestamp":"2025-11-28T19:43:14.836Z"}
{"level":"\u001b[32minfo\u001b[39m","message":"{\"method\":\"GET\",\"url\":\"/api/v1/comments/6928961613409b594dc01255\",\"status\":\"201\",\"responseTime\":\"191.405\"}","timestamp":"2025-11-28T19:43:14.978Z"}
{"level":"\u001b[32minfo\u001b[39m","message":"{\"method\":\"GET\",\"url\":\"/api/v1/like/v/6928961613409b594dc01255\",\"status\":\"304\",\"responseTime\":\"162.426\"}","timestamp":"2025-11-28T19:43:15.011Z"}
{"0":"6928961613409b594dc01255","1":"692898da696e5d9c996d3046","level":"\u001b[32minfo\u001b[39m","message":"Updated watch history: ","timestamp":"2025-11-28T19:43:15.136Z"}
{"level":"\u001b[32minfo\u001b[39m","message":"{\"method\":\"PATCH\",\"url\":\"/api/v1/users/history/add/6928961613409b594dc01255\",\"status\":\"200\",\"responseTime\":\"144.270\"}","timestamp":"2025-11-28T19:43:15.137Z"}
{"level":"\u001b[32minfo\u001b[39m","message":"{\"method\":\"GET\",\"url\":\"/api/v1/comments/6928961613409b594dc01255\",\"status\":\"201\",\"responseTime\":\"130.356\"}","timestamp":"2025-11-28T19:43:15.151Z"}
{"level":"\u001b[32minfo\u001b[39m","message":"{\"method\":\"PATCH\",\"url\":\"/api/v1/videos/views/6928961613409b594dc01255\",\"status\":\"200\",\"responseTime\":\"753.799\"}","timestamp":"2025-11-28T19:43:15.900Z"}
{"0":"6928961613409b594dc01255","1":"692898da696e5d9c996d3046","level":"\u001b[32minfo\u001b[39m","message":"Updated watch history: ","timestamp":"2025-11-28T19:43:16.111Z"}
{"level":"\u001b[32minfo\u001b[39m","message":"{\"method\":\"PATCH\",\"url\":\"/api/v1/users/history/add/6928961613409b594dc01255\",\"status\":\"200\",\"responseTime\":\"938.834\"}","timestamp":"2025-11-28T19:43:16.113Z"}
{"level":"\u001b[32minfo\u001b[39m","message":"{\"method\":\"PATCH\",\"url\":\"/api/v1/videos/views/6928961613409b594dc01255\",\"status\":\"200\",\"responseTime\":\"282.757\"}","timestamp":"2025-11-28T19:43:16.411Z"}
{"level":"\u001b[32minfo\u001b[39m","message":"{\"method\":\"POST\",\"url\":\"/api/v1/like/c/6929f55126e038a2dec313d4\",\"status\":\"200\",\"responseTime\":\"588.988\"}","timestamp":"2025-11-28T19:43:20.301Z"}
{"level":"\u001b[32minfo\u001b[39m","message":"{\"method\":\"GET\",\"url\":\"/api/v1/notifications/unread-count\",\"status\":\"304\",\"responseTime\":\"164.504\"}","timestamp":"2025-11-28T19:43:53.276Z"}
{"level":"\u001b[32minfo\u001b[39m","message":"Environment variables loaded from .env file","timestamp":"2025-11-28T19:44:39.317Z"}
{"level":"\u001b[32minfo\u001b[39m","message":"Connecting to the database...","timestamp":"2025-11-28T19:44:39.322Z"}
{"level":"\u001b[32minfo\u001b[39m","message":"Connected to the database successfully \n Database Name: vidtube \n Host: ac-umfmukq-shard-00-01.vu6akeu.mongodb.net \n Port: 27017","timestamp":"2025-11-28T19:44:40.248Z"}
{"level":"\u001b[32minfo\u001b[39m","message":"Server is running on port 3000","timestamp":"2025-11-28T19:44:40.255Z"}
{"level":"\u001b[32minfo\u001b[39m","message":"{\"method\":\"GET\",\"url\":\"/api/v1/notifications/unread-count\",\"status\":\"304\",\"responseTime\":\"222.250\"}","timestamp":"2025-11-28T19:44:53.348Z"}
{"level":"\u001b[32minfo\u001b[39m","message":"Environment variables loaded from .env file","timestamp":"2025-11-28T19:44:57.584Z"}
{"level":"\u001b[32minfo\u001b[39m","message":"Connecting to the database...","timestamp":"2025-11-28T19:44:57.588Z"}
{"level":"\u001b[32minfo\u001b[39m","message":"Connected to the database successfully \n Database Name: vidtube \n Host: ac-umfmukq-shard-00-01.vu6akeu.mongodb.net \n Port: 27017","timestamp":"2025-11-28T19:44:58.711Z"}
{"level":"\u001b[32minfo\u001b[39m","message":"Server is running on port 3000","timestamp":"2025-11-28T19:44:58.720Z"}
{"level":"\u001b[32minfo\u001b[39m","message":"{\"method\":\"GET\",\"url\":\"/api/v1/notifications/unread-count\",\"status\":\"304\",\"responseTime\":\"182.968\"}","timestamp":"2025-11-28T19:45:53.299Z"}
{"level":"\u001b[32minfo\u001b[39m","message":"{\"method\":\"GET\",\"url\":\"/api/v1/videos/6928961613409b594dc01255\",\"status\":\"304\",\"responseTime\":\"495.348\"}","timestamp":"2025-11-28T19:46:21.618Z"}
{"level":"\u001b[32minfo\u001b[39m","message":"{\"method\":\"GET\",\"url\":\"/api/v1/like/v/6928961613409b594dc01255\",\"status\":\"304\",\"responseTime\":\"239.718\"}","timestamp":"2025-11-28T19:46:21.868Z"}
{"level":"\u001b[32minfo\u001b[39m","message":"{\"method\":\"GET\",\"url\":\"/api/v1/comments/6928961613409b594dc01255\",\"status\":\"201\",\"responseTime\":\"405.106\"}","timestamp":"2025-11-28T19:46:22.283Z"}
{"0":"6928961613409b594dc01255","1":"692898da696e5d9c996d3046","level":"\u001b[32minfo\u001b[39m","message":"Updated watch history: ","timestamp":"2025-11-28T19:46:22.551Z"}
{"level":"\u001b[32minfo\u001b[39m","message":"{\"method\":\"PATCH\",\"url\":\"/api/v1/users/history/add/6928961613409b594dc01255\",\"status\":\"200\",\"responseTime\":\"249.573\"}","timestamp":"2025-11-28T19:46:22.553Z"}
{"level":"\u001b[32minfo\u001b[39m","message":"{\"method\":\"PATCH\",\"url\":\"/api/v1/videos/views/6928961613409b594dc01255\",\"status\":\"200\",\"responseTime\":\"226.411\"}","timestamp":"2025-11-28T19:46:22.788Z"}
{"level":"\u001b[32minfo\u001b[39m","message":"{\"method\":\"GET\",\"url\":\"/api/v1/notifications/unread-count\",\"status\":\"304\",\"responseTime\":\"73.537\"}","timestamp":"2025-11-28T19:46:53.181Z"}
{"level":"\u001b[32minfo\u001b[39m","message":"{\"method\":\"GET\",\"url\":\"/api/v1/users/current-user\",\"status\":\"200\",\"responseTime\":\"81.675\"}","timestamp":"2025-11-28T19:46:57.713Z"}
{"level":"\u001b[32minfo\u001b[39m","message":"{\"method\":\"GET\",\"url\":\"/api/v1/users/current-user\",\"status\":\"304\",\"responseTime\":\"70.844\"}","timestamp":"2025-11-28T19:46:57.792Z"}
{"level":"\u001b[32minfo\u001b[39m","message":"{\"method\":\"GET\",\"url\":\"/api/v1/users/theme\",\"status\":\"200\",\"responseTime\":\"83.509\"}","timestamp":"2025-11-28T19:46:57.855Z"}
{"level":"\u001b[32minfo\u001b[39m","message":"{\"method\":\"GET\",\"url\":\"/api/v1/users/theme\",\"status\":\"304\",\"responseTime\":\"60.195\"}","timestamp":"2025-11-28T19:46:57.920Z"}
{"level":"\u001b[32minfo\u001b[39m","message":"{\"method\":\"GET\",\"url\":\"/api/v1/notifications/unread-count\",\"status\":\"304\",\"responseTime\":\"87.097\"}","timestamp":"2025-11-28T19:46:57.999Z"}
{"level":"\u001b[32minfo\u001b[39m","message":"{\"method\":\"GET\",\"url\":\"/api/v1/notifications/unread-count\",\"status\":\"304\",\"responseTime\":\"216.828\"}","timestamp":"2025-11-28T19:46:58.223Z"}
{"level":"\u001b[32minfo\u001b[39m","message":"{\"method\":\"GET\",\"url\":\"/api/v1/videos/6928961613409b594dc01255\",\"status\":\"304\",\"responseTime\":\"412.157\"}","timestamp":"2025-11-28T19:46:58.325Z"}
{"level":"\u001b[32minfo\u001b[39m","message":"{\"method\":\"GET\",\"url\":\"/api/v1/like/v/6928961613409b594dc01255\",\"status\":\"304\",\"responseTime\":\"295.851\"}","timestamp":"2025-11-28T19:46:58.636Z"}
{"level":"\u001b[32minfo\u001b[39m","message":"{\"method\":\"GET\",\"url\":\"/api/v1/videos/6928961613409b594dc01255\",\"status\":\"304\",\"responseTime\":\"608.968\"}","timestamp":"2025-11-28T19:46:58.939Z"}
{"level":"\u001b[32minfo\u001b[39m","message":"{\"method\":\"GET\",\"url\":\"/api/v1/comments/6928961613409b594dc01255\",\"status\":\"201\",\"responseTime\":\"396.069\"}","timestamp":"2025-11-28T19:46:59.041Z"}
{"level":"\u001b[32minfo\u001b[39m","message":"{\"method\":\"GET\",\"url\":\"/api/v1/like/v/6928961613409b594dc01255\",\"status\":\"304\",\"responseTime\":\"156.410\"}","timestamp":"2025-11-28T19:46:59.109Z"}
{"0":"6928961613409b594dc01255","1":"692898da696e5d9c996d3046","level":"\u001b[32minfo\u001b[39m","message":"Updated watch history: ","timestamp":"2025-11-28T19:46:59.347Z"}
{"level":"\u001b[32minfo\u001b[39m","message":"{\"method\":\"PATCH\",\"url\":\"/api/v1/users/history/add/6928961613409b594dc01255\",\"status\":\"200\",\"responseTime\":\"291.992\"}","timestamp":"2025-11-28T19:46:59.349Z"}
{"level":"\u001b[32minfo\u001b[39m","message":"{\"method\":\"GET\",\"url\":\"/api/v1/comments/6928961613409b594dc01255\",\"status\":\"201\",\"responseTime\":\"288.870\"}","timestamp":"2025-11-28T19:46:59.413Z"}
{"level":"\u001b[32minfo\u001b[39m","message":"{\"method\":\"PATCH\",\"url\":\"/api/v1/videos/views/6928961613409b594dc01255\",\"status\":\"200\",\"responseTime\":\"111.461\"}","timestamp":"2025-11-28T19:46:59.473Z"}
{"0":"6928961613409b594dc01255","1":"692898da696e5d9c996d3046","level":"\u001b[32minfo\u001b[39m","message":"Updated watch history: ","timestamp":"2025-11-28T19:46:59.652Z"}
{"level":"\u001b[32minfo\u001b[39m","message":"{\"method\":\"PATCH\",\"url\":\"/api/v1/users/history/add/6928961613409b594dc01255\",\"status\":\"200\",\"responseTime\":\"227.649\"}","timestamp":"2025-11-28T19:46:59.654Z"}
{"level":"\u001b[32minfo\u001b[39m","message":"{\"method\":\"PATCH\",\"url\":\"/api/v1/videos/views/6928961613409b594dc01255\",\"status\":\"200\",\"responseTime\":\"214.627\"}","timestamp":"2025-11-28T19:47:00.021Z"}
{"level":"\u001b[32minfo\u001b[39m","message":"{\"method\":\"POST\",\"url\":\"/api/v1/subscriptions/c/692891ae8b3cde57350a5bfe\",\"status\":\"201\",\"responseTime\":\"477.729\"}","timestamp":"2025-11-28T19:47:05.392Z"}
{"level":"\u001b[32minfo\u001b[39m","message":"{\"method\":\"POST\",\"url\":\"/api/v1/like/c/6929f55126e038a2dec313d4\",\"status\":\"200\",\"responseTime\":\"416.753\"}","timestamp":"2025-11-28T19:47:08.186Z"}
{"level":"\u001b[32minfo\u001b[39m","message":"{\"method\":\"POST\",\"url\":\"/api/v1/like/v/6928961613409b594dc01255\",\"status\":\"200\",\"responseTime\":\"505.565\"}","timestamp":"2025-11-28T19:47:12.249Z"}
{"level":"\u001b[32minfo\u001b[39m","message":"{\"method\":\"POST\",\"url\":\"/api/v1/like/c/6929f55126e038a2dec313d4\",\"status\":\"200\",\"responseTime\":\"656.842\"}","timestamp":"2025-11-28T19:47:14.708Z"}
{"level":"\u001b[32minfo\u001b[39m","message":"{\"method\":\"GET\",\"url\":\"/api/v1/users/current-user\",\"status\":\"200\",\"responseTime\":\"123.795\"}","timestamp":"2025-11-28T19:47:17.282Z"}
{"level":"\u001b[32minfo\u001b[39m","message":"{\"method\":\"GET\",\"url\":\"/api/v1/users/current-user\",\"status\":\"304\",\"responseTime\":\"97.780\"}","timestamp":"2025-11-28T19:47:17.386Z"}
{"level":"\u001b[32minfo\u001b[39m","message":"{\"method\":\"GET\",\"url\":\"/api/v1/users/theme\",\"status\":\"304\",\"responseTime\":\"89.154\"}","timestamp":"2025-11-28T19:47:17.439Z"}
{"level":"\u001b[32minfo\u001b[39m","message":"{\"method\":\"GET\",\"url\":\"/api/v1/users/theme\",\"status\":\"304\",\"responseTime\":\"86.650\"}","timestamp":"2025-11-28T19:47:17.535Z"}
{"level":"\u001b[32minfo\u001b[39m","message":"{\"method\":\"GET\",\"url\":\"/api/v1/notifications/unread-count\",\"status\":\"200\",\"responseTime\":\"170.726\"}","timestamp":"2025-11-28T19:47:17.681Z"}
{"level":"\u001b[32minfo\u001b[39m","message":"{\"method\":\"GET\",\"url\":\"/api/v1/notifications/unread-count\",\"status\":\"304\",\"responseTime\":\"195.149\"}","timestamp":"2025-11-28T19:47:17.884Z"}
{"level":"\u001b[32minfo\u001b[39m","message":"{\"method\":\"GET\",\"url\":\"/api/v1/videos/6928961613409b594dc01255\",\"status\":\"304\",\"responseTime\":\"474.046\"}","timestamp":"2025-11-28T19:47:17.985Z"}
{"level":"\u001b[32minfo\u001b[39m","message":"{\"method\":\"GET\",\"url\":\"/api/v1/like/v/6928961613409b594dc01255\",\"status\":\"200\",\"responseTime\":\"187.670\"}","timestamp":"2025-11-28T19:47:18.189Z"}
{"level":"\u001b[32minfo\u001b[39m","message":"{\"method\":\"GET\",\"url\":\"/api/v1/videos/6928961613409b594dc01255\",\"status\":\"304\",\"responseTime\":\"403.816\"}","timestamp":"2025-11-28T19:47:18.397Z"}
{"level":"\u001b[32minfo\u001b[39m","message":"{\"method\":\"GET\",\"url\":\"/api/v1/comments/6928961613409b594dc01255\",\"status\":\"201\",\"responseTime\":\"229.308\"}","timestamp":"2025-11-28T19:47:18.433Z"}
{"level":"\u001b[32minfo\u001b[39m","message":"{\"method\":\"GET\",\"url\":\"/api/v1/like/v/6928961613409b594dc01255\",\"status\":\"304\",\"responseTime\":\"294.244\"}","timestamp":"2025-11-28T19:47:18.703Z"}
{"0":"6928961613409b594dc01255","1":"692898da696e5d9c996d3046","level":"\u001b[32minfo\u001b[39m","message":"Updated watch history: ","timestamp":"2025-11-28T19:47:18.771Z"}
{"level":"\u001b[32minfo\u001b[39m","message":"{\"method\":\"PATCH\",\"url\":\"/api/v1/users/history/add/6928961613409b594dc01255\",\"status\":\"200\",\"responseTime\":\"326.879\"}","timestamp":"2025-11-28T19:47:18.773Z"}
{"level":"\u001b[32minfo\u001b[39m","message":"{\"method\":\"GET\",\"url\":\"/api/v1/comments/6928961613409b594dc01255\",\"status\":\"201\",\"responseTime\":\"296.692\"}","timestamp":"2025-11-28T19:47:19.011Z"}
{"level":"\u001b[32minfo\u001b[39m","message":"{\"method\":\"PATCH\",\"url\":\"/api/v1/videos/views/6928961613409b594dc01255\",\"status\":\"200\",\"responseTime\":\"263.976\"}","timestamp":"2025-11-28T19:47:19.051Z"}
{"0":"6928961613409b594dc01255","1":"692898da696e5d9c996d3046","level":"\u001b[32minfo\u001b[39m","message":"Updated watch history: ","timestamp":"2025-11-28T19:47:19.427Z"}
{"level":"\u001b[32minfo\u001b[39m","message":"{\"method\":\"PATCH\",\"url\":\"/api/v1/users/history/add/6928961613409b594dc01255\",\"status\":\"200\",\"responseTime\":\"401.806\"}","timestamp":"2025-11-28T19:47:19.428Z"}
{"level":"\u001b[32minfo\u001b[39m","message":"{\"method\":\"PATCH\",\"url\":\"/api/v1/videos/views/6928961613409b594dc01255\",\"status\":\"200\",\"responseTime\":\"288.236\"}","timestamp":"2025-11-28T19:47:19.874Z"}
{"level":"\u001b[32minfo\u001b[39m","message":"{\"method\":\"GET\",\"url\":\"/api/v1/notifications/unread-count\",\"status\":\"304\",\"responseTime\":\"193.330\"}","timestamp":"2025-11-28T19:48:18.306Z"}
{"level":"\u001b[32minfo\u001b[39m","message":"{\"method\":\"POST\",\"url\":\"/api/v1/like/c/6929f55126e038a2dec313d4\",\"status\":\"200\",\"responseTime\":\"508.618\"}","timestamp":"2025-11-28T19:48:48.515Z"}
{"level":"\u001b[32minfo\u001b[39m","message":"{\"method\":\"POST\",\"url\":\"/api/v1/like/c/6929f55126e038a2dec313d4\",\"status\":\"200\",\"responseTime\":\"591.143\"}","timestamp":"2025-11-28T19:48:50.598Z"}
{"level":"\u001b[32minfo\u001b[39m","message":"{\"method\":\"POST\",\"url\":\"/api/v1/like/c/6929f55126e038a2dec313d4\",\"status\":\"200\",\"responseTime\":\"510.468\"}","timestamp":"2025-11-28T19:48:51.383Z"}
{"level":"\u001b[32minfo\u001b[39m","message":"{\"method\":\"POST\",\"url\":\"/api/v1/like/c/6929f55126e038a2dec313d4\",\"status\":\"200\",\"responseTime\":\"743.139\"}","timestamp":"2025-11-28T19:48:52.700Z"}
{"level":"\u001b[32minfo\u001b[39m","message":"{\"method\":\"POST\",\"url\":\"/api/v1/subscriptions/c/692891ae8b3cde57350a5bfe\",\"status\":\"200\",\"responseTime\":\"419.621\"}","timestamp":"2025-11-28T19:48:55.073Z"}
{"level":"\u001b[32minfo\u001b[39m","message":"{\"method\":\"GET\",\"url\":\"/api/v1/notifications/unread-count\",\"status\":\"304\",\"responseTime\":\"203.364\"}","timestamp":"2025-11-28T19:49:18.312Z"}
{"level":"\u001b[32minfo\u001b[39m","message":"{\"method\":\"GET\",\"url\":\"/api/v1/notifications/unread-count\",\"status\":\"304\",\"responseTime\":\"209.142\"}","timestamp":"2025-11-28T19:50:18.327Z"}
{"level":"\u001b[32minfo\u001b[39m","message":"{\"method\":\"GET\",\"url\":\"/api/v1/notifications/?page=1&limit=20\",\"status\":\"200\",\"responseTime\":\"392.558\"}","timestamp":"2025-11-28T19:50:28.363Z"}
{"level":"\u001b[32minfo\u001b[39m","message":"{\"method\":\"GET\",\"url\":\"/api/v1/notifications/?page=1&limit=20\",\"status\":\"304\",\"responseTime\":\"401.333\"}","timestamp":"2025-11-28T19:50:28.772Z"}
{"level":"\u001b[32minfo\u001b[39m","message":"{\"method\":\"PATCH\",\"url\":\"/api/v1/notifications/read\",\"status\":\"200\",\"responseTime\":\"258.090\"}","timestamp":"2025-11-28T19:50:32.152Z"}
{"level":"\u001b[32minfo\u001b[39m","message":"{\"method\":\"DELETE\",\"url\":\"/api/v1/notifications/delete/6929f5a06242d2a1687333a5\",\"status\":\"200\",\"responseTime\":\"171.757\"}","timestamp":"2025-11-28T19:50:34.303Z"}
{"level":"\u001b[32minfo\u001b[39m","message":"{\"method\":\"DELETE\",\"url\":\"/api/v1/notifications/delete/6929fc395acdeedb13110626\",\"status\":\"200\",\"responseTime\":\"210.979\"}","timestamp":"2025-11-28T19:50:35.942Z"}
{"level":"\u001b[32minfo\u001b[39m","message":"{\"method\":\"GET\",\"url\":\"/api/v1/tweets/\",\"status\":\"304\",\"responseTime\":\"245.520\"}","timestamp":"2025-11-28T19:50:37.375Z"}
{"level":"\u001b[32minfo\u001b[39m","message":"{\"method\":\"GET\",\"url\":\"/api/v1/videos/\",\"status\":\"200\",\"responseTime\":\"274.209\"}","timestamp":"2025-11-28T19:50:37.380Z"}
{"level":"\u001b[32minfo\u001b[39m","message":"{\"method\":\"GET\",\"url\":\"/api/v1/tweets/\",\"status\":\"304\",\"responseTime\":\"196.585\"}","timestamp":"2025-11-28T19:50:37.581Z"}
{"level":"\u001b[32minfo\u001b[39m","message":"{\"method\":\"GET\",\"url\":\"/api/v1/videos/\",\"status\":\"304\",\"responseTime\":\"196.231\"}","timestamp":"2025-11-28T19:50:37.587Z"}
{"level":"\u001b[32minfo\u001b[39m","message":"{\"method\":\"POST\",\"url\":\"/api/v1/users/logout\",\"status\":\"200\",\"responseTime\":\"230.361\"}","timestamp":"2025-11-28T19:50:42.702Z"}
{"level":"\u001b[32minfo\u001b[39m","message":"{\"method\":\"GET\",\"url\":\"/api/v1/videos/\",\"status\":\"401\",\"responseTime\":\"14.800\"}","timestamp":"2025-11-28T19:50:42.794Z"}
{"level":"\u001b[32minfo\u001b[39m","message":"{\"method\":\"GET\",\"url\":\"/api/v1/tweets/\",\"status\":\"401\",\"responseTime\":\"3.644\"}","timestamp":"2025-11-28T19:50:42.814Z"}
{"level":"\u001b[32minfo\u001b[39m","message":"{\"method\":\"POST\",\"url\":\"/api/v1/users/login\",\"status\":\"200\",\"responseTime\":\"351.597\"}","timestamp":"2025-11-28T19:50:51.917Z"}
{"level":"\u001b[32minfo\u001b[39m","message":"{\"method\":\"GET\",\"url\":\"/api/v1/users/theme\",\"status\":\"304\",\"responseTime\":\"60.756\"}","timestamp":"2025-11-28T19:50:51.994Z"}
{"level":"\u001b[32minfo\u001b[39m","message":"{\"method\":\"GET\",\"url\":\"/api/v1/users/current-user\",\"status\":\"200\",\"responseTime\":\"44.780\"}","timestamp":"2025-11-28T19:50:52.018Z"}
{"level":"\u001b[32minfo\u001b[39m","message":"{\"method\":\"GET\",\"url\":\"/api/v1/users/theme\",\"status\":\"304\",\"responseTime\":\"38.839\"}","timestamp":"2025-11-28T19:50:52.122Z"}
{"level":"\u001b[32minfo\u001b[39m","message":"{\"method\":\"GET\",\"url\":\"/api/v1/tweets/\",\"status\":\"304\",\"responseTime\":\"391.315\"}","timestamp":"2025-11-28T19:50:52.610Z"}
{"level":"\u001b[32minfo\u001b[39m","message":"{\"method\":\"GET\",\"url\":\"/api/v1/videos/\",\"status\":\"200\",\"responseTime\":\"394.418\"}","timestamp":"2025-11-28T19:50:52.612Z"}
{"level":"\u001b[32minfo\u001b[39m","message":"{\"method\":\"GET\",\"url\":\"/api/v1/notifications/unread-count\",\"status\":\"200\",\"responseTime\":\"406.071\"}","timestamp":"2025-11-28T19:50:52.617Z"}
{"level":"\u001b[32minfo\u001b[39m","message":"{\"method\":\"GET\",\"url\":\"/api/v1/tweets/\",\"status\":\"304\",\"responseTime\":\"76.124\"}","timestamp":"2025-11-28T19:50:52.714Z"}
{"level":"\u001b[32minfo\u001b[39m","message":"{\"method\":\"GET\",\"url\":\"/api/v1/videos/\",\"status\":\"304\",\"responseTime\":\"69.232\"}","timestamp":"2025-11-28T19:50:52.724Z"}
{"level":"\u001b[32minfo\u001b[39m","message":"{\"method\":\"GET\",\"url\":\"/api/v1/notifications/unread-count\",\"status\":\"304\",\"responseTime\":\"85.346\"}","timestamp":"2025-11-28T19:50:52.742Z"}
{"level":"\u001b[32minfo\u001b[39m","message":"{\"method\":\"GET\",\"url\":\"/api/v1/videos/6928961613409b594dc01255\",\"status\":\"304\",\"responseTime\":\"488.507\"}","timestamp":"2025-11-28T19:50:58.369Z"}
{"level":"\u001b[32minfo\u001b[39m","message":"{\"method\":\"GET\",\"url\":\"/api/v1/like/v/6928961613409b594dc01255\",\"status\":\"200\",\"responseTime\":\"292.453\"}","timestamp":"2025-11-28T19:50:58.680Z"}
{"level":"\u001b[32minfo\u001b[39m","message":"{\"method\":\"GET\",\"url\":\"/api/v1/videos/6928961613409b594dc01255\",\"status\":\"304\",\"responseTime\":\"403.101\"}","timestamp":"2025-11-28T19:50:58.782Z"}
{"level":"\u001b[32minfo\u001b[39m","message":"{\"method\":\"GET\",\"url\":\"/api/v1/comments/6928961613409b594dc01255\",\"status\":\"201\",\"responseTime\":\"150.924\"}","timestamp":"2025-11-28T19:50:58.848Z"}
{"level":"\u001b[32minfo\u001b[39m","message":"{\"method\":\"GET\",\"url\":\"/api/v1/like/v/6928961613409b594dc01255\",\"status\":\"304\",\"responseTime\":\"186.649\"}","timestamp":"2025-11-28T19:50:58.983Z"}
{"0":"6928961613409b594dc01255","1":"692898da696e5d9c996d3046","2":"6928997c696e5d9c996d304b","level":"\u001b[32minfo\u001b[39m","message":"Updated watch history: ","timestamp":"2025-11-28T19:50:59.185Z"}
{"level":"\u001b[32minfo\u001b[39m","message":"{\"method\":\"PATCH\",\"url\":\"/api/v1/users/history/add/6928961613409b594dc01255\",\"status\":\"200\",\"responseTime\":\"321.378\"}","timestamp":"2025-11-28T19:50:59.187Z"}
{"level":"\u001b[32minfo\u001b[39m","message":"{\"method\":\"GET\",\"url\":\"/api/v1/comments/6928961613409b594dc01255\",\"status\":\"201\",\"responseTime\":\"290.581\"}","timestamp":"2025-11-28T19:50:59.288Z"}
{"level":"\u001b[32minfo\u001b[39m","message":"{\"method\":\"PATCH\",\"url\":\"/api/v1/videos/views/6928961613409b594dc01255\",\"status\":\"200\",\"responseTime\":\"296.723\"}","timestamp":"2025-11-28T19:50:59.493Z"}
{"0":"6928961613409b594dc01255","1":"692898da696e5d9c996d3046","2":"6928997c696e5d9c996d304b","level":"\u001b[32minfo\u001b[39m","message":"Updated watch history: ","timestamp":"2025-11-28T19:50:59.698Z"}
{"level":"\u001b[32minfo\u001b[39m","message":"{\"method\":\"PATCH\",\"url\":\"/api/v1/users/history/add/6928961613409b594dc01255\",\"status\":\"200\",\"responseTime\":\"397.561\"}","timestamp":"2025-11-28T19:50:59.699Z"}
{"level":"\u001b[32minfo\u001b[39m","message":"{\"method\":\"PATCH\",\"url\":\"/api/v1/videos/views/6928961613409b594dc01255\",\"status\":\"200\",\"responseTime\":\"299.726\"}","timestamp":"2025-11-28T19:51:00.016Z"}
{"level":"\u001b[32minfo\u001b[39m","message":"{\"method\":\"GET\",\"url\":\"/api/v1/users/current-user\",\"status\":\"200\",\"responseTime\":\"85.385\"}","timestamp":"2025-11-28T19:51:20.079Z"}
{"level":"\u001b[32minfo\u001b[39m","message":"{\"method\":\"GET\",\"url\":\"/api/v1/users/current-user\",\"status\":\"304\",\"responseTime\":\"101.878\"}","timestamp":"2025-11-28T19:51:20.187Z"}
{"level":"\u001b[32minfo\u001b[39m","message":"{\"method\":\"GET\",\"url\":\"/api/v1/users/theme\",\"status\":\"304\",\"responseTime\":\"70.998\"}","timestamp":"2025-11-28T19:51:20.251Z"}
{"level":"\u001b[32minfo\u001b[39m","message":"{\"method\":\"GET\",\"url\":\"/api/v1/users/theme\",\"status\":\"304\",\"responseTime\":\"122.433\"}","timestamp":"2025-11-28T19:51:20.388Z"}
{"level":"\u001b[32minfo\u001b[39m","message":"{\"method\":\"GET\",\"url\":\"/api/v1/notifications/unread-count\",\"status\":\"304\",\"responseTime\":\"179.684\"}","timestamp":"2025-11-28T19:51:20.547Z"}
{"level":"\u001b[32minfo\u001b[39m","message":"{\"method\":\"GET\",\"url\":\"/api/v1/notifications/unread-count\",\"status\":\"304\",\"responseTime\":\"243.248\"}","timestamp":"2025-11-28T19:51:20.797Z"}
{"level":"\u001b[32minfo\u001b[39m","message":"{\"method\":\"GET\",\"url\":\"/api/v1/videos/6928961613409b594dc01255\",\"status\":\"200\",\"responseTime\":\"531.128\"}","timestamp":"2025-11-28T19:51:20.900Z"}
{"level":"\u001b[32minfo\u001b[39m","message":"{\"method\":\"GET\",\"url\":\"/api/v1/like/v/6928961613409b594dc01255\",\"status\":\"304\",\"responseTime\":\"110.999\"}","timestamp":"2025-11-28T19:51:21.071Z"}
{"level":"\u001b[32minfo\u001b[39m","message":"{\"method\":\"GET\",\"url\":\"/api/v1/videos/6928961613409b594dc01255\",\"status\":\"304\",\"responseTime\":\"389.172\"}","timestamp":"2025-11-28T19:51:21.312Z"}
{"level":"\u001b[32minfo\u001b[39m","message":"{\"method\":\"GET\",\"url\":\"/api/v1/comments/6928961613409b594dc01255\",\"status\":\"201\",\"responseTime\":\"321.120\"}","timestamp":"2025-11-28T19:51:21.410Z"}
{"level":"\u001b[32minfo\u001b[39m","message":"{\"method\":\"GET\",\"url\":\"/api/v1/like/v/6928961613409b594dc01255\",\"status\":\"304\",\"responseTime\":\"153.627\"}","timestamp":"2025-11-28T19:51:21.478Z"}
{"0":"6928961613409b594dc01255","1":"692898da696e5d9c996d3046","2":"6928997c696e5d9c996d304b","level":"\u001b[32minfo\u001b[39m","message":"Updated watch history: ","timestamp":"2025-11-28T19:51:21.716Z"}
{"level":"\u001b[32minfo\u001b[39m","message":"{\"method\":\"PATCH\",\"url\":\"/api/v1/users/history/add/6928961613409b594dc01255\",\"status\":\"200\",\"responseTime\":\"293.704\"}","timestamp":"2025-11-28T19:51:21.718Z"}
{"level":"\u001b[32minfo\u001b[39m","message":"{\"method\":\"GET\",\"url\":\"/api/v1/comments/6928961613409b594dc01255\",\"status\":\"201\",\"responseTime\":\"291.094\"}","timestamp":"2025-11-28T19:51:21.781Z"}
{"level":"\u001b[32minfo\u001b[39m","message":"{\"method\":\"PATCH\",\"url\":\"/api/v1/videos/views/6928961613409b594dc01255\",\"status\":\"200\",\"responseTime\":\"151.387\"}","timestamp":"2025-11-28T19:51:21.881Z"}
{"0":"6928961613409b594dc01255","1":"692898da696e5d9c996d3046","2":"6928997c696e5d9c996d304b","level":"\u001b[32minfo\u001b[39m","message":"Updated watch history: ","timestamp":"2025-11-28T19:51:22.021Z"}
{"level":"\u001b[32minfo\u001b[39m","message":"{\"method\":\"PATCH\",\"url\":\"/api/v1/users/history/add/6928961613409b594dc01255\",\"status\":\"200\",\"responseTime\":\"227.752\"}","timestamp":"2025-11-28T19:51:22.023Z"}
{"level":"\u001b[32minfo\u001b[39m","message":"{\"method\":\"PATCH\",\"url\":\"/api/v1/videos/views/6928961613409b594dc01255\",\"status\":\"200\",\"responseTime\":\"186.027\"}","timestamp":"2025-11-28T19:51:22.228Z"}
{"level":"\u001b[32minfo\u001b[39m","message":"{\"method\":\"GET\",\"url\":\"/api/v1/notifications/unread-count\",\"status\":\"304\",\"responseTime\":\"211.066\"}","timestamp":"2025-11-28T19:52:21.317Z"}
{"level":"\u001b[32minfo\u001b[39m","message":"Environment variables loaded from .env file","timestamp":"2025-11-29T06:59:26.307Z"}
{"level":"\u001b[32minfo\u001b[39m","message":"Connecting to the database...","timestamp":"2025-11-29T06:59:26.315Z"}
{"level":"\u001b[32minfo\u001b[39m","message":"Connected to the database successfully \n Database Name: vidtube \n Host: ac-umfmukq-shard-00-00.vu6akeu.mongodb.net \n Port: 27017","timestamp":"2025-11-29T06:59:27.168Z"}
{"level":"\u001b[32minfo\u001b[39m","message":"Server is running on port 3000","timestamp":"2025-11-29T06:59:27.176Z"}
{"level":"\u001b[32minfo\u001b[39m","message":"{\"method\":\"GET\",\"url\":\"/api/v1/users/theme\",\"status\":\"304\",\"responseTime\":\"123.499\"}","timestamp":"2025-11-29T07:00:47.513Z"}
{"level":"\u001b[32minfo\u001b[39m","message":"{\"method\":\"GET\",\"url\":\"/api/v1/notifications/unread-count\",\"status\":\"304\",\"responseTime\":\"154.601\"}","timestamp":"2025-11-29T07:00:47.597Z"}
{"level":"\u001b[32minfo\u001b[39m","message":"{\"method\":\"GET\",\"url\":\"/api/v1/notifications/unread-count\",\"status\":\"304\",\"responseTime\":\"78.068\"}","timestamp":"2025-11-29T07:00:47.687Z"}
{"level":"\u001b[32minfo\u001b[39m","message":"{\"method\":\"GET\",\"url\":\"/api/v1/videos/6928961613409b594dc01255\",\"status\":\"304\",\"responseTime\":\"309.592\"}","timestamp":"2025-11-29T07:00:47.766Z"}
{"level":"\u001b[32minfo\u001b[39m","message":"{\"method\":\"GET\",\"url\":\"/api/v1/like/v/6928961613409b594dc01255\",\"status\":\"304\",\"responseTime\":\"116.287\"}","timestamp":"2025-11-29T07:00:47.898Z"}
{"level":"\u001b[32minfo\u001b[39m","message":"{\"method\":\"GET\",\"url\":\"/api/v1/videos/6928961613409b594dc01255\",\"status\":\"304\",\"responseTime\":\"245.897\"}","timestamp":"2025-11-29T07:00:48.019Z"}
{"level":"\u001b[32minfo\u001b[39m","message":"{\"method\":\"GET\",\"url\":\"/api/v1/comments/6928961613409b594dc01255\",\"status\":\"201\",\"responseTime\":\"157.280\"}","timestamp":"2025-11-29T07:00:48.074Z"}
{"level":"\u001b[32minfo\u001b[39m","message":"{\"method\":\"GET\",\"url\":\"/api/v1/like/v/6928961613409b594dc01255\",\"status\":\"304\",\"responseTime\":\"117.054\"}","timestamp":"2025-11-29T07:00:48.151Z"}
{"0":"6928961613409b594dc01255","1":"692898da696e5d9c996d3046","2":"6928997c696e5d9c996d304b","level":"\u001b[32minfo\u001b[39m","message":"Updated watch history: ","timestamp":"2025-11-29T07:00:48.320Z"}
{"level":"\u001b[32minfo\u001b[39m","message":"{\"method\":\"PATCH\",\"url\":\"/api/v1/users/history/add/6928961613409b594dc01255\",\"status\":\"200\",\"responseTime\":\"232.658\"}","timestamp":"2025-11-29T07:00:48.324Z"}
{"level":"\u001b[32minfo\u001b[39m","message":"{\"method\":\"GET\",\"url\":\"/api/v1/comments/6928961613409b594dc01255\",\"status\":\"201\",\"responseTime\":\"185.589\"}","timestamp":"2025-11-29T07:00:48.349Z"}
{"level":"\u001b[32minfo\u001b[39m","message":"{\"method\":\"PATCH\",\"url\":\"/api/v1/videos/views/6928961613409b594dc01255\",\"status\":\"200\",\"responseTime\":\"116.866\"}","timestamp":"2025-11-29T07:00:48.452Z"}
{"0":"6928961613409b594dc01255","1":"692898da696e5d9c996d3046","2":"6928997c696e5d9c996d304b","level":"\u001b[32minfo\u001b[39m","message":"Updated watch history: ","timestamp":"2025-11-29T07:00:48.499Z"}
{"level":"\u001b[32minfo\u001b[39m","message":"{\"method\":\"PATCH\",\"url\":\"/api/v1/users/history/add/6928961613409b594dc01255\",\"status\":\"200\",\"responseTime\":\"136.773\"}","timestamp":"2025-11-29T07:00:48.500Z"}
{"level":"\u001b[32minfo\u001b[39m","message":"{\"method\":\"PATCH\",\"url\":\"/api/v1/videos/views/6928961613409b594dc01255\",\"status\":\"200\",\"responseTime\":\"310.666\"}","timestamp":"2025-11-29T07:00:48.848Z"}
{"level":"\u001b[32minfo\u001b[39m","message":"{\"method\":\"GET\",\"url\":\"/api/v1/users/current-user\",\"status\":\"200\",\"responseTime\":\"142.804\"}","timestamp":"2025-11-29T07:00:56.731Z"}
{"level":"\u001b[32minfo\u001b[39m","message":"{\"method\":\"GET\",\"url\":\"/api/v1/users/current-user\",\"status\":\"304\",\"responseTime\":\"57.056\"}","timestamp":"2025-11-29T07:00:56.793Z"}
{"level":"\u001b[32minfo\u001b[39m","message":"{\"method\":\"GET\",\"url\":\"/api/v1/users/theme\",\"status\":\"304\",\"responseTime\":\"54.170\"}","timestamp":"2025-11-29T07:00:56.795Z"}
{"level":"\u001b[32minfo\u001b[39m","message":"{\"method\":\"GET\",\"url\":\"/api/v1/users/theme\",\"status\":\"304\",\"responseTime\":\"34.823\"}","timestamp":"2025-11-29T07:00:56.836Z"}
{"level":"\u001b[32minfo\u001b[39m","message":"{\"method\":\"GET\",\"url\":\"/api/v1/notifications/unread-count\",\"status\":\"304\",\"responseTime\":\"217.749\"}","timestamp":"2025-11-29T07:00:57.040Z"}
{"level":"\u001b[32minfo\u001b[39m","message":"{\"method\":\"GET\",\"url\":\"/api/v1/notifications/unread-count\",\"status\":\"304\",\"responseTime\":\"199.870\"}","timestamp":"2025-11-29T07:00:57.245Z"}
{"level":"\u001b[32minfo\u001b[39m","message":"{\"method\":\"GET\",\"url\":\"/api/v1/videos/6928961613409b594dc01255\",\"status\":\"304\",\"responseTime\":\"489.633\"}","timestamp":"2025-11-29T07:00:57.313Z"}
{"level":"\u001b[32minfo\u001b[39m","message":"{\"method\":\"GET\",\"url\":\"/api/v1/like/v/6928961613409b594dc01255\",\"status\":\"304\",\"responseTime\":\"229.909\"}","timestamp":"2025-11-29T07:00:57.552Z"}
{"level":"\u001b[32minfo\u001b[39m","message":"{\"method\":\"GET\",\"url\":\"/api/v1/videos/6928961613409b594dc01255\",\"status\":\"304\",\"responseTime\":\"437.274\"}","timestamp":"2025-11-29T07:00:57.755Z"}
{"level":"\u001b[32minfo\u001b[39m","message":"{\"method\":\"GET\",\"url\":\"/api/v1/comments/6928961613409b594dc01255\",\"status\":\"201\",\"responseTime\":\"296.354\"}","timestamp":"2025-11-29T07:00:57.859Z"}
{"level":"\u001b[32minfo\u001b[39m","message":"{\"method\":\"GET\",\"url\":\"/api/v1/like/v/6928961613409b594dc01255\",\"status\":\"304\",\"responseTime\":\"213.495\"}","timestamp":"2025-11-29T07:00:57.978Z"}
{"0":"6928961613409b594dc01255","1":"692898da696e5d9c996d3046","2":"6928997c696e5d9c996d304b","level":"\u001b[32minfo\u001b[39m","message":"Updated watch history: ","timestamp":"2025-11-29T07:00:58.100Z"}
{"level":"\u001b[32minfo\u001b[39m","message":"{\"method\":\"PATCH\",\"url\":\"/api/v1/users/history/add/6928961613409b594dc01255\",\"status\":\"200\",\"responseTime\":\"232.496\"}","timestamp":"2025-11-29T07:00:58.103Z"}
{"level":"\u001b[32minfo\u001b[39m","message":"{\"method\":\"GET\",\"url\":\"/api/v1/comments/6928961613409b594dc01255\",\"status\":\"201\",\"responseTime\":\"267.599\"}","timestamp":"2025-11-29T07:00:58.256Z"}
{"level":"\u001b[32minfo\u001b[39m","message":"{\"method\":\"PATCH\",\"url\":\"/api/v1/videos/views/6928961613409b594dc01255\",\"status\":\"200\",\"responseTime\":\"173.948\"}","timestamp":"2025-11-29T07:00:58.288Z"}
{"0":"6928961613409b594dc01255","1":"692898da696e5d9c996d3046","2":"6928997c696e5d9c996d304b","level":"\u001b[32minfo\u001b[39m","message":"Updated watch history: ","timestamp":"2025-11-29T07:00:58.576Z"}
{"level":"\u001b[32minfo\u001b[39m","message":"{\"method\":\"PATCH\",\"url\":\"/api/v1/users/history/add/6928961613409b594dc01255\",\"status\":\"200\",\"responseTime\":\"307.272\"}","timestamp":"2025-11-29T07:00:58.578Z"}
{"level":"\u001b[32minfo\u001b[39m","message":"{\"method\":\"PATCH\",\"url\":\"/api/v1/videos/views/6928961613409b594dc01255\",\"status\":\"200\",\"responseTime\":\"297.093\"}","timestamp":"2025-11-29T07:00:58.982Z"}
{"level":"\u001b[32minfo\u001b[39m","message":"{\"method\":\"POST\",\"url\":\"/api/v1/like/c/6929f55126e038a2dec313d4\",\"status\":\"200\",\"responseTime\":\"695.857\"}","timestamp":"2025-11-29T07:01:01.544Z"}
{"level":"\u001b[32minfo\u001b[39m","message":"{\"method\":\"POST\",\"url\":\"/api/v1/like/c/6929f55126e038a2dec313d4\",\"status\":\"200\",\"responseTime\":\"334.039\"}","timestamp":"2025-11-29T07:01:42.442Z"}
{"level":"\u001b[32minfo\u001b[39m","message":"{\"method\":\"GET\",\"url\":\"/api/v1/notifications/unread-count\",\"status\":\"304\",\"responseTime\":\"146.215\"}","timestamp":"2025-11-29T07:01:57.369Z"}
{"level":"\u001b[32minfo\u001b[39m","message":"{\"method\":\"GET\",\"url\":\"/api/v1/notifications/unread-count\",\"status\":\"304\",\"responseTime\":\"91.551\"}","timestamp":"2025-11-29T07:02:57.298Z"}
{"level":"\u001b[32minfo\u001b[39m","message":"{\"method\":\"GET\",\"url\":\"/api/v1/notifications/unread-count\",\"status\":\"304\",\"responseTime\":\"151.538\"}","timestamp":"2025-11-29T07:03:57.377Z"}
{"level":"\u001b[32minfo\u001b[39m","message":"{\"method\":\"GET\",\"url\":\"/api/v1/users/current-user\",\"status\":\"200\",\"responseTime\":\"59.551\"}","timestamp":"2025-11-29T07:04:56.873Z"}
{"level":"\u001b[32minfo\u001b[39m","message":"{\"method\":\"GET\",\"url\":\"/api/v1/users/current-user\",\"status\":\"304\",\"responseTime\":\"103.355\"}","timestamp":"2025-11-29T07:04:56.984Z"}
{"level":"\u001b[32minfo\u001b[39m","message":"{\"method\":\"GET\",\"url\":\"/api/v1/users/theme\",\"status\":\"304\",\"responseTime\":\"84.551\"}","timestamp":"2025-11-29T07:04:56.990Z"}
{"level":"\u001b[32minfo\u001b[39m","message":"{\"method\":\"GET\",\"url\":\"/api/v1/users/theme\",\"status\":\"304\",\"responseTime\":\"41.555\"}","timestamp":"2025-11-29T07:04:57.047Z"}
{"level":"\u001b[32minfo\u001b[39m","message":"{\"method\":\"GET\",\"url\":\"/api/v1/notifications/unread-count\",\"status\":\"304\",\"responseTime\":\"170.726\"}","timestamp":"2025-11-29T07:04:57.220Z"}
{"level":"\u001b[32minfo\u001b[39m","message":"{\"method\":\"GET\",\"url\":\"/api/v1/notifications/unread-count\",\"status\":\"304\",\"responseTime\":\"153.281\"}","timestamp":"2025-11-29T07:04:57.382Z"}
{"level":"\u001b[32minfo\u001b[39m","message":"{\"method\":\"GET\",\"url\":\"/api/v1/videos/6928961613409b594dc01255\",\"status\":\"304\",\"responseTime\":\"393.100\"}","timestamp":"2025-11-29T07:04:57.443Z"}
{"level":"\u001b[32minfo\u001b[39m","message":"{\"method\":\"GET\",\"url\":\"/api/v1/like/v/6928961613409b594dc01255\",\"status\":\"304\",\"responseTime\":\"162.041\"}","timestamp":"2025-11-29T07:04:57.624Z"}
{"level":"\u001b[32minfo\u001b[39m","message":"{\"method\":\"GET\",\"url\":\"/api/v1/videos/6928961613409b594dc01255\",\"status\":\"304\",\"responseTime\":\"271.856\"}","timestamp":"2025-11-29T07:04:57.725Z"}
{"level":"\u001b[32minfo\u001b[39m","message":"{\"method\":\"GET\",\"url\":\"/api/v1/comments/6928961613409b594dc01255\",\"status\":\"201\",\"responseTime\":\"143.925\"}","timestamp":"2025-11-29T07:04:57.783Z"}
{"level":"\u001b[32minfo\u001b[39m","message":"{\"method\":\"GET\",\"url\":\"/api/v1/like/v/6928961613409b594dc01255\",\"status\":\"304\",\"responseTime\":\"104.926\"}","timestamp":"2025-11-29T07:04:57.843Z"}
{"0":"6928961613409b594dc01255","1":"692898da696e5d9c996d3046","2":"6928997c696e5d9c996d304b","level":"\u001b[32minfo\u001b[39m","message":"Updated watch history: ","timestamp":"2025-11-29T07:04:57.947Z"}
{"level":"\u001b[32minfo\u001b[39m","message":"{\"method\":\"PATCH\",\"url\":\"/api/v1/users/history/add/6928961613409b594dc01255\",\"status\":\"200\",\"responseTime\":\"152.573\"}","timestamp":"2025-11-29T07:04:57.948Z"}
{"level":"\u001b[32minfo\u001b[39m","message":"{\"method\":\"GET\",\"url\":\"/api/v1/comments/6928961613409b594dc01255\",\"status\":\"201\",\"responseTime\":\"146.328\"}","timestamp":"2025-11-29T07:04:57.998Z"}
{"level":"\u001b[32minfo\u001b[39m","message":"{\"method\":\"PATCH\",\"url\":\"/api/v1/videos/views/6928961613409b594dc01255\",\"status\":\"200\",\"responseTime\":\"103.238\"}","timestamp":"2025-11-29T07:04:58.063Z"}
{"0":"6928961613409b594dc01255","1":"692898da696e5d9c996d3046","2":"6928997c696e5d9c996d304b","level":"\u001b[32minfo\u001b[39m","message":"Updated watch history: ","timestamp":"2025-11-29T07:04:58.163Z"}
{"level":"\u001b[32minfo\u001b[39m","message":"{\"method\":\"PATCH\",\"url\":\"/api/v1/users/history/add/6928961613409b594dc01255\",\"status\":\"200\",\"responseTime\":\"155.381\"}","timestamp":"2025-11-29T07:04:58.166Z"}
{"level":"\u001b[32minfo\u001b[39m","message":"{\"method\":\"PATCH\",\"url\":\"/api/v1/videos/views/6928961613409b594dc01255\",\"status\":\"200\",\"responseTime\":\"106.066\"}","timestamp":"2025-11-29T07:04:58.625Z"}
{"level":"\u001b[32minfo\u001b[39m","message":"{\"method\":\"POST\",\"url\":\"/api/v1/subscriptions/c/692891ae8b3cde57350a5bfe\",\"status\":\"201\",\"responseTime\":\"237.393\"}","timestamp":"2025-11-29T07:05:05.095Z"}
{"level":"\u001b[32minfo\u001b[39m","message":"{\"method\":\"GET\",\"url\":\"/api/v1/users/current-user\",\"status\":\"200\",\"responseTime\":\"78.820\"}","timestamp":"2025-11-29T07:05:06.870Z"}
{"level":"\u001b[32minfo\u001b[39m","message":"{\"method\":\"GET\",\"url\":\"/api/v1/users/current-user\",\"status\":\"304\",\"responseTime\":\"44.953\"}","timestamp":"2025-11-29T07:05:06.921Z"}
{"level":"\u001b[32minfo\u001b[39m","message":"{\"method\":\"GET\",\"url\":\"/api/v1/users/theme\",\"status\":\"304\",\"responseTime\":\"42.883\"}","timestamp":"2025-11-29T07:05:06.925Z"}
{"level":"\u001b[32minfo\u001b[39m","message":"{\"method\":\"GET\",\"url\":\"/api/v1/users/theme\",\"status\":\"304\",\"responseTime\":\"48.132\"}","timestamp":"2025-11-29T07:05:06.980Z"}
{"level":"\u001b[32minfo\u001b[39m","message":"{\"method\":\"GET\",\"url\":\"/api/v1/notifications/unread-count\",\"status\":\"304\",\"responseTime\":\"122.626\"}","timestamp":"2025-11-29T07:05:07.087Z"}
{"level":"\u001b[32minfo\u001b[39m","message":"{\"method\":\"GET\",\"url\":\"/api/v1/notifications/unread-count\",\"status\":\"304\",\"responseTime\":\"74.495\"}","timestamp":"2025-11-29T07:05:07.170Z"}
{"level":"\u001b[32minfo\u001b[39m","message":"{\"method\":\"GET\",\"url\":\"/api/v1/videos/6928961613409b594dc01255\",\"status\":\"304\",\"responseTime\":\"261.168\"}","timestamp":"2025-11-29T07:05:07.226Z"}
{"level":"\u001b[32minfo\u001b[39m","message":"{\"method\":\"GET\",\"url\":\"/api/v1/like/v/6928961613409b594dc01255\",\"status\":\"304\",\"responseTime\":\"156.855\"}","timestamp":"2025-11-29T07:05:07.398Z"}
{"level":"\u001b[32minfo\u001b[39m","message":"{\"method\":\"GET\",\"url\":\"/api/v1/videos/6928961613409b594dc01255\",\"status\":\"304\",\"responseTime\":\"260.374\"}","timestamp":"2025-11-29T07:05:07.492Z"}
{"level":"\u001b[32minfo\u001b[39m","message":"{\"method\":\"GET\",\"url\":\"/api/v1/comments/6928961613409b594dc01255\",\"status\":\"201\",\"responseTime\":\"137.095\"}","timestamp":"2025-11-29T07:05:07.548Z"}
{"level":"\u001b[32minfo\u001b[39m","message":"{\"method\":\"GET\",\"url\":\"/api/v1/like/v/6928961613409b594dc01255\",\"status\":\"304\",\"responseTime\":\"177.264\"}","timestamp":"2025-11-29T07:05:07.679Z"}
{"0":"6928961613409b594dc01255","1":"692898da696e5d9c996d3046","2":"6928997c696e5d9c996d304b","level":"\u001b[32minfo\u001b[39m","message":"Updated watch history: ","timestamp":"2025-11-29T07:05:07.827Z"}
{"level":"\u001b[32minfo\u001b[39m","message":"{\"method\":\"PATCH\",\"url\":\"/api/v1/users/history/add/6928961613409b594dc01255\",\"status\":\"200\",\"responseTime\":\"270.435\"}","timestamp":"2025-11-29T07:05:07.828Z"}
{"level":"\u001b[32minfo\u001b[39m","message":"{\"method\":\"GET\",\"url\":\"/api/v1/comments/6928961613409b594dc01255\",\"status\":\"201\",\"responseTime\":\"208.573\"}","timestamp":"2025-11-29T07:05:07.897Z"}
{"level":"\u001b[32minfo\u001b[39m","message":"{\"method\":\"PATCH\",\"url\":\"/api/v1/videos/views/6928961613409b594dc01255\",\"status\":\"200\",\"responseTime\":\"102.380\"}","timestamp":"2025-11-29T07:05:07.939Z"}
{"0":"6928961613409b594dc01255","1":"692898da696e5d9c996d3046","2":"6928997c696e5d9c996d304b","level":"\u001b[32minfo\u001b[39m","message":"Updated watch history: ","timestamp":"2025-11-29T07:05:08.070Z"}
{"level":"\u001b[32minfo\u001b[39m","message":"{\"method\":\"PATCH\",\"url\":\"/api/v1/users/history/add/6928961613409b594dc01255\",\"status\":\"200\",\"responseTime\":\"165.034\"}","timestamp":"2025-11-29T07:05:08.071Z"}
{"level":"\u001b[32minfo\u001b[39m","message":"{\"method\":\"PATCH\",\"url\":\"/api/v1/videos/views/6928961613409b594dc01255\",\"status\":\"200\",\"responseTime\":\"296.824\"}","timestamp":"2025-11-29T07:05:08.545Z"}
{"level":"\u001b[32minfo\u001b[39m","message":"{\"method\":\"GET\",\"url\":\"/api/v1/notifications/unread-count\",\"status\":\"304\",\"responseTime\":\"181.518\"}","timestamp":"2025-11-29T07:06:07.392Z"}
{"level":"\u001b[32minfo\u001b[39m","message":"{\"method\":\"GET\",\"url\":\"/api/v1/notifications/unread-count\",\"status\":\"304\",\"responseTime\":\"234.812\"}","timestamp":"2025-11-29T07:07:07.435Z"}
{"level":"\u001b[32minfo\u001b[39m","message":"{\"method\":\"GET\",\"url\":\"/api/v1/notifications/unread-count\",\"status\":\"304\",\"responseTime\":\"237.047\"}","timestamp":"2025-11-29T07:08:07.447Z"}
{"level":"\u001b[32minfo\u001b[39m","message":"{\"method\":\"GET\",\"url\":\"/api/v1/notifications/unread-count\",\"status\":\"304\",\"responseTime\":\"257.077\"}","timestamp":"2025-11-29T07:09:07.468Z"}
{"level":"\u001b[32minfo\u001b[39m","message":"{\"method\":\"GET\",\"url\":\"/api/v1/notifications/unread-count\",\"status\":\"304\",\"responseTime\":\"161.150\"}","timestamp":"2025-11-29T07:10:07.363Z"}
{"level":"\u001b[32minfo\u001b[39m","message":"{\"method\":\"GET\",\"url\":\"/api/v1/notifications/unread-count\",\"status\":\"304\",\"responseTime\":\"269.489\"}","timestamp":"2025-11-29T07:11:07.480Z"}
{"level":"\u001b[32minfo\u001b[39m","message":"{\"method\":\"GET\",\"url\":\"/api/v1/notifications/unread-count\",\"status\":\"304\",\"responseTime\":\"160.007\"}","timestamp":"2025-11-29T07:12:40.365Z"}
{"level":"\u001b[32minfo\u001b[39m","message":"{\"method\":\"GET\",\"url\":\"/api/v1/videos/6928961613409b594dc01255\",\"status\":\"304\",\"responseTime\":\"417.815\"}","timestamp":"2025-11-29T07:13:08.630Z"}
{"level":"\u001b[32minfo\u001b[39m","message":"{\"method\":\"GET\",\"url\":\"/api/v1/like/v/6928961613409b594dc01255\",\"status\":\"304\",\"responseTime\":\"281.157\"}","timestamp":"2025-11-29T07:13:08.937Z"}
{"level":"\u001b[32minfo\u001b[39m","message":"{\"method\":\"GET\",\"url\":\"/api/v1/comments/6928961613409b594dc01255\",\"status\":\"201\",\"responseTime\":\"339.401\"}","timestamp":"2025-11-29T07:13:09.287Z"}
{"0":"6928961613409b594dc01255","1":"692898da696e5d9c996d3046","2":"6928997c696e5d9c996d304b","level":"\u001b[32minfo\u001b[39m","message":"Updated watch history: ","timestamp":"2025-11-29T07:13:09.653Z"}
{"level":"\u001b[32minfo\u001b[39m","message":"{\"method\":\"PATCH\",\"url\":\"/api/v1/users/history/add/6928961613409b594dc01255\",\"status\":\"200\",\"responseTime\":\"352.137\"}","timestamp":"2025-11-29T07:13:09.655Z"}
{"level":"\u001b[32minfo\u001b[39m","message":"{\"method\":\"PATCH\",\"url\":\"/api/v1/videos/views/6928961613409b594dc01255\",\"status\":\"200\",\"responseTime\":\"295.915\"}","timestamp":"2025-11-29T07:13:09.968Z"}
{"level":"\u001b[32minfo\u001b[39m","message":"{\"method\":\"GET\",\"url\":\"/api/v1/videos/6928961613409b594dc01255\",\"status\":\"304\",\"responseTime\":\"509.634\"}","timestamp":"2025-11-29T07:13:12.726Z"}
{"level":"\u001b[32minfo\u001b[39m","message":"{\"method\":\"GET\",\"url\":\"/api/v1/like/v/6928961613409b594dc01255\",\"status\":\"304\",\"responseTime\":\"294.556\"}","timestamp":"2025-11-29T07:13:13.032Z"}
{"level":"\u001b[32minfo\u001b[39m","message":"{\"method\":\"GET\",\"url\":\"/api/v1/comments/6928961613409b594dc01255\",\"status\":\"201\",\"responseTime\":\"237.755\"}","timestamp":"2025-11-29T07:13:13.281Z"}
{"0":"6928961613409b594dc01255","1":"692898da696e5d9c996d3046","2":"6928997c696e5d9c996d304b","level":"\u001b[32minfo\u001b[39m","message":"Updated watch history: ","timestamp":"2025-11-29T07:13:13.748Z"}
{"level":"\u001b[32minfo\u001b[39m","message":"{\"method\":\"PATCH\",\"url\":\"/api/v1/users/history/add/6928961613409b594dc01255\",\"status\":\"200\",\"responseTime\":\"456.931\"}","timestamp":"2025-11-29T07:13:13.750Z"}
{"level":"\u001b[32minfo\u001b[39m","message":"{\"method\":\"PATCH\",\"url\":\"/api/v1/videos/views/6928961613409b594dc01255\",\"status\":\"200\",\"responseTime\":\"179.693\"}","timestamp":"2025-11-29T07:13:13.942Z"}
{"level":"\u001b[32minfo\u001b[39m","message":"{\"method\":\"GET\",\"url\":\"/api/v1/notifications/unread-count\",\"status\":\"304\",\"responseTime\":\"131.786\"}","timestamp":"2025-11-29T07:13:13.983Z"}
{"level":"\u001b[32minfo\u001b[39m","message":"Environment variables loaded from .env file","timestamp":"2025-11-29T07:14:05.261Z"}
{"level":"\u001b[32minfo\u001b[39m","message":"Connecting to the database...","timestamp":"2025-11-29T07:14:05.266Z"}
{"level":"\u001b[32minfo\u001b[39m","message":"Connected to the database successfully \n Database Name: vidtube \n Host: ac-umfmukq-shard-00-00.vu6akeu.mongodb.net \n Port: 27017","timestamp":"2025-11-29T07:14:06.297Z"}
{"level":"\u001b[32minfo\u001b[39m","message":"Server is running on port 3000","timestamp":"2025-11-29T07:14:06.303Z"}
{"level":"\u001b[32minfo\u001b[39m","message":"{\"method\":\"GET\",\"url\":\"/api/v1/notifications/unread-count\",\"status\":\"304\",\"responseTime\":\"206.948\"}","timestamp":"2025-11-29T07:14:07.424Z"}
{"level":"\u001b[32minfo\u001b[39m","message":"{\"method\":\"GET\",\"url\":\"/api/v1/users/current-user\",\"status\":\"200\",\"responseTime\":\"135.197\"}","timestamp":"2025-11-29T07:14:13.567Z"}
{"level":"\u001b[32minfo\u001b[39m","message":"{\"method\":\"GET\",\"url\":\"/api/v1/users/current-user\",\"status\":\"304\",\"responseTime\":\"61.770\"}","timestamp":"2025-11-29T07:14:13.634Z"}
{"level":"\u001b[32minfo\u001b[39m","message":"{\"method\":\"GET\",\"url\":\"/api/v1/users/theme\",\"status\":\"304\",\"responseTime\":\"65.591\"}","timestamp":"2025-11-29T07:14:13.668Z"}
{"level":"\u001b[32minfo\u001b[39m","message":"{\"method\":\"GET\",\"url\":\"/api/v1/users/theme\",\"status\":\"304\",\"responseTime\":\"43.275\"}","timestamp":"2025-11-29T07:14:13.718Z"}
{"level":"\u001b[32minfo\u001b[39m","message":"{\"method\":\"GET\",\"url\":\"/api/v1/notifications/unread-count\",\"status\":\"304\",\"responseTime\":\"117.614\"}","timestamp":"2025-11-29T07:14:13.872Z"}
{"level":"\u001b[32minfo\u001b[39m","message":"{\"method\":\"GET\",\"url\":\"/api/v1/notifications/unread-count\",\"status\":\"304\",\"responseTime\":\"141.124\"}","timestamp":"2025-11-29T07:14:14.024Z"}
{"$__":{"activePaths":{"paths":{"__v":"init","_id":"init","createdAt":"init","description":"init","duration":"init","isPublished":"init","owner":"init","thumbnail":"init","title":"init","updatedAt":"init","videoFile":"init","views":"init"},"states":{"default":{},"init":{"__v":true,"_id":true,"createdAt":true,"description":true,"duration":true,"isPublished":true,"owner":true,"thumbnail":true,"title":true,"updatedAt":true,"videoFile":true,"views":true},"require":{}}},"populated":{"owner":{"options":{},"value":"692891ae8b3cde57350a5bfe"}},"skipId":true,"validationError":{"_message":"Video validation failed","errors":{"views.0":{"kind":"[ObjectId]","message":"Cast to [ObjectId] failed for value \"[ 3 ]\" (type string) at path \"views.0\" because of \"CastError\"","name":"CastError","path":"views.0","reason":{"kind":"ObjectId","message":"Cast to ObjectId failed for value \"3\" (type number) at path \"views\" because of \"BSONError\"","name":"CastError","path":"views","reason":{},"stringValue":"\"3\"","value":3,"valueType":"number"},"stringValue":"\"[ 3 ]\"","value":"[ 3 ]","valueType":"string"}},"message":"Video validation failed: views.0: Cast to [ObjectId] failed for value \"[ 3 ]\" (type string) at path \"views.0\" because of \"CastError\"","name":"ValidationError"}},"$errors":{"views.0":{"kind":"[ObjectId]","message":"Cast to [ObjectId] failed for value \"[ 3 ]\" (type string) at path \"views.0\" because of \"CastError\"","name":"CastError","path":"views.0","reason":{"kind":"ObjectId","message":"Cast to ObjectId failed for value \"3\" (type number) at path \"views\" because of \"BSONError\"","name":"CastError","path":"views","reason":{},"stringValue":"\"3\"","value":3,"valueType":"number"},"stringValue":"\"[ 3 ]\"","value":"[ 3 ]","valueType":"string"}},"$isNew":false,"_doc":{"__v":3,"_id":"6928961613409b594dc01255","createdAt":"2025-11-27T18:19:02.317Z","description":"Description1","duration":30.48,"isPublished":true,"owner":{"_id":"692891ae8b3cde57350a5bfe","avatar":"http://res.cloudinary.com/dwc2fl8xs/image/upload/v1764266410/tg1mutrddbeu11m1yozp.jpg","fullName":"Sara Khan","username":"user02"},"thumbnail":"http://res.cloudinary.com/dwc2fl8xs/image/upload/v1764267540/xuz5kdcn7bkdsbvcree9.jpg","title":"Video1","updatedAt":"2025-11-28T19:50:59.393Z","videoFile":"http://res.cloudinary.com/dwc2fl8xs/video/upload/v1764267535/fies1fmd1lmsm8jue9pf.mp4","views":["692891628b3cde57350a5bfa","692891ae8b3cde57350a5bfe","692894ab13409b594dc01248"]},"isLikedByUser":false,"isUserSubscribed":true,"level":"\u001b[32minfo\u001b[39m","likes":2,"message":"Video going:","timestamp":"2025-11-29T07:14:14.090Z"}
{"level":"\u001b[32minfo\u001b[39m","message":"{\"method\":\"GET\",\"url\":\"/api/v1/videos/6928961613409b594dc01255\",\"status\":\"304\",\"responseTime\":\"325.597\"}","timestamp":"2025-11-29T07:14:14.094Z"}
{"level":"\u001b[32minfo\u001b[39m","message":"{\"method\":\"GET\",\"url\":\"/api/v1/like/v/6928961613409b594dc01255\",\"status\":\"304\",\"responseTime\":\"269.794\"}","timestamp":"2025-11-29T07:14:14.384Z"}
{"$__":{"activePaths":{"paths":{"__v":"init","_id":"init","createdAt":"init","description":"init","duration":"init","isPublished":"init","owner":"init","thumbnail":"init","title":"init","updatedAt":"init","videoFile":"init","views":"init"},"states":{"default":{},"init":{"__v":true,"_id":true,"createdAt":true,"description":true,"duration":true,"isPublished":true,"owner":true,"thumbnail":true,"title":true,"updatedAt":true,"videoFile":true,"views":true},"require":{}}},"populated":{"owner":{"options":{},"value":"692891ae8b3cde57350a5bfe"}},"skipId":true,"validationError":{"_message":"Video validation failed","errors":{"views.0":{"kind":"[ObjectId]","message":"Cast to [ObjectId] failed for value \"[ 3 ]\" (type string) at path \"views.0\" because of \"CastError\"","name":"CastError","path":"views.0","reason":{"kind":"ObjectId","message":"Cast to ObjectId failed for value \"3\" (type number) at path \"views\" because of \"BSONError\"","name":"CastError","path":"views","reason":{},"stringValue":"\"3\"","value":3,"valueType":"number"},"stringValue":"\"[ 3 ]\"","value":"[ 3 ]","valueType":"string"}},"message":"Video validation failed: views.0: Cast to [ObjectId] failed for value \"[ 3 ]\" (type string) at path \"views.0\" because of \"CastError\"","name":"ValidationError"}},"$errors":{"views.0":{"kind":"[ObjectId]","message":"Cast to [ObjectId] failed for value \"[ 3 ]\" (type string) at path \"views.0\" because of \"CastError\"","name":"CastError","path":"views.0","reason":{"kind":"ObjectId","message":"Cast to ObjectId failed for value \"3\" (type number) at path \"views\" because of \"BSONError\"","name":"CastError","path":"views","reason":{},"stringValue":"\"3\"","value":3,"valueType":"number"},"stringValue":"\"[ 3 ]\"","value":"[ 3 ]","valueType":"string"}},"$isNew":false,"_doc":{"__v":3,"_id":"6928961613409b594dc01255","createdAt":"2025-11-27T18:19:02.317Z","description":"Description1","duration":30.48,"isPublished":true,"owner":{"_id":"692891ae8b3cde57350a5bfe","avatar":"http://res.cloudinary.com/dwc2fl8xs/image/upload/v1764266410/tg1mutrddbeu11m1yozp.jpg","fullName":"Sara Khan","username":"user02"},"thumbnail":"http://res.cloudinary.com/dwc2fl8xs/image/upload/v1764267540/xuz5kdcn7bkdsbvcree9.jpg","title":"Video1","updatedAt":"2025-11-28T19:50:59.393Z","videoFile":"http://res.cloudinary.com/dwc2fl8xs/video/upload/v1764267535/fies1fmd1lmsm8jue9pf.mp4","views":["692891628b3cde57350a5bfa","692891ae8b3cde57350a5bfe","692894ab13409b594dc01248"]},"isLikedByUser":false,"isUserSubscribed":true,"level":"\u001b[32minfo\u001b[39m","likes":2,"message":"Video going:","timestamp":"2025-11-29T07:14:14.486Z"}
{"level":"\u001b[32minfo\u001b[39m","message":"{\"method\":\"GET\",\"url\":\"/api/v1/videos/6928961613409b594dc01255\",\"status\":\"304\",\"responseTime\":\"383.344\"}","timestamp":"2025-11-29T07:14:14.488Z"}
{"level":"\u001b[32minfo\u001b[39m","message":"{\"method\":\"GET\",\"url\":\"/api/v1/comments/6928961613409b594dc01255\",\"status\":\"201\",\"responseTime\":\"190.455\"}","timestamp":"2025-11-29T07:14:14.588Z"}
{"level":"\u001b[32minfo\u001b[39m","message":"{\"method\":\"GET\",\"url\":\"/api/v1/like/v/6928961613409b594dc01255\",\"status\":\"304\",\"responseTime\":\"286.764\"}","timestamp":"2025-11-29T07:14:14.792Z"}
{"0":"6928961613409b594dc01255","1":"692898da696e5d9c996d3046","2":"6928997c696e5d9c996d304b","level":"\u001b[32minfo\u001b[39m","message":"Updated watch history: ","timestamp":"2025-11-29T07:14:14.899Z"}
{"level":"\u001b[32minfo\u001b[39m","message":"{\"method\":\"PATCH\",\"url\":\"/api/v1/users/history/add/6928961613409b594dc01255\",\"status\":\"200\",\"responseTime\":\"296.842\"}","timestamp":"2025-11-29T07:14:14.901Z"}
{"level":"\u001b[32minfo\u001b[39m","message":"{\"method\":\"GET\",\"url\":\"/api/v1/comments/6928961613409b594dc01255\",\"status\":\"201\",\"responseTime\":\"193.838\"}","timestamp":"2025-11-29T07:14:15.000Z"}
{"level":"\u001b[32minfo\u001b[39m","message":"{\"method\":\"PATCH\",\"url\":\"/api/v1/videos/views/6928961613409b594dc01255\",\"status\":\"200\",\"responseTime\":\"187.457\"}","timestamp":"2025-11-29T07:14:15.102Z"}
{"0":"6928961613409b594dc01255","1":"692898da696e5d9c996d3046","2":"6928997c696e5d9c996d304b","level":"\u001b[32minfo\u001b[39m","message":"Updated watch history: ","timestamp":"2025-11-29T07:14:15.304Z"}
{"level":"\u001b[32minfo\u001b[39m","message":"{\"method\":\"PATCH\",\"url\":\"/api/v1/users/history/add/6928961613409b594dc01255\",\"status\":\"200\",\"responseTime\":\"296.377\"}","timestamp":"2025-11-29T07:14:15.306Z"}
{"level":"\u001b[32minfo\u001b[39m","message":"{\"method\":\"PATCH\",\"url\":\"/api/v1/videos/views/6928961613409b594dc01255\",\"status\":\"200\",\"responseTime\":\"278.708\"}","timestamp":"2025-11-29T07:14:15.919Z"}
{"level":"\u001b[32minfo\u001b[39m","message":"{\"method\":\"GET\",\"url\":\"/api/v1/notifications/unread-count\",\"status\":\"304\",\"responseTime\":\"133.096\"}","timestamp":"2025-11-29T07:15:14.359Z"}
{"level":"\u001b[32minfo\u001b[39m","message":"Environment variables loaded from .env file","timestamp":"2025-11-29T07:16:08.673Z"}
{"level":"\u001b[32minfo\u001b[39m","message":"Connecting to the database...","timestamp":"2025-11-29T07:16:08.677Z"}
{"level":"\u001b[32minfo\u001b[39m","message":"Connected to the database successfully \n Database Name: vidtube \n Host: ac-umfmukq-shard-00-01.vu6akeu.mongodb.net \n Port: 27017","timestamp":"2025-11-29T07:16:10.003Z"}
{"level":"\u001b[32minfo\u001b[39m","message":"Server is running on port 3000","timestamp":"2025-11-29T07:16:10.012Z"}
{"level":"\u001b[32minfo\u001b[39m","message":"{\"method\":\"GET\",\"url\":\"/api/v1/notifications/unread-count\",\"status\":\"304\",\"responseTime\":\"130.389\"}","timestamp":"2025-11-29T07:16:14.362Z"}
{"level":"\u001b[32minfo\u001b[39m","message":"Environment variables loaded from .env file","timestamp":"2025-11-29T07:16:33.417Z"}
{"level":"\u001b[32minfo\u001b[39m","message":"Connecting to the database...","timestamp":"2025-11-29T07:16:33.421Z"}
{"level":"\u001b[32minfo\u001b[39m","message":"Connected to the database successfully \n Database Name: vidtube \n Host: ac-umfmukq-shard-00-02.vu6akeu.mongodb.net \n Port: 27017","timestamp":"2025-11-29T07:16:34.471Z"}
{"level":"\u001b[32minfo\u001b[39m","message":"Server is running on port 3000","timestamp":"2025-11-29T07:16:34.478Z"}
{"level":"\u001b[32minfo\u001b[39m","message":"{\"method\":\"GET\",\"url\":\"/api/v1/users/current-user\",\"status\":\"200\",\"responseTime\":\"87.805\"}","timestamp":"2025-11-29T07:16:38.624Z"}
{"level":"\u001b[32minfo\u001b[39m","message":"{\"method\":\"GET\",\"url\":\"/api/v1/users/current-user\",\"status\":\"304\",\"responseTime\":\"87.346\"}","timestamp":"2025-11-29T07:16:38.724Z"}
{"level":"\u001b[32minfo\u001b[39m","message":"{\"method\":\"GET\",\"url\":\"/api/v1/users/theme\",\"status\":\"304\",\"responseTime\":\"69.926\"}","timestamp":"2025-11-29T07:16:38.772Z"}
{"level":"\u001b[32minfo\u001b[39m","message":"{\"method\":\"GET\",\"url\":\"/api/v1/users/theme\",\"status\":\"304\",\"responseTime\":\"105.925\"}","timestamp":"2025-11-29T07:16:38.883Z"}
{"level":"\u001b[32minfo\u001b[39m","message":"{\"method\":\"GET\",\"url\":\"/api/v1/notifications/unread-count\",\"status\":\"304\",\"responseTime\":\"264.925\"}","timestamp":"2025-11-29T07:16:39.085Z"}
{"level":"\u001b[32minfo\u001b[39m","message":"{\"method\":\"GET\",\"url\":\"/api/v1/notifications/unread-count\",\"status\":\"304\",\"responseTime\":\"91.328\"}","timestamp":"2025-11-29T07:16:39.183Z"}
{"level":"\u001b[32minfo\u001b[39m","message":"Video going:","timestamp":"2025-11-29T07:16:39.289Z"}
{"level":"\u001b[32minfo\u001b[39m","message":{"__v":3,"_id":"6928961613409b594dc01255","createdAt":"2025-11-27T18:19:02.317Z","description":"Description1","duration":30.48,"isPublished":true,"owner":{"_id":"692891ae8b3cde57350a5bfe","avatar":"http://res.cloudinary.com/dwc2fl8xs/image/upload/v1764266410/tg1mutrddbeu11m1yozp.jpg","fullName":"Sara Khan","username":"user02"},"thumbnail":"http://res.cloudinary.com/dwc2fl8xs/image/upload/v1764267540/xuz5kdcn7bkdsbvcree9.jpg","title":"Video1","updatedAt":"2025-11-28T19:50:59.393Z","videoFile":"http://res.cloudinary.com/dwc2fl8xs/video/upload/v1764267535/fies1fmd1lmsm8jue9pf.mp4","views":["692891628b3cde57350a5bfa","692891ae8b3cde57350a5bfe","692894ab13409b594dc01248"]},"timestamp":"2025-11-29T07:16:39.289Z"}
{"level":"\u001b[32minfo\u001b[39m","message":"{\"method\":\"GET\",\"url\":\"/api/v1/videos/6928961613409b594dc01255\",\"status\":\"304\",\"responseTime\":\"471.489\"}","timestamp":"2025-11-29T07:16:39.293Z"}
{"level":"\u001b[32minfo\u001b[39m","message":"{\"method\":\"GET\",\"url\":\"/api/v1/like/v/6928961613409b594dc01255\",\"status\":\"304\",\"responseTime\":\"214.836\"}","timestamp":"2025-11-29T07:16:39.521Z"}
{"level":"\u001b[32minfo\u001b[39m","message":"Video going:","timestamp":"2025-11-29T07:16:39.618Z"}
{"level":"\u001b[32minfo\u001b[39m","message":{"__v":3,"_id":"6928961613409b594dc01255","createdAt":"2025-11-27T18:19:02.317Z","description":"Description1","duration":30.48,"isPublished":true,"owner":{"_id":"692891ae8b3cde57350a5bfe","avatar":"http://res.cloudinary.com/dwc2fl8xs/image/upload/v1764266410/tg1mutrddbeu11m1yozp.jpg","fullName":"Sara Khan","username":"user02"},"thumbnail":"http://res.cloudinary.com/dwc2fl8xs/image/upload/v1764267540/xuz5kdcn7bkdsbvcree9.jpg","title":"Video1","updatedAt":"2025-11-28T19:50:59.393Z","videoFile":"http://res.cloudinary.com/dwc2fl8xs/video/upload/v1764267535/fies1fmd1lmsm8jue9pf.mp4","views":["692891628b3cde57350a5bfa","692891ae8b3cde57350a5bfe","692894ab13409b594dc01248"]},"timestamp":"2025-11-29T07:16:39.619Z"}
{"level":"\u001b[32minfo\u001b[39m","message":"{\"method\":\"GET\",\"url\":\"/api/v1/videos/6928961613409b594dc01255\",\"status\":\"304\",\"responseTime\":\"325.308\"}","timestamp":"2025-11-29T07:16:39.625Z"}
{"level":"\u001b[32minfo\u001b[39m","message":"{\"method\":\"GET\",\"url\":\"/api/v1/comments/6928961613409b594dc01255\",\"status\":\"201\",\"responseTime\":\"173.046\"}","timestamp":"2025-11-29T07:16:39.705Z"}
{"level":"\u001b[32minfo\u001b[39m","message":"{\"method\":\"GET\",\"url\":\"/api/v1/like/v/6928961613409b594dc01255\",\"status\":\"304\",\"responseTime\":\"157.419\"}","timestamp":"2025-11-29T07:16:39.795Z"}
{"0":"6928961613409b594dc01255","1":"692898da696e5d9c996d3046","2":"6928997c696e5d9c996d304b","level":"\u001b[32minfo\u001b[39m","message":"Updated watch history: ","timestamp":"2025-11-29T07:16:39.999Z"}
{"level":"\u001b[32minfo\u001b[39m","message":"{\"method\":\"PATCH\",\"url\":\"/api/v1/users/history/add/6928961613409b594dc01255\",\"status\":\"200\",\"responseTime\":\"283.004\"}","timestamp":"2025-11-29T07:16:40.001Z"}
{"level":"\u001b[32minfo\u001b[39m","message":"{\"method\":\"GET\",\"url\":\"/api/v1/comments/6928961613409b594dc01255\",\"status\":\"201\",\"responseTime\":\"296.065\"}","timestamp":"2025-11-29T07:16:40.102Z"}
{"level":"\u001b[32minfo\u001b[39m","message":"{\"method\":\"PATCH\",\"url\":\"/api/v1/videos/views/6928961613409b594dc01255\",\"status\":\"200\",\"responseTime\":\"296.380\"}","timestamp":"2025-11-29T07:16:40.307Z"}
{"0":"6928961613409b594dc01255","1":"692898da696e5d9c996d3046","2":"6928997c696e5d9c996d304b","level":"\u001b[32minfo\u001b[39m","message":"Updated watch history: ","timestamp":"2025-11-29T07:16:40.409Z"}
{"level":"\u001b[32minfo\u001b[39m","message":"{\"method\":\"PATCH\",\"url\":\"/api/v1/users/history/add/6928961613409b594dc01255\",\"status\":\"200\",\"responseTime\":\"297.598\"}","timestamp":"2025-11-29T07:16:40.410Z"}
{"level":"\u001b[32minfo\u001b[39m","message":"{\"method\":\"PATCH\",\"url\":\"/api/v1/videos/views/6928961613409b594dc01255\",\"status\":\"200\",\"responseTime\":\"222.454\"}","timestamp":"2025-11-29T07:16:40.643Z"}
{"level":"\u001b[32minfo\u001b[39m","message":"{\"method\":\"GET\",\"url\":\"/api/v1/notifications/unread-count\",\"status\":\"304\",\"responseTime\":\"187.978\"}","timestamp":"2025-11-29T07:17:39.394Z"}
{"level":"\u001b[32minfo\u001b[39m","message":"Environment variables loaded from .env file","timestamp":"2025-11-29T07:18:03.127Z"}
{"level":"\u001b[32minfo\u001b[39m","message":"Connecting to the database...","timestamp":"2025-11-29T07:18:03.132Z"}
{"level":"\u001b[32minfo\u001b[39m","message":"Connected to the database successfully \n Database Name: vidtube \n Host: ac-umfmukq-shard-00-01.vu6akeu.mongodb.net \n Port: 27017","timestamp":"2025-11-29T07:18:04.289Z"}
{"level":"\u001b[32minfo\u001b[39m","message":"Server is running on port 3000","timestamp":"2025-11-29T07:18:04.295Z"}
{"level":"\u001b[32minfo\u001b[39m","message":"{\"method\":\"GET\",\"url\":\"/api/v1/users/current-user\",\"status\":\"200\",\"responseTime\":\"116.317\"}","timestamp":"2025-11-29T07:18:07.779Z"}
{"level":"\u001b[32minfo\u001b[39m","message":"{\"method\":\"GET\",\"url\":\"/api/v1/users/current-user\",\"status\":\"304\",\"responseTime\":\"83.962\"}","timestamp":"2025-11-29T07:18:07.873Z"}
{"level":"\u001b[32minfo\u001b[39m","message":"{\"method\":\"GET\",\"url\":\"/api/v1/users/theme\",\"status\":\"304\",\"responseTime\":\"123.952\"}","timestamp":"2025-11-29T07:18:08.079Z"}
{"level":"\u001b[32minfo\u001b[39m","message":"{\"method\":\"GET\",\"url\":\"/api/v1/users/theme\",\"status\":\"304\",\"responseTime\":\"81.343\"}","timestamp":"2025-11-29T07:18:08.166Z"}
{"level":"\u001b[32minfo\u001b[39m","message":"{\"method\":\"GET\",\"url\":\"/api/v1/notifications/unread-count\",\"status\":\"304\",\"responseTime\":\"107.416\"}","timestamp":"2025-11-29T07:18:08.256Z"}
{"level":"\u001b[32minfo\u001b[39m","message":"{\"method\":\"GET\",\"url\":\"/api/v1/notifications/unread-count\",\"status\":\"304\",\"responseTime\":\"72.235\"}","timestamp":"2025-11-29T07:18:08.342Z"}
{"level":"\u001b[32minfo\u001b[39m","message":"Video going:","timestamp":"2025-11-29T07:18:08.456Z"}
{"level":"\u001b[32minfo\u001b[39m","message":{"__v":3,"_id":"6928961613409b594dc01255","createdAt":"2025-11-27T18:19:02.317Z","description":"Description1","duration":30.48,"isPublished":true,"owner":"692891ae8b3cde57350a5bfe","thumbnail":"http://res.cloudinary.com/dwc2fl8xs/image/upload/v1764267540/xuz5kdcn7bkdsbvcree9.jpg","title":"Video1","updatedAt":"2025-11-28T19:50:59.393Z","videoFile":"http://res.cloudinary.com/dwc2fl8xs/video/upload/v1764267535/fies1fmd1lmsm8jue9pf.mp4","views":["692891628b3cde57350a5bfa","692891ae8b3cde57350a5bfe","692894ab13409b594dc01248"]},"timestamp":"2025-11-29T07:18:08.457Z"}
{"level":"\u001b[32minfo\u001b[39m","message":"{\"method\":\"GET\",\"url\":\"/api/v1/videos/6928961613409b594dc01255\",\"status\":\"200\",\"responseTime\":\"311.358\"}","timestamp":"2025-11-29T07:18:08.462Z"}
{"level":"\u001b[32minfo\u001b[39m","message":"{\"method\":\"GET\",\"url\":\"/api/v1/like/v/6928961613409b594dc01255\",\"status\":\"304\",\"responseTime\":\"233.707\"}","timestamp":"2025-11-29T07:18:08.713Z"}
{"level":"\u001b[32minfo\u001b[39m","message":"Video going:","timestamp":"2025-11-29T07:18:08.814Z"}
{"level":"\u001b[32minfo\u001b[39m","message":{"__v":3,"_id":"6928961613409b594dc01255","createdAt":"2025-11-27T18:19:02.317Z","description":"Description1","duration":30.48,"isPublished":true,"owner":"692891ae8b3cde57350a5bfe","thumbnail":"http://res.cloudinary.com/dwc2fl8xs/image/upload/v1764267540/xuz5kdcn7bkdsbvcree9.jpg","title":"Video1","updatedAt":"2025-11-28T19:50:59.393Z","videoFile":"http://res.cloudinary.com/dwc2fl8xs/video/upload/v1764267535/fies1fmd1lmsm8jue9pf.mp4","views":["692891628b3cde57350a5bfa","692891ae8b3cde57350a5bfe","692894ab13409b594dc01248"]},"timestamp":"2025-11-29T07:18:08.815Z"}
{"level":"\u001b[32minfo\u001b[39m","message":"{\"method\":\"GET\",\"url\":\"/api/v1/videos/6928961613409b594dc01255\",\"status\":\"304\",\"responseTime\":\"350.136\"}","timestamp":"2025-11-29T07:18:08.819Z"}
{"level":"\u001b[32minfo\u001b[39m","message":"{\"method\":\"GET\",\"url\":\"/api/v1/comments/6928961613409b594dc01255\",\"status\":\"201\",\"responseTime\":\"167.493\"}","timestamp":"2025-11-29T07:18:08.899Z"}
{"level":"\u001b[32minfo\u001b[39m","message":"{\"method\":\"GET\",\"url\":\"/api/v1/like/v/6928961613409b594dc01255\",\"status\":\"304\",\"responseTime\":\"165.122\"}","timestamp":"2025-11-29T07:18:08.999Z"}
{"0":"6928961613409b594dc01255","1":"692898da696e5d9c996d3046","2":"6928997c696e5d9c996d304b","level":"\u001b[32minfo\u001b[39m","message":"Updated watch history: ","timestamp":"2025-11-29T07:18:09.202Z"}
{"level":"\u001b[32minfo\u001b[39m","message":"{\"method\":\"PATCH\",\"url\":\"/api/v1/users/history/add/6928961613409b594dc01255\",\"status\":\"200\",\"responseTime\":\"288.389\"}","timestamp":"2025-11-29T07:18:09.203Z"}
{"level":"\u001b[32minfo\u001b[39m","message":"{\"method\":\"GET\",\"url\":\"/api/v1/comments/6928961613409b594dc01255\",\"status\":\"201\",\"responseTime\":\"234.610\"}","timestamp":"2025-11-29T07:18:09.245Z"}
{"level":"\u001b[32minfo\u001b[39m","message":"{\"method\":\"PATCH\",\"url\":\"/api/v1/videos/views/6928961613409b594dc01255\",\"status\":\"200\",\"responseTime\":\"289.448\"}","timestamp":"2025-11-29T07:18:09.512Z"}
{"0":"6928961613409b594dc01255","1":"692898da696e5d9c996d3046","2":"6928997c696e5d9c996d304b","level":"\u001b[32minfo\u001b[39m","message":"Updated watch history: ","timestamp":"2025-11-29T07:18:09.586Z"}
{"level":"\u001b[32minfo\u001b[39m","message":"{\"method\":\"PATCH\",\"url\":\"/api/v1/users/history/add/6928961613409b594dc01255\",\"status\":\"200\",\"responseTime\":\"329.938\"}","timestamp":"2025-11-29T07:18:09.587Z"}
{"level":"\u001b[32minfo\u001b[39m","message":"{\"method\":\"GET\",\"url\":\"/api/v1/users/u/692891ae8b3cde57350a5bfe\",\"status\":\"304\",\"responseTime\":\"81.148\"}","timestamp":"2025-11-29T07:18:09.649Z"}
{"level":"\u001b[32minfo\u001b[39m","message":"{\"method\":\"PATCH\",\"url\":\"/api/v1/videos/views/6928961613409b594dc01255\",\"status\":\"200\",\"responseTime\":\"218.509\"}","timestamp":"2025-11-29T07:18:09.817Z"}
{"level":"\u001b[32minfo\u001b[39m","message":"{\"method\":\"GET\",\"url\":\"/api/v1/users/u/692891ae8b3cde57350a5bfe\",\"status\":\"304\",\"responseTime\":\"210.287\"}","timestamp":"2025-11-29T07:18:09.866Z"}
{"level":"\u001b[32minfo\u001b[39m","message":"Environment variables loaded from .env file","timestamp":"2025-11-29T07:18:18.457Z"}
{"level":"\u001b[32minfo\u001b[39m","message":"Connecting to the database...","timestamp":"2025-11-29T07:18:18.463Z"}
{"level":"\u001b[32minfo\u001b[39m","message":"Environment variables loaded from .env file","timestamp":"2025-11-29T07:18:20.530Z"}
{"level":"\u001b[32minfo\u001b[39m","message":"Connecting to the database...","timestamp":"2025-11-29T07:18:20.534Z"}
{"level":"\u001b[32minfo\u001b[39m","message":"Connected to the database successfully \n Database Name: vidtube \n Host: ac-umfmukq-shard-00-02.vu6akeu.mongodb.net \n Port: 27017","timestamp":"2025-11-29T07:18:21.801Z"}
{"level":"\u001b[32minfo\u001b[39m","message":"Server is running on port 3000","timestamp":"2025-11-29T07:18:21.808Z"}
{"level":"\u001b[32minfo\u001b[39m","message":"{\"method\":\"GET\",\"url\":\"/api/v1/notifications/unread-count\",\"status\":\"304\",\"responseTime\":\"188.333\"}","timestamp":"2025-11-29T07:18:24.776Z"}
{"level":"\u001b[32minfo\u001b[39m","message":"{\"method\":\"GET\",\"url\":\"/api/v1/notifications/unread-count\",\"status\":\"304\",\"responseTime\":\"197.526\"}","timestamp":"2025-11-29T07:18:24.978Z"}
{"level":"\u001b[32minfo\u001b[39m","message":"Video going:","timestamp":"2025-11-29T07:18:25.181Z"}
{"level":"\u001b[32minfo\u001b[39m","message":{"__v":3,"_id":"6928961613409b594dc01255","createdAt":"2025-11-27T18:19:02.317Z","description":"Description1","duration":30.48,"isPublished":true,"owner":{"_id":"692891ae8b3cde57350a5bfe","avatar":"http://res.cloudinary.com/dwc2fl8xs/image/upload/v1764266410/tg1mutrddbeu11m1yozp.jpg","fullName":"Sara Khan","username":"user02"},"thumbnail":"http://res.cloudinary.com/dwc2fl8xs/image/upload/v1764267540/xuz5kdcn7bkdsbvcree9.jpg","title":"Video1","updatedAt":"2025-11-28T19:50:59.393Z","videoFile":"http://res.cloudinary.com/dwc2fl8xs/video/upload/v1764267535/fies1fmd1lmsm8jue9pf.mp4","views":["692891628b3cde57350a5bfa","692891ae8b3cde57350a5bfe","692894ab13409b594dc01248"]},"timestamp":"2025-11-29T07:18:25.182Z"}
{"level":"\u001b[32minfo\u001b[39m","message":"{\"method\":\"GET\",\"url\":\"/api/v1/videos/6928961613409b594dc01255\",\"status\":\"200\",\"responseTime\":\"578.724\"}","timestamp":"2025-11-29T07:18:25.191Z"}
{"level":"\u001b[32minfo\u001b[39m","message":"{\"method\":\"GET\",\"url\":\"/api/v1/like/v/6928961613409b594dc01255\",\"status\":\"304\",\"responseTime\":\"286.809\"}","timestamp":"2025-11-29T07:18:25.498Z"}
{"level":"\u001b[32minfo\u001b[39m","message":"Video going:","timestamp":"2025-11-29T07:18:25.592Z"}
{"level":"\u001b[32minfo\u001b[39m","message":{"__v":3,"_id":"6928961613409b594dc01255","createdAt":"2025-11-27T18:19:02.317Z","description":"Description1","duration":30.48,"isPublished":true,"owner":{"_id":"692891ae8b3cde57350a5bfe","avatar":"http://res.cloudinary.com/dwc2fl8xs/image/upload/v1764266410/tg1mutrddbeu11m1yozp.jpg","fullName":"Sara Khan","username":"user02"},"thumbnail":"http://res.cloudinary.com/dwc2fl8xs/image/upload/v1764267540/xuz5kdcn7bkdsbvcree9.jpg","title":"Video1","updatedAt":"2025-11-28T19:50:59.393Z","videoFile":"http://res.cloudinary.com/dwc2fl8xs/video/upload/v1764267535/fies1fmd1lmsm8jue9pf.mp4","views":["692891628b3cde57350a5bfa","692891ae8b3cde57350a5bfe","692894ab13409b594dc01248"]},"timestamp":"2025-11-29T07:18:25.593Z"}
{"level":"\u001b[32minfo\u001b[39m","message":"{\"method\":\"GET\",\"url\":\"/api/v1/videos/6928961613409b594dc01255\",\"status\":\"304\",\"responseTime\":\"398.686\"}","timestamp":"2025-11-29T07:18:25.596Z"}
{"level":"\u001b[32minfo\u001b[39m","message":"{\"method\":\"GET\",\"url\":\"/api/v1/comments/6928961613409b594dc01255\",\"status\":\"201\",\"responseTime\":\"183.621\"}","timestamp":"2025-11-29T07:18:25.694Z"}
{"level":"\u001b[32minfo\u001b[39m","message":"{\"method\":\"GET\",\"url\":\"/api/v1/like/v/6928961613409b594dc01255\",\"status\":\"304\",\"responseTime\":\"182.238\"}","timestamp":"2025-11-29T07:18:25.794Z"}
{"0":"6928961613409b594dc01255","1":"692898da696e5d9c996d3046","2":"6928997c696e5d9c996d304b","level":"\u001b[32minfo\u001b[39m","message":"Updated watch history: ","timestamp":"2025-11-29T07:18:25.942Z"}
{"level":"\u001b[32minfo\u001b[39m","message":"{\"method\":\"PATCH\",\"url\":\"/api/v1/users/history/add/6928961613409b594dc01255\",\"status\":\"200\",\"responseTime\":\"237.126\"}","timestamp":"2025-11-29T07:18:25.944Z"}
{"level":"\u001b[32minfo\u001b[39m","message":"{\"method\":\"GET\",\"url\":\"/api/v1/comments/6928961613409b594dc01255\",\"status\":\"201\",\"responseTime\":\"295.789\"}","timestamp":"2025-11-29T07:18:26.103Z"}
{"level":"\u001b[32minfo\u001b[39m","message":"{\"method\":\"PATCH\",\"url\":\"/api/v1/videos/views/6928961613409b594dc01255\",\"status\":\"200\",\"responseTime\":\"215.054\"}","timestamp":"2025-11-29T07:18:26.173Z"}
{"0":"6928961613409b594dc01255","1":"692898da696e5d9c996d3046","2":"6928997c696e5d9c996d304b","level":"\u001b[32minfo\u001b[39m","message":"Updated watch history: ","timestamp":"2025-11-29T07:18:26.305Z"}
{"level":"\u001b[32minfo\u001b[39m","message":"{\"method\":\"PATCH\",\"url\":\"/api/v1/users/history/add/6928961613409b594dc01255\",\"status\":\"200\",\"responseTime\":\"192.384\"}","timestamp":"2025-11-29T07:18:26.308Z"}
{"level":"\u001b[32minfo\u001b[39m","message":"{\"method\":\"PATCH\",\"url\":\"/api/v1/videos/views/6928961613409b594dc01255\",\"status\":\"200\",\"responseTime\":\"355.542\"}","timestamp":"2025-11-29T07:18:27.738Z"}
{"level":"\u001b[32minfo\u001b[39m","message":"{\"method\":\"GET\",\"url\":\"/api/v1/notifications/unread-count\",\"status\":\"304\",\"responseTime\":\"176.987\"}","timestamp":"2025-11-29T07:19:25.397Z"}
{"level":"\u001b[32minfo\u001b[39m","message":"{\"method\":\"GET\",\"url\":\"/api/v1/notifications/unread-count\",\"status\":\"304\",\"responseTime\":\"70.427\"}","timestamp":"2025-11-29T07:20:24.653Z"}
{"level":"\u001b[32minfo\u001b[39m","message":"Environment variables loaded from .env file","timestamp":"2025-11-29T07:21:12.153Z"}
{"level":"\u001b[32minfo\u001b[39m","message":"Connecting to the database...","timestamp":"2025-11-29T07:21:12.157Z"}
{"level":"\u001b[32minfo\u001b[39m","message":"Connected to the database successfully \n Database Name: vidtube \n Host: ac-umfmukq-shard-00-01.vu6akeu.mongodb.net \n Port: 27017","timestamp":"2025-11-29T07:21:13.431Z"}
{"level":"\u001b[32minfo\u001b[39m","message":"Server is running on port 3000","timestamp":"2025-11-29T07:21:13.436Z"}
{"level":"\u001b[32minfo\u001b[39m","message":"{\"method\":\"GET\",\"url\":\"/api/v1/notifications/unread-count\",\"status\":\"304\",\"responseTime\":\"197.661\"}","timestamp":"2025-11-29T07:21:25.417Z"}
{"level":"\u001b[32minfo\u001b[39m","message":"Environment variables loaded from .env file","timestamp":"2025-11-29T07:22:01.494Z"}
{"level":"\u001b[32minfo\u001b[39m","message":"Connecting to the database...","timestamp":"2025-11-29T07:22:01.500Z"}
{"level":"\u001b[32minfo\u001b[39m","message":"Connected to the database successfully \n Database Name: vidtube \n Host: ac-umfmukq-shard-00-01.vu6akeu.mongodb.net \n Port: 27017","timestamp":"2025-11-29T07:22:02.591Z"}
{"level":"\u001b[32minfo\u001b[39m","message":"Server is running on port 3000","timestamp":"2025-11-29T07:22:02.599Z"}
{"level":"\u001b[32minfo\u001b[39m","message":"Environment variables loaded from .env file","timestamp":"2025-11-29T07:22:07.165Z"}
{"level":"\u001b[32minfo\u001b[39m","message":"Connecting to the database...","timestamp":"2025-11-29T07:22:07.170Z"}
{"level":"\u001b[32minfo\u001b[39m","message":"Connected to the database successfully \n Database Name: vidtube \n Host: ac-umfmukq-shard-00-00.vu6akeu.mongodb.net \n Port: 27017","timestamp":"2025-11-29T07:22:08.324Z"}
{"level":"\u001b[32minfo\u001b[39m","message":"Server is running on port 3000","timestamp":"2025-11-29T07:22:08.329Z"}
{"level":"\u001b[32minfo\u001b[39m","message":"{\"method\":\"GET\",\"url\":\"/api/v1/users/current-user\",\"status\":\"200\",\"responseTime\":\"104.859\"}","timestamp":"2025-11-29T07:22:13.767Z"}
{"level":"\u001b[32minfo\u001b[39m","message":"{\"method\":\"GET\",\"url\":\"/api/v1/users/current-user\",\"status\":\"304\",\"responseTime\":\"82.673\"}","timestamp":"2025-11-29T07:22:13.856Z"}
{"level":"\u001b[32minfo\u001b[39m","message":"{\"method\":\"GET\",\"url\":\"/api/v1/users/theme\",\"status\":\"304\",\"responseTime\":\"64.406\"}","timestamp":"2025-11-29T07:22:13.960Z"}
{"level":"\u001b[32minfo\u001b[39m","message":"{\"method\":\"GET\",\"url\":\"/api/v1/users/theme\",\"status\":\"304\",\"responseTime\":\"113.835\"}","timestamp":"2025-11-29T07:22:14.081Z"}
{"level":"\u001b[32minfo\u001b[39m","message":"{\"method\":\"GET\",\"url\":\"/api/v1/notifications/unread-count\",\"status\":\"304\",\"responseTime\":\"200.039\"}","timestamp":"2025-11-29T07:22:14.260Z"}
{"level":"\u001b[32minfo\u001b[39m","message":"{\"method\":\"GET\",\"url\":\"/api/v1/notifications/unread-count\",\"status\":\"304\",\"responseTime\":\"133.830\"}","timestamp":"2025-11-29T07:22:14.401Z"}
{"level":"\u001b[32minfo\u001b[39m","message":"{\"method\":\"GET\",\"url\":\"/api/v1/videos/6928961613409b594dc01255\",\"status\":\"304\",\"responseTime\":\"509.773\"}","timestamp":"2025-11-29T07:22:14.571Z"}
{"level":"\u001b[32minfo\u001b[39m","message":"{\"method\":\"GET\",\"url\":\"/api/v1/like/v/6928961613409b594dc01255\",\"status\":\"304\",\"responseTime\":\"182.417\"}","timestamp":"2025-11-29T07:22:14.770Z"}
{"level":"\u001b[32minfo\u001b[39m","message":"{\"method\":\"GET\",\"url\":\"/api/v1/videos/6928961613409b594dc01255\",\"status\":\"304\",\"responseTime\":\"411.475\"}","timestamp":"2025-11-29T07:22:14.988Z"}
{"level":"\u001b[32minfo\u001b[39m","message":"{\"method\":\"GET\",\"url\":\"/api/v1/comments/6928961613409b594dc01255\",\"status\":\"201\",\"responseTime\":\"304.949\"}","timestamp":"2025-11-29T07:22:15.086Z"}
{"level":"\u001b[32minfo\u001b[39m","message":"{\"method\":\"GET\",\"url\":\"/api/v1/like/v/6928961613409b594dc01255\",\"status\":\"304\",\"responseTime\":\"177.255\"}","timestamp":"2025-11-29T07:22:15.181Z"}
{"0":"6928961613409b594dc01255","1":"692898da696e5d9c996d3046","2":"6928997c696e5d9c996d304b","level":"\u001b[32minfo\u001b[39m","message":"Updated watch history: ","timestamp":"2025-11-29T07:22:15.387Z"}
{"level":"\u001b[32minfo\u001b[39m","message":"{\"method\":\"PATCH\",\"url\":\"/api/v1/users/history/add/6928961613409b594dc01255\",\"status\":\"200\",\"responseTime\":\"288.859\"}","timestamp":"2025-11-29T07:22:15.389Z"}
{"level":"\u001b[32minfo\u001b[39m","message":"{\"method\":\"GET\",\"url\":\"/api/v1/comments/6928961613409b594dc01255\",\"status\":\"201\",\"responseTime\":\"293.955\"}","timestamp":"2025-11-29T07:22:15.488Z"}
{"level":"\u001b[32minfo\u001b[39m","message":"{\"method\":\"PATCH\",\"url\":\"/api/v1/videos/views/6928961613409b594dc01255\",\"status\":\"200\",\"responseTime\":\"293.165\"}","timestamp":"2025-11-29T07:22:15.694Z"}
{"0":"6928961613409b594dc01255","1":"692898da696e5d9c996d3046","2":"6928997c696e5d9c996d304b","level":"\u001b[32minfo\u001b[39m","message":"Updated watch history: ","timestamp":"2025-11-29T07:22:15.794Z"}
{"level":"\u001b[32minfo\u001b[39m","message":"{\"method\":\"PATCH\",\"url\":\"/api/v1/users/history/add/6928961613409b594dc01255\",\"status\":\"200\",\"responseTime\":\"294.937\"}","timestamp":"2025-11-29T07:22:15.796Z"}
{"level":"\u001b[32minfo\u001b[39m","message":"{\"method\":\"PATCH\",\"url\":\"/api/v1/videos/views/6928961613409b594dc01255\",\"status\":\"200\",\"responseTime\":\"298.583\"}","timestamp":"2025-11-29T07:22:16.104Z"}
{"level":"\u001b[32minfo\u001b[39m","message":"{\"method\":\"GET\",\"url\":\"/api/v1/users/current-user\",\"status\":\"200\",\"responseTime\":\"114.377\"}","timestamp":"2025-11-29T07:22:37.406Z"}
{"level":"\u001b[32minfo\u001b[39m","message":"{\"method\":\"GET\",\"url\":\"/api/v1/users/current-user\",\"status\":\"304\",\"responseTime\":\"64.013\"}","timestamp":"2025-11-29T07:22:37.475Z"}
{"level":"\u001b[32minfo\u001b[39m","message":"{\"method\":\"GET\",\"url\":\"/api/v1/users/theme\",\"status\":\"304\",\"responseTime\":\"79.918\"}","timestamp":"2025-11-29T07:22:37.539Z"}
{"level":"\u001b[32minfo\u001b[39m","message":"{\"method\":\"GET\",\"url\":\"/api/v1/users/theme\",\"status\":\"304\",\"responseTime\":\"66.571\"}","timestamp":"2025-11-29T07:22:37.612Z"}
{"level":"\u001b[32minfo\u001b[39m","message":"{\"method\":\"GET\",\"url\":\"/api/v1/notifications/unread-count\",\"status\":\"304\",\"responseTime\":\"122.195\"}","timestamp":"2025-11-29T07:22:37.727Z"}
{"level":"\u001b[32minfo\u001b[39m","message":"{\"method\":\"GET\",\"url\":\"/api/v1/notifications/unread-count\",\"status\":\"304\",\"responseTime\":\"155.525\"}","timestamp":"2025-11-29T07:22:37.890Z"}
{"level":"\u001b[32minfo\u001b[39m","message":"{\"method\":\"GET\",\"url\":\"/api/v1/videos/6928961613409b594dc01255\",\"status\":\"304\",\"responseTime\":\"384.320\"}","timestamp":"2025-11-29T07:22:37.989Z"}
{"level":"\u001b[32minfo\u001b[39m","message":"{\"method\":\"GET\",\"url\":\"/api/v1/like/v/6928961613409b594dc01255\",\"status\":\"304\",\"responseTime\":\"228.336\"}","timestamp":"2025-11-29T07:22:38.235Z"}
{"level":"\u001b[32minfo\u001b[39m","message":"{\"method\":\"GET\",\"url\":\"/api/v1/videos/6928961613409b594dc01255\",\"status\":\"304\",\"responseTime\":\"345.306\"}","timestamp":"2025-11-29T07:22:38.342Z"}
{"level":"\u001b[32minfo\u001b[39m","message":"{\"method\":\"GET\",\"url\":\"/api/v1/comments/6928961613409b594dc01255\",\"status\":\"201\",\"responseTime\":\"182.402\"}","timestamp":"2025-11-29T07:22:38.430Z"}
{"level":"\u001b[32minfo\u001b[39m","message":"{\"method\":\"GET\",\"url\":\"/api/v1/like/v/6928961613409b594dc01255\",\"status\":\"304\",\"responseTime\":\"178.539\"}","timestamp":"2025-11-29T07:22:38.533Z"}
{"0":"6928961613409b594dc01255","1":"692898da696e5d9c996d3046","2":"6928997c696e5d9c996d304b","level":"\u001b[32minfo\u001b[39m","message":"Updated watch history: ","timestamp":"2025-11-29T07:22:38.632Z"}
{"level":"\u001b[32minfo\u001b[39m","message":"{\"method\":\"PATCH\",\"url\":\"/api/v1/users/history/add/6928961613409b594dc01255\",\"status\":\"200\",\"responseTime\":\"190.146\"}","timestamp":"2025-11-29T07:22:38.634Z"}
{"level":"\u001b[32minfo\u001b[39m","message":"{\"method\":\"GET\",\"url\":\"/api/v1/comments/6928961613409b594dc01255\",\"status\":\"201\",\"responseTime\":\"150.010\"}","timestamp":"2025-11-29T07:22:38.695Z"}
{"level":"\u001b[32minfo\u001b[39m","message":"{\"method\":\"PATCH\",\"url\":\"/api/v1/videos/views/6928961613409b594dc01255\",\"status\":\"200\",\"responseTime\":\"113.757\"}","timestamp":"2025-11-29T07:22:38.758Z"}
{"0":"6928961613409b594dc01255","1":"692898da696e5d9c996d3046","2":"6928997c696e5d9c996d304b","level":"\u001b[32minfo\u001b[39m","message":"Updated watch history: ","timestamp":"2025-11-29T07:22:38.903Z"}
{"level":"\u001b[32minfo\u001b[39m","message":"{\"method\":\"PATCH\",\"url\":\"/api/v1/users/history/add/6928961613409b594dc01255\",\"status\":\"200\",\"responseTime\":\"196.170\"}","timestamp":"2025-11-29T07:22:38.904Z"}
{"level":"\u001b[32minfo\u001b[39m","message":"{\"method\":\"PATCH\",\"url\":\"/api/v1/videos/views/6928961613409b594dc01255\",\"status\":\"200\",\"responseTime\":\"234.028\"}","timestamp":"2025-11-29T07:22:39.453Z"}
{"level":"\u001b[32minfo\u001b[39m","message":"{\"method\":\"GET\",\"url\":\"/api/v1/notifications/unread-count\",\"status\":\"304\",\"responseTime\":\"68.528\"}","timestamp":"2025-11-29T07:23:38.290Z"}
{"level":"\u001b[32minfo\u001b[39m","message":"Environment variables loaded from .env file","timestamp":"2025-11-29T07:24:29.580Z"}
{"level":"\u001b[32minfo\u001b[39m","message":"Connecting to the database...","timestamp":"2025-11-29T07:24:29.584Z"}
{"level":"\u001b[32minfo\u001b[39m","message":"Connected to the database successfully \n Database Name: vidtube \n Host: ac-umfmukq-shard-00-02.vu6akeu.mongodb.net \n Port: 27017","timestamp":"2025-11-29T07:24:30.775Z"}
{"level":"\u001b[32minfo\u001b[39m","message":"Server is running on port 3000","timestamp":"2025-11-29T07:24:30.782Z"}
{"level":"\u001b[32minfo\u001b[39m","message":"{\"method\":\"GET\",\"url\":\"/api/v1/notifications/unread-count\",\"status\":\"304\",\"responseTime\":\"104.789\"}","timestamp":"2025-11-29T07:24:38.327Z"}
{"level":"\u001b[32minfo\u001b[39m","message":"{\"method\":\"GET\",\"url\":\"/api/v1/notifications/unread-count\",\"status\":\"304\",\"responseTime\":\"136.895\"}","timestamp":"2025-11-29T07:25:38.360Z"}
{"level":"\u001b[32minfo\u001b[39m","message":"{\"method\":\"GET\",\"url\":\"/api/v1/notifications/unread-count\",\"status\":\"304\",\"responseTime\":\"93.436\"}","timestamp":"2025-11-29T07:26:38.302Z"}
{"level":"\u001b[32minfo\u001b[39m","message":"{\"method\":\"GET\",\"url\":\"/api/v1/notifications/unread-count\",\"status\":\"304\",\"responseTime\":\"108.593\"}","timestamp":"2025-11-29T07:27:38.324Z"}
{"level":"\u001b[32minfo\u001b[39m","message":"{\"method\":\"GET\",\"url\":\"/api/v1/notifications/unread-count\",\"status\":\"304\",\"responseTime\":\"183.174\"}","timestamp":"2025-11-29T07:28:38.395Z"}
{"level":"\u001b[32minfo\u001b[39m","message":"{\"method\":\"GET\",\"url\":\"/api/v1/notifications/unread-count\",\"status\":\"304\",\"responseTime\":\"143.576\"}","timestamp":"2025-11-29T07:29:38.360Z"}
{"level":"\u001b[32minfo\u001b[39m","message":"{\"method\":\"GET\",\"url\":\"/api/v1/notifications/unread-count\",\"status\":\"304\",\"responseTime\":\"252.382\"}","timestamp":"2025-11-29T07:30:40.462Z"}
{"level":"\u001b[32minfo\u001b[39m","message":"Environment variables loaded from .env file","timestamp":"2025-11-29T07:30:42.883Z"}
{"level":"\u001b[32minfo\u001b[39m","message":"Connecting to the database...","timestamp":"2025-11-29T07:30:42.887Z"}
{"level":"\u001b[32minfo\u001b[39m","message":"Connected to the database successfully \n Database Name: vidtube \n Host: ac-umfmukq-shard-00-01.vu6akeu.mongodb.net \n Port: 27017","timestamp":"2025-11-29T07:30:43.942Z"}
{"level":"\u001b[32minfo\u001b[39m","message":"Server is running on port 3000","timestamp":"2025-11-29T07:30:43.947Z"}
{"level":"\u001b[32minfo\u001b[39m","message":"Environment variables loaded from .env file","timestamp":"2025-11-29T07:31:07.242Z"}
{"level":"\u001b[32minfo\u001b[39m","message":"Connecting to the database...","timestamp":"2025-11-29T07:31:07.247Z"}
{"level":"\u001b[32minfo\u001b[39m","message":"Connected to the database successfully \n Database Name: vidtube \n Host: ac-umfmukq-shard-00-00.vu6akeu.mongodb.net \n Port: 27017","timestamp":"2025-11-29T07:31:08.297Z"}
{"level":"\u001b[32minfo\u001b[39m","message":"Server is running on port 3000","timestamp":"2025-11-29T07:31:08.303Z"}
{"level":"\u001b[32minfo\u001b[39m","message":"{\"method\":\"GET\",\"url\":\"/api/v1/users/current-user\",\"status\":\"200\",\"responseTime\":\"119.018\"}","timestamp":"2025-11-29T07:31:13.662Z"}
{"level":"\u001b[32minfo\u001b[39m","message":"{\"method\":\"GET\",\"url\":\"/api/v1/users/current-user\",\"status\":\"304\",\"responseTime\":\"70.154\"}","timestamp":"2025-11-29T07:31:13.738Z"}
{"level":"\u001b[32minfo\u001b[39m","message":"{\"method\":\"GET\",\"url\":\"/api/v1/users/theme\",\"status\":\"304\",\"responseTime\":\"83.212\"}","timestamp":"2025-11-29T07:31:13.798Z"}
{"level":"\u001b[32minfo\u001b[39m","message":"{\"method\":\"GET\",\"url\":\"/api/v1/users/theme\",\"status\":\"304\",\"responseTime\":\"80.512\"}","timestamp":"2025-11-29T07:31:13.885Z"}
{"level":"\u001b[32minfo\u001b[39m","message":"{\"method\":\"GET\",\"url\":\"/api/v1/notifications/unread-count\",\"status\":\"304\",\"responseTime\":\"167.907\"}","timestamp":"2025-11-29T07:31:14.031Z"}
{"level":"\u001b[32minfo\u001b[39m","message":"{\"method\":\"GET\",\"url\":\"/api/v1/videos/6928961613409b594dc01255\",\"status\":\"201\",\"responseTime\":\"244.124\"}","timestamp":"2025-11-29T07:31:14.110Z"}
{"level":"\u001b[32minfo\u001b[39m","message":"{\"method\":\"GET\",\"url\":\"/api/v1/notifications/unread-count\",\"status\":\"304\",\"responseTime\":\"114.164\"}","timestamp":"2025-11-29T07:31:14.161Z"}
{"level":"\u001b[32minfo\u001b[39m","message":"{\"method\":\"GET\",\"url\":\"/api/v1/videos/6928961613409b594dc01255\",\"status\":\"201\",\"responseTime\":\"212.880\"}","timestamp":"2025-11-29T07:31:14.332Z"}
{"level":"\u001b[32minfo\u001b[39m","message":"{\"method\":\"GET\",\"url\":\"/api/v1/like/v/6928961613409b594dc01255\",\"status\":\"304\",\"responseTime\":\"208.978\"}","timestamp":"2025-11-29T07:31:14.335Z"}
{"level":"\u001b[32minfo\u001b[39m","message":"{\"method\":\"GET\",\"url\":\"/api/v1/like/v/6928961613409b594dc01255\",\"status\":\"304\",\"responseTime\":\"216.028\"}","timestamp":"2025-11-29T07:31:14.563Z"}
{"level":"\u001b[32minfo\u001b[39m","message":"{\"method\":\"GET\",\"url\":\"/api/v1/comments/6928961613409b594dc01255\",\"status\":\"201\",\"responseTime\":\"269.153\"}","timestamp":"2025-11-29T07:31:14.617Z"}
{"level":"\u001b[32minfo\u001b[39m","message":"{\"method\":\"GET\",\"url\":\"/api/v1/comments/6928961613409b594dc01255\",\"status\":\"201\",\"responseTime\":\"387.732\"}","timestamp":"2025-11-29T07:31:15.011Z"}
{"0":"6928961613409b594dc01255","1":"692898da696e5d9c996d3046","2":"6928997c696e5d9c996d304b","level":"\u001b[32minfo\u001b[39m","message":"Updated watch history: ","timestamp":"2025-11-29T07:31:15.042Z"}
{"level":"\u001b[32minfo\u001b[39m","message":"{\"method\":\"PATCH\",\"url\":\"/api/v1/users/history/add/6928961613409b594dc01255\",\"status\":\"200\",\"responseTime\":\"417.048\"}","timestamp":"2025-11-29T07:31:15.046Z"}
{"level":"\u001b[32minfo\u001b[39m","message":"{\"method\":\"PATCH\",\"url\":\"/api/v1/videos/views/6928961613409b594dc01255\",\"status\":\"200\",\"responseTime\":\"324.309\"}","timestamp":"2025-11-29T07:31:15.383Z"}
{"0":"6928961613409b594dc01255","1":"692898da696e5d9c996d3046","2":"6928997c696e5d9c996d304b","level":"\u001b[32minfo\u001b[39m","message":"Updated watch history: ","timestamp":"2025-11-29T07:31:15.386Z"}
{"level":"\u001b[32minfo\u001b[39m","message":"{\"method\":\"PATCH\",\"url\":\"/api/v1/users/history/add/6928961613409b594dc01255\",\"status\":\"200\",\"responseTime\":\"365.224\"}","timestamp":"2025-11-29T07:31:15.387Z"}
{"level":"\u001b[32minfo\u001b[39m","message":"{\"method\":\"PATCH\",\"url\":\"/api/v1/videos/views/6928961613409b594dc01255\",\"status\":\"200\",\"responseTime\":\"316.703\"}","timestamp":"2025-11-29T07:31:15.743Z"}
{"level":"\u001b[32minfo\u001b[39m","message":"{\"method\":\"GET\",\"url\":\"/api/v1/notifications/unread-count\",\"status\":\"304\",\"responseTime\":\"251.043\"}","timestamp":"2025-11-29T07:32:14.474Z"}
{"level":"\u001b[32minfo\u001b[39m","message":"{\"method\":\"GET\",\"url\":\"/api/v1/videos/6928961613409b594dc01255\",\"status\":\"201\",\"responseTime\":\"161.745\"}","timestamp":"2025-11-29T07:32:56.383Z"}
{"level":"\u001b[32minfo\u001b[39m","message":"{\"method\":\"GET\",\"url\":\"/api/v1/comments/6928961613409b594dc01255\",\"status\":\"201\",\"responseTime\":\"355.750\"}","timestamp":"2025-11-29T07:32:56.752Z"}
{"0":"6928961613409b594dc01255","1":"692898da696e5d9c996d3046","2":"6928997c696e5d9c996d304b","level":"\u001b[32minfo\u001b[39m","message":"Updated watch history: ","timestamp":"2025-11-29T07:32:57.113Z"}
{"level":"\u001b[32minfo\u001b[39m","message":"{\"method\":\"PATCH\",\"url\":\"/api/v1/users/history/add/6928961613409b594dc01255\",\"status\":\"200\",\"responseTime\":\"343.986\"}","timestamp":"2025-11-29T07:32:57.114Z"}
{"level":"\u001b[32minfo\u001b[39m","message":"{\"method\":\"PATCH\",\"url\":\"/api/v1/videos/views/6928961613409b594dc01255\",\"status\":\"200\",\"responseTime\":\"330.879\"}","timestamp":"2025-11-29T07:32:57.464Z"}
{"level":"\u001b[32minfo\u001b[39m","message":"{\"method\":\"GET\",\"url\":\"/api/v1/notifications/unread-count\",\"status\":\"304\",\"responseTime\":\"127.468\"}","timestamp":"2025-11-29T07:33:14.339Z"}
{"level":"\u001b[32minfo\u001b[39m","message":"{\"method\":\"GET\",\"url\":\"/api/v1/users/current-user\",\"status\":\"200\",\"responseTime\":\"44.963\"}","timestamp":"2025-11-29T07:33:54.191Z"}
{"level":"\u001b[32minfo\u001b[39m","message":"{\"method\":\"GET\",\"url\":\"/api/v1/users/current-user\",\"status\":\"304\",\"responseTime\":\"123.329\"}","timestamp":"2025-11-29T07:33:54.320Z"}
{"level":"\u001b[32minfo\u001b[39m","message":"{\"method\":\"GET\",\"url\":\"/api/v1/users/theme\",\"status\":\"304\",\"responseTime\":\"78.431\"}","timestamp":"2025-11-29T07:33:54.420Z"}
{"level":"\u001b[32minfo\u001b[39m","message":"{\"method\":\"GET\",\"url\":\"/api/v1/users/theme\",\"status\":\"304\",\"responseTime\":\"61.380\"}","timestamp":"2025-11-29T07:33:54.487Z"}
{"level":"\u001b[32minfo\u001b[39m","message":"{\"method\":\"GET\",\"url\":\"/api/v1/notifications/unread-count\",\"status\":\"304\",\"responseTime\":\"78.998\"}","timestamp":"2025-11-29T07:33:54.551Z"}
{"level":"\u001b[32minfo\u001b[39m","message":"{\"method\":\"GET\",\"url\":\"/api/v1/videos/6928961613409b594dc01255\",\"status\":\"201\",\"responseTime\":\"158.590\"}","timestamp":"2025-11-29T07:33:54.632Z"}
{"level":"\u001b[32minfo\u001b[39m","message":"{\"method\":\"GET\",\"url\":\"/api/v1/notifications/unread-count\",\"status\":\"304\",\"responseTime\":\"127.761\"}","timestamp":"2025-11-29T07:33:54.684Z"}
{"level":"\u001b[32minfo\u001b[39m","message":"{\"method\":\"GET\",\"url\":\"/api/v1/videos/6928961613409b594dc01255\",\"status\":\"201\",\"responseTime\":\"160.581\"}","timestamp":"2025-11-29T07:33:54.798Z"}
{"level":"\u001b[32minfo\u001b[39m","message":"{\"method\":\"GET\",\"url\":\"/api/v1/comments/6928961613409b594dc01255\",\"status\":\"201\",\"responseTime\":\"208.743\"}","timestamp":"2025-11-29T07:33:54.853Z"}
{"level":"\u001b[32minfo\u001b[39m","message":"{\"method\":\"GET\",\"url\":\"/api/v1/comments/6928961613409b594dc01255\",\"status\":\"201\",\"responseTime\":\"280.187\"}","timestamp":"2025-11-29T07:33:55.139Z"}
{"0":"6928961613409b594dc01255","1":"692898da696e5d9c996d3046","2":"6928997c696e5d9c996d304b","level":"\u001b[32minfo\u001b[39m","message":"Updated watch history: ","timestamp":"2025-11-29T07:33:55.142Z"}
{"level":"\u001b[32minfo\u001b[39m","message":"{\"method\":\"PATCH\",\"url\":\"/api/v1/users/history/add/6928961613409b594dc01255\",\"status\":\"200\",\"responseTime\":\"279.148\"}","timestamp":"2025-11-29T07:33:55.143Z"}
{"level":"\u001b[32minfo\u001b[39m","message":"{\"method\":\"PATCH\",\"url\":\"/api/v1/videos/views/6928961613409b594dc01255\",\"status\":\"200\",\"responseTime\":\"285.616\"}","timestamp":"2025-11-29T07:33:55.446Z"}
{"0":"6928961613409b594dc01255","1":"692898da696e5d9c996d3046","2":"6928997c696e5d9c996d304b","level":"\u001b[32minfo\u001b[39m","message":"Updated watch history: ","timestamp":"2025-11-29T07:33:55.508Z"}
{"level":"\u001b[32minfo\u001b[39m","message":"{\"method\":\"PATCH\",\"url\":\"/api/v1/users/history/add/6928961613409b594dc01255\",\"status\":\"200\",\"responseTime\":\"357.534\"}","timestamp":"2025-11-29T07:33:55.512Z"}
{"level":"\u001b[32minfo\u001b[39m","message":"{\"method\":\"PATCH\",\"url\":\"/api/v1/videos/views/6928961613409b594dc01255\",\"status\":\"200\",\"responseTime\":\"251.819\"}","timestamp":"2025-11-29T07:33:56.572Z"}
{"level":"\u001b[32minfo\u001b[39m","message":"{\"method\":\"POST\",\"url\":\"/api/v1/like/v/6928961613409b594dc01255\",\"status\":\"200\",\"responseTime\":\"490.225\"}","timestamp":"2025-11-29T07:33:59.849Z"}
{"level":"\u001b[32minfo\u001b[39m","message":"{\"method\":\"POST\",\"url\":\"/api/v1/like/v/6928961613409b594dc01255\",\"status\":\"200\",\"responseTime\":\"494.426\"}","timestamp":"2025-11-29T07:34:01.487Z"}
{"level":"\u001b[32minfo\u001b[39m","message":"{\"method\":\"GET\",\"url\":\"/api/v1/notifications/unread-count\",\"status\":\"304\",\"responseTime\":\"132.893\"}","timestamp":"2025-11-29T07:34:55.355Z"}
{"level":"\u001b[32minfo\u001b[39m","message":"{\"method\":\"GET\",\"url\":\"/api/v1/notifications/unread-count\",\"status\":\"304\",\"responseTime\":\"159.206\"}","timestamp":"2025-11-29T07:35:55.364Z"}
{"level":"\u001b[32minfo\u001b[39m","message":"{\"method\":\"GET\",\"url\":\"/api/v1/notifications/unread-count\",\"status\":\"304\",\"responseTime\":\"156.200\"}","timestamp":"2025-11-29T07:36:55.377Z"}
{"level":"\u001b[32minfo\u001b[39m","message":"{\"method\":\"GET\",\"url\":\"/api/v1/notifications/unread-count\",\"status\":\"304\",\"responseTime\":\"183.032\"}","timestamp":"2025-11-29T07:37:55.390Z"}
{"level":"\u001b[32minfo\u001b[39m","message":"{\"method\":\"GET\",\"url\":\"/api/v1/notifications/unread-count\",\"status\":\"304\",\"responseTime\":\"186.928\"}","timestamp":"2025-11-29T07:38:55.398Z"}
{"level":"\u001b[32minfo\u001b[39m","message":"{\"method\":\"GET\",\"url\":\"/api/v1/users/current-user\",\"status\":\"200\",\"responseTime\":\"87.288\"}","timestamp":"2025-11-29T07:39:21.308Z"}
{"level":"\u001b[32minfo\u001b[39m","message":"{\"method\":\"GET\",\"url\":\"/api/v1/users/current-user\",\"status\":\"304\",\"responseTime\":\"97.279\"}","timestamp":"2025-11-29T07:39:21.410Z"}
{"level":"\u001b[32minfo\u001b[39m","message":"{\"method\":\"GET\",\"url\":\"/api/v1/users/theme\",\"status\":\"304\",\"responseTime\":\"84.415\"}","timestamp":"2025-11-29T07:39:21.412Z"}
{"level":"\u001b[32minfo\u001b[39m","message":"{\"method\":\"GET\",\"url\":\"/api/v1/users/theme\",\"status\":\"304\",\"responseTime\":\"48.256\"}","timestamp":"2025-11-29T07:39:21.473Z"}
{"level":"\u001b[32minfo\u001b[39m","message":"{\"method\":\"GET\",\"url\":\"/api/v1/notifications/unread-count\",\"status\":\"304\",\"responseTime\":\"67.731\"}","timestamp":"2025-11-29T07:39:21.520Z"}
{"level":"\u001b[32minfo\u001b[39m","message":"{\"method\":\"GET\",\"url\":\"/api/v1/videos/6928961613409b594dc01255\",\"status\":\"201\",\"responseTime\":\"153.898\"}","timestamp":"2025-11-29T07:39:21.610Z"}
{"level":"\u001b[32minfo\u001b[39m","message":"{\"method\":\"GET\",\"url\":\"/api/v1/notifications/unread-count\",\"status\":\"304\",\"responseTime\":\"86.367\"}","timestamp":"2025-11-29T07:39:21.612Z"}
{"level":"\u001b[32minfo\u001b[39m","message":"{\"method\":\"GET\",\"url\":\"/api/v1/videos/6928961613409b594dc01255\",\"status\":\"201\",\"responseTime\":\"128.295\"}","timestamp":"2025-11-29T07:39:21.746Z"}
{"level":"\u001b[32minfo\u001b[39m","message":"{\"method\":\"GET\",\"url\":\"/api/v1/comments/6928961613409b594dc01255\",\"status\":\"201\",\"responseTime\":\"180.838\"}","timestamp":"2025-11-29T07:39:21.810Z"}
{"level":"\u001b[32minfo\u001b[39m","message":"{\"method\":\"GET\",\"url\":\"/api/v1/comments/6928961613409b594dc01255\",\"status\":\"201\",\"responseTime\":\"209.657\"}","timestamp":"2025-11-29T07:39:22.030Z"}
{"0":"6928961613409b594dc01255","1":"692898da696e5d9c996d3046","2":"6928997c696e5d9c996d304b","level":"\u001b[32minfo\u001b[39m","message":"Updated watch history: ","timestamp":"2025-11-29T07:39:22.069Z"}
{"level":"\u001b[32minfo\u001b[39m","message":"{\"method\":\"PATCH\",\"url\":\"/api/v1/users/history/add/6928961613409b594dc01255\",\"status\":\"200\",\"responseTime\":\"208.422\"}","timestamp":"2025-11-29T07:39:22.071Z"}
{"level":"\u001b[32minfo\u001b[39m","message":"{\"method\":\"PATCH\",\"url\":\"/api/v1/videos/views/6928961613409b594dc01255\",\"status\":\"200\",\"responseTime\":\"249.672\"}","timestamp":"2025-11-29T07:39:22.334Z"}
{"0":"6928961613409b594dc01255","1":"692898da696e5d9c996d3046","2":"6928997c696e5d9c996d304b","level":"\u001b[32minfo\u001b[39m","message":"Updated watch history: ","timestamp":"2025-11-29T07:39:22.336Z"}
{"level":"\u001b[32minfo\u001b[39m","message":"{\"method\":\"PATCH\",\"url\":\"/api/v1/users/history/add/6928961613409b594dc01255\",\"status\":\"200\",\"responseTime\":\"292.320\"}","timestamp":"2025-11-29T07:39:22.337Z"}
{"level":"\u001b[32minfo\u001b[39m","message":"{\"method\":\"PATCH\",\"url\":\"/api/v1/videos/views/6928961613409b594dc01255\",\"status\":\"200\",\"responseTime\":\"277.232\"}","timestamp":"2025-11-29T07:39:22.638Z"}
{"level":"\u001b[32minfo\u001b[39m","message":"{\"method\":\"GET\",\"url\":\"/api/v1/notifications/unread-count\",\"status\":\"304\",\"responseTime\":\"131.266\"}","timestamp":"2025-11-29T07:40:22.343Z"}
{"level":"\u001b[32minfo\u001b[39m","message":"{\"method\":\"GET\",\"url\":\"/api/v1/notifications/unread-count\",\"status\":\"304\",\"responseTime\":\"234.741\"}","timestamp":"2025-11-29T07:41:22.455Z"}
{"level":"\u001b[32minfo\u001b[39m","message":"{\"method\":\"GET\",\"url\":\"/api/v1/notifications/unread-count\",\"status\":\"304\",\"responseTime\":\"158.434\"}","timestamp":"2025-11-29T07:42:22.364Z"}
{"level":"\u001b[32minfo\u001b[39m","message":"{\"method\":\"GET\",\"url\":\"/api/v1/notifications/unread-count\",\"status\":\"304\",\"responseTime\":\"163.218\"}","timestamp":"2025-11-29T07:43:22.371Z"}
{"level":"\u001b[32minfo\u001b[39m","message":"{\"method\":\"GET\",\"url\":\"/api/v1/notifications/unread-count\",\"status\":\"304\",\"responseTime\":\"164.219\"}","timestamp":"2025-11-29T07:44:22.384Z"}
{"level":"\u001b[32minfo\u001b[39m","message":"{\"method\":\"GET\",\"url\":\"/api/v1/notifications/unread-count\",\"status\":\"304\",\"responseTime\":\"188.349\"}","timestamp":"2025-11-29T07:45:22.396Z"}
{"level":"\u001b[32minfo\u001b[39m","message":"{\"method\":\"GET\",\"url\":\"/api/v1/users/current-user\",\"status\":\"200\",\"responseTime\":\"76.767\"}","timestamp":"2025-11-29T07:45:28.734Z"}
{"level":"\u001b[32minfo\u001b[39m","message":"{\"method\":\"GET\",\"url\":\"/api/v1/users/current-user\",\"status\":\"304\",\"responseTime\":\"77.578\"}","timestamp":"2025-11-29T07:45:28.816Z"}
{"level":"\u001b[32minfo\u001b[39m","message":"{\"method\":\"GET\",\"url\":\"/api/v1/users/theme\",\"status\":\"304\",\"responseTime\":\"72.107\"}","timestamp":"2025-11-29T07:45:28.869Z"}
{"level":"\u001b[32minfo\u001b[39m","message":"{\"method\":\"GET\",\"url\":\"/api/v1/users/theme\",\"status\":\"304\",\"responseTime\":\"54.611\"}","timestamp":"2025-11-29T07:45:28.928Z"}
{"level":"\u001b[32minfo\u001b[39m","message":"{\"method\":\"GET\",\"url\":\"/api/v1/notifications/unread-count\",\"status\":\"304\",\"responseTime\":\"139.853\"}","timestamp":"2025-11-29T07:45:29.052Z"}
{"level":"\u001b[32minfo\u001b[39m","message":"{\"method\":\"GET\",\"url\":\"/api/v1/videos/6928961613409b594dc01255\",\"status\":\"201\",\"responseTime\":\"215.917\"}","timestamp":"2025-11-29T07:45:29.129Z"}
{"level":"\u001b[32minfo\u001b[39m","message":"{\"method\":\"GET\",\"url\":\"/api/v1/notifications/unread-count\",\"status\":\"304\",\"responseTime\":\"121.781\"}","timestamp":"2025-11-29T07:45:29.179Z"}
{"level":"\u001b[32minfo\u001b[39m","message":"{\"method\":\"GET\",\"url\":\"/api/v1/videos/6928961613409b594dc01255\",\"status\":\"201\",\"responseTime\":\"327.022\"}","timestamp":"2025-11-29T07:45:29.463Z"}
{"level":"\u001b[32minfo\u001b[39m","message":"{\"method\":\"GET\",\"url\":\"/api/v1/comments/6928961613409b594dc01255\",\"status\":\"201\",\"responseTime\":\"375.305\"}","timestamp":"2025-11-29T07:45:29.517Z"}
{"level":"\u001b[32minfo\u001b[39m","message":"{\"method\":\"GET\",\"url\":\"/api/v1/comments/6928961613409b594dc01255\",\"status\":\"201\",\"responseTime\":\"244.020\"}","timestamp":"2025-11-29T07:45:29.772Z"}
{"0":"6928961613409b594dc01255","1":"692898da696e5d9c996d3046","2":"6928997c696e5d9c996d304b","level":"\u001b[32minfo\u001b[39m","message":"Updated watch history: ","timestamp":"2025-11-29T07:45:29.774Z"}
{"level":"\u001b[32minfo\u001b[39m","message":"{\"method\":\"PATCH\",\"url\":\"/api/v1/users/history/add/6928961613409b594dc01255\",\"status\":\"200\",\"responseTime\":\"242.417\"}","timestamp":"2025-11-29T07:45:29.775Z"}
{"level":"\u001b[32minfo\u001b[39m","message":"{\"method\":\"PATCH\",\"url\":\"/api/v1/videos/views/6928961613409b594dc01255\",\"status\":\"200\",\"responseTime\":\"283.630\"}","timestamp":"2025-11-29T07:45:30.077Z"}
{"0":"6928961613409b594dc01255","1":"692898da696e5d9c996d3046","2":"6928997c696e5d9c996d304b","level":"\u001b[32minfo\u001b[39m","message":"Updated watch history: ","timestamp":"2025-11-29T07:45:30.134Z"}
{"level":"\u001b[32minfo\u001b[39m","message":"{\"method\":\"PATCH\",\"url\":\"/api/v1/users/history/add/6928961613409b594dc01255\",\"status\":\"200\",\"responseTime\":\"349.202\"}","timestamp":"2025-11-29T07:45:30.139Z"}
{"level":"\u001b[32minfo\u001b[39m","message":"{\"method\":\"PATCH\",\"url\":\"/api/v1/videos/views/6928961613409b594dc01255\",\"status\":\"200\",\"responseTime\":\"199.447\"}","timestamp":"2025-11-29T07:45:30.794Z"}
{"level":"\u001b[32minfo\u001b[39m","message":"{\"method\":\"GET\",\"url\":\"/api/v1/videos/6928961613409b594dc01255\",\"status\":\"201\",\"responseTime\":\"316.339\"}","timestamp":"2025-11-29T07:46:19.541Z"}
{"level":"\u001b[32minfo\u001b[39m","message":"{\"method\":\"GET\",\"url\":\"/api/v1/comments/6928961613409b594dc01255\",\"status\":\"201\",\"responseTime\":\"290.938\"}","timestamp":"2025-11-29T07:46:19.847Z"}
{"0":"6928961613409b594dc01255","1":"692898da696e5d9c996d3046","2":"6928997c696e5d9c996d304b","level":"\u001b[32minfo\u001b[39m","message":"Updated watch history: ","timestamp":"2025-11-29T07:46:20.152Z"}
{"level":"\u001b[32minfo\u001b[39m","message":"{\"method\":\"PATCH\",\"url\":\"/api/v1/users/history/add/6928961613409b594dc01255\",\"status\":\"200\",\"responseTime\":\"282.976\"}","timestamp":"2025-11-29T07:46:20.154Z"}
{"level":"\u001b[32minfo\u001b[39m","message":"{\"method\":\"PATCH\",\"url\":\"/api/v1/videos/views/6928961613409b594dc01255\",\"status\":\"200\",\"responseTime\":\"301.758\"}","timestamp":"2025-11-29T07:46:20.465Z"}
{"level":"\u001b[32minfo\u001b[39m","message":"{\"method\":\"GET\",\"url\":\"/api/v1/notifications/unread-count\",\"status\":\"304\",\"responseTime\":\"159.674\"}","timestamp":"2025-11-29T07:46:29.370Z"}
{"level":"\u001b[32minfo\u001b[39m","message":"{\"method\":\"GET\",\"url\":\"/api/v1/users/current-user\",\"status\":\"200\",\"responseTime\":\"102.629\"}","timestamp":"2025-11-29T07:47:14.327Z"}
{"level":"\u001b[32minfo\u001b[39m","message":"{\"method\":\"GET\",\"url\":\"/api/v1/users/current-user\",\"status\":\"304\",\"responseTime\":\"36.761\"}","timestamp":"2025-11-29T07:47:14.369Z"}
{"level":"\u001b[32minfo\u001b[39m","message":"{\"method\":\"GET\",\"url\":\"/api/v1/users/theme\",\"status\":\"304\",\"responseTime\":\"34.346\"}","timestamp":"2025-11-29T07:47:14.375Z"}
{"level":"\u001b[32minfo\u001b[39m","message":"{\"method\":\"GET\",\"url\":\"/api/v1/users/theme\",\"status\":\"304\",\"responseTime\":\"43.615\"}","timestamp":"2025-11-29T07:47:14.426Z"}
{"level":"\u001b[32minfo\u001b[39m","message":"{\"method\":\"GET\",\"url\":\"/api/v1/notifications/unread-count\",\"status\":\"304\",\"responseTime\":\"73.827\"}","timestamp":"2025-11-29T07:47:14.490Z"}
{"level":"\u001b[32minfo\u001b[39m","message":"{\"method\":\"GET\",\"url\":\"/api/v1/videos/6928961613409b594dc01255\",\"status\":\"201\",\"responseTime\":\"219.163\"}","timestamp":"2025-11-29T07:47:14.636Z"}
{"level":"\u001b[32minfo\u001b[39m","message":"{\"method\":\"GET\",\"url\":\"/api/v1/notifications/unread-count\",\"status\":\"304\",\"responseTime\":\"179.543\"}","timestamp":"2025-11-29T07:47:14.675Z"}
{"level":"\u001b[32minfo\u001b[39m","message":"{\"method\":\"GET\",\"url\":\"/api/v1/videos/6928961613409b594dc01255\",\"status\":\"201\",\"responseTime\":\"206.526\"}","timestamp":"2025-11-29T07:47:14.853Z"}
{"level":"\u001b[32minfo\u001b[39m","message":"{\"method\":\"GET\",\"url\":\"/api/v1/comments/6928961613409b594dc01255\",\"status\":\"201\",\"responseTime\":\"245.629\"}","timestamp":"2025-11-29T07:47:14.905Z"}
{"level":"\u001b[32minfo\u001b[39m","message":"{\"method\":\"GET\",\"url\":\"/api/v1/comments/6928961613409b594dc01255\",\"status\":\"201\",\"responseTime\":\"440.171\"}","timestamp":"2025-11-29T07:47:15.350Z"}
{"0":"6928961613409b594dc01255","1":"692898da696e5d9c996d3046","2":"6928997c696e5d9c996d304b","level":"\u001b[32minfo\u001b[39m","message":"Updated watch history: ","timestamp":"2025-11-29T07:47:15.352Z"}
{"level":"\u001b[32minfo\u001b[39m","message":"{\"method\":\"PATCH\",\"url\":\"/api/v1/users/history/add/6928961613409b594dc01255\",\"status\":\"200\",\"responseTime\":\"434.984\"}","timestamp":"2025-11-29T07:47:15.353Z"}
{"level":"\u001b[32minfo\u001b[39m","message":"{\"method\":\"PATCH\",\"url\":\"/api/v1/videos/views/6928961613409b594dc01255\",\"status\":\"200\",\"responseTime\":\"296.312\"}","timestamp":"2025-11-29T07:47:15.664Z"}
{"0":"6928961613409b594dc01255","1":"692898da696e5d9c996d3046","2":"6928997c696e5d9c996d304b","level":"\u001b[32minfo\u001b[39m","message":"Updated watch history: ","timestamp":"2025-11-29T07:47:15.698Z"}
{"level":"\u001b[32minfo\u001b[39m","message":"{\"method\":\"PATCH\",\"url\":\"/api/v1/users/history/add/6928961613409b594dc01255\",\"status\":\"200\",\"responseTime\":\"337.122\"}","timestamp":"2025-11-29T07:47:15.700Z"}
{"level":"\u001b[32minfo\u001b[39m","message":"{\"method\":\"PATCH\",\"url\":\"/api/v1/videos/views/6928961613409b594dc01255\",\"status\":\"200\",\"responseTime\":\"249.319\"}","timestamp":"2025-11-29T07:47:15.964Z"}
{"level":"\u001b[32minfo\u001b[39m","message":"{\"method\":\"GET\",\"url\":\"/api/v1/users/current-user\",\"status\":\"200\",\"responseTime\":\"104.127\"}","timestamp":"2025-11-29T07:47:18.320Z"}
{"level":"\u001b[32minfo\u001b[39m","message":"{\"method\":\"GET\",\"url\":\"/api/v1/users/theme\",\"status\":\"304\",\"responseTime\":\"66.758\"}","timestamp":"2025-11-29T07:47:18.396Z"}
{"level":"\u001b[32minfo\u001b[39m","message":"{\"method\":\"GET\",\"url\":\"/api/v1/notifications/unread-count\",\"status\":\"304\",\"responseTime\":\"759.851\"}","timestamp":"2025-11-29T07:47:19.187Z"}
{"level":"\u001b[32minfo\u001b[39m","message":"{\"method\":\"GET\",\"url\":\"/api/v1/videos/6928961613409b594dc01255\",\"status\":\"201\",\"responseTime\":\"827.189\"}","timestamp":"2025-11-29T07:47:19.255Z"}
{"level":"\u001b[32minfo\u001b[39m","message":"{\"method\":\"GET\",\"url\":\"/api/v1/notifications/unread-count\",\"status\":\"304\",\"responseTime\":\"92.805\"}","timestamp":"2025-11-29T07:47:19.291Z"}
{"level":"\u001b[32minfo\u001b[39m","message":"{\"method\":\"GET\",\"url\":\"/api/v1/videos/6928961613409b594dc01255\",\"status\":\"201\",\"responseTime\":\"184.747\"}","timestamp":"2025-11-29T07:47:19.447Z"}
{"level":"\u001b[32minfo\u001b[39m","message":"{\"method\":\"GET\",\"url\":\"/api/v1/comments/6928961613409b594dc01255\",\"status\":\"201\",\"responseTime\":\"232.304\"}","timestamp":"2025-11-29T07:47:19.503Z"}
{"level":"\u001b[32minfo\u001b[39m","message":"{\"method\":\"GET\",\"url\":\"/api/v1/comments/6928961613409b594dc01255\",\"status\":\"201\",\"responseTime\":\"243.648\"}","timestamp":"2025-11-29T07:47:19.753Z"}
{"0":"6928961613409b594dc01255","1":"692898da696e5d9c996d3046","2":"6928997c696e5d9c996d304b","level":"\u001b[32minfo\u001b[39m","message":"Updated watch history: ","timestamp":"2025-11-29T07:47:19.755Z"}
{"level":"\u001b[32minfo\u001b[39m","message":"{\"method\":\"PATCH\",\"url\":\"/api/v1/users/history/add/6928961613409b594dc01255\",\"status\":\"200\",\"responseTime\":\"237.831\"}","timestamp":"2025-11-29T07:47:19.756Z"}
{"level":"\u001b[32minfo\u001b[39m","message":"{\"method\":\"PATCH\",\"url\":\"/api/v1/videos/views/6928961613409b594dc01255\",\"status\":\"200\",\"responseTime\":\"285.951\"}","timestamp":"2025-11-29T07:47:20.060Z"}
{"0":"6928961613409b594dc01255","1":"692898da696e5d9c996d3046","2":"6928997c696e5d9c996d304b","level":"\u001b[32minfo\u001b[39m","message":"Updated watch history: ","timestamp":"2025-11-29T07:47:20.120Z"}
{"level":"\u001b[32minfo\u001b[39m","message":"{\"method\":\"PATCH\",\"url\":\"/api/v1/users/history/add/6928961613409b594dc01255\",\"status\":\"200\",\"responseTime\":\"352.157\"}","timestamp":"2025-11-29T07:47:20.121Z"}
{"level":"\u001b[32minfo\u001b[39m","message":"{\"method\":\"PATCH\",\"url\":\"/api/v1/videos/views/6928961613409b594dc01255\",\"status\":\"200\",\"responseTime\":\"337.171\"}","timestamp":"2025-11-29T07:47:20.470Z"}
{"level":"\u001b[32minfo\u001b[39m","message":"{\"method\":\"GET\",\"url\":\"/api/v1/users/current-user\",\"status\":\"200\",\"responseTime\":\"116.165\"}","timestamp":"2025-11-29T07:47:23.338Z"}
{"level":"\u001b[32minfo\u001b[39m","message":"{\"method\":\"GET\",\"url\":\"/api/v1/users/theme\",\"status\":\"304\",\"responseTime\":\"90.285\"}","timestamp":"2025-11-29T07:47:23.440Z"}
{"level":"\u001b[32minfo\u001b[39m","message":"{\"method\":\"GET\",\"url\":\"/api/v1/notifications/unread-count\",\"status\":\"304\",\"responseTime\":\"176.431\"}","timestamp":"2025-11-29T07:47:23.648Z"}
{"level":"\u001b[32minfo\u001b[39m","message":"{\"method\":\"GET\",\"url\":\"/api/v1/videos/6928961613409b594dc01255\",\"status\":\"201\",\"responseTime\":\"276.265\"}","timestamp":"2025-11-29T07:47:23.748Z"}
{"level":"\u001b[32minfo\u001b[39m","message":"{\"method\":\"GET\",\"url\":\"/api/v1/notifications/unread-count\",\"status\":\"304\",\"responseTime\":\"130.197\"}","timestamp":"2025-11-29T07:47:23.784Z"}
{"level":"\u001b[32minfo\u001b[39m","message":"{\"method\":\"GET\",\"url\":\"/api/v1/videos/6928961613409b594dc01255\",\"status\":\"201\",\"responseTime\":\"202.552\"}","timestamp":"2025-11-29T07:47:23.957Z"}
{"level":"\u001b[32minfo\u001b[39m","message":"{\"method\":\"GET\",\"url\":\"/api/v1/comments/6928961613409b594dc01255\",\"status\":\"201\",\"responseTime\":\"252.992\"}","timestamp":"2025-11-29T07:47:24.017Z"}
{"level":"\u001b[32minfo\u001b[39m","message":"{\"method\":\"GET\",\"url\":\"/api/v1/comments/6928961613409b594dc01255\",\"status\":\"201\",\"responseTime\":\"341.293\"}","timestamp":"2025-11-29T07:47:24.365Z"}
{"0":"6928961613409b594dc01255","1":"692898da696e5d9c996d3046","2":"6928997c696e5d9c996d304b","level":"\u001b[32minfo\u001b[39m","message":"Updated watch history: ","timestamp":"2025-11-29T07:47:24.464Z"}
{"level":"\u001b[32minfo\u001b[39m","message":"{\"method\":\"PATCH\",\"url\":\"/api/v1/users/history/add/6928961613409b594dc01255\",\"status\":\"200\",\"responseTime\":\"432.169\"}","timestamp":"2025-11-29T07:47:24.465Z"}
{"level":"\u001b[32minfo\u001b[39m","message":"{\"method\":\"PATCH\",\"url\":\"/api/v1/videos/views/6928961613409b594dc01255\",\"status\":\"200\",\"responseTime\":\"253.282\"}","timestamp":"2025-11-29T07:47:24.730Z"}
{"0":"6928961613409b594dc01255","1":"692898da696e5d9c996d3046","2":"6928997c696e5d9c996d304b","level":"\u001b[32minfo\u001b[39m","message":"Updated watch history: ","timestamp":"2025-11-29T07:47:24.731Z"}
{"level":"\u001b[32minfo\u001b[39m","message":"{\"method\":\"PATCH\",\"url\":\"/api/v1/users/history/add/6928961613409b594dc01255\",\"status\":\"200\",\"responseTime\":\"355.262\"}","timestamp":"2025-11-29T07:47:24.733Z"}
{"level":"\u001b[32minfo\u001b[39m","message":"{\"method\":\"PATCH\",\"url\":\"/api/v1/videos/views/6928961613409b594dc01255\",\"status\":\"200\",\"responseTime\":\"331.523\"}","timestamp":"2025-11-29T07:47:25.080Z"}
{"level":"\u001b[32minfo\u001b[39m","message":"{\"method\":\"GET\",\"url\":\"/api/v1/notifications/unread-count\",\"status\":\"304\",\"responseTime\":\"158.942\"}","timestamp":"2025-11-29T07:48:24.366Z"}
{"level":"\u001b[32minfo\u001b[39m","message":"{\"method\":\"GET\",\"url\":\"/api/v1/notifications/unread-count\",\"status\":\"304\",\"responseTime\":\"169.807\"}","timestamp":"2025-11-29T07:49:24.384Z"}
{"level":"\u001b[32minfo\u001b[39m","message":"{\"method\":\"GET\",\"url\":\"/api/v1/notifications/unread-count\",\"status\":\"304\",\"responseTime\":\"179.904\"}","timestamp":"2025-11-29T07:50:24.390Z"}
{"level":"\u001b[32minfo\u001b[39m","message":"{\"method\":\"GET\",\"url\":\"/api/v1/notifications/unread-count\",\"status\":\"304\",\"responseTime\":\"504.866\"}","timestamp":"2025-11-29T07:51:24.714Z"}
{"level":"\u001b[32minfo\u001b[39m","message":"{\"method\":\"GET\",\"url\":\"/api/v1/notifications/unread-count\",\"status\":\"304\",\"responseTime\":\"198.336\"}","timestamp":"2025-11-29T07:52:24.418Z"}
{"level":"\u001b[32minfo\u001b[39m","message":"{\"method\":\"GET\",\"url\":\"/api/v1/notifications/unread-count\",\"status\":\"304\",\"responseTime\":\"215.361\"}","timestamp":"2025-11-29T07:53:24.426Z"}
{"level":"\u001b[32minfo\u001b[39m","message":"{\"method\":\"GET\",\"url\":\"/api/v1/users/current-user\",\"status\":\"200\",\"responseTime\":\"118.740\"}","timestamp":"2025-11-29T07:53:46.348Z"}
{"level":"\u001b[32minfo\u001b[39m","message":"{\"method\":\"GET\",\"url\":\"/api/v1/users/theme\",\"status\":\"304\",\"responseTime\":\"83.258\"}","timestamp":"2025-11-29T07:53:46.445Z"}
{"level":"\u001b[32minfo\u001b[39m","message":"{\"method\":\"GET\",\"url\":\"/api/v1/notifications/unread-count\",\"status\":\"304\",\"responseTime\":\"181.968\"}","timestamp":"2025-11-29T07:53:46.658Z"}
{"level":"\u001b[32minfo\u001b[39m","message":"{\"method\":\"GET\",\"url\":\"/api/v1/videos/6928961613409b594dc01255\",\"status\":\"201\",\"responseTime\":\"216.459\"}","timestamp":"2025-11-29T07:53:46.693Z"}
{"level":"\u001b[32minfo\u001b[39m","message":"{\"method\":\"GET\",\"url\":\"/api/v1/notifications/unread-count\",\"status\":\"304\",\"responseTime\":\"64.996\"}","timestamp":"2025-11-29T07:53:46.728Z"}
{"level":"\u001b[32minfo\u001b[39m","message":"{\"method\":\"GET\",\"url\":\"/api/v1/videos/6928961613409b594dc01255\",\"status\":\"201\",\"responseTime\":\"155.780\"}","timestamp":"2025-11-29T07:53:46.856Z"}
{"level":"\u001b[32minfo\u001b[39m","message":"{\"method\":\"GET\",\"url\":\"/api/v1/comments/6928961613409b594dc01255\",\"status\":\"201\",\"responseTime\":\"199.746\"}","timestamp":"2025-11-29T07:53:46.909Z"}
{"level":"\u001b[32minfo\u001b[39m","message":"{\"method\":\"GET\",\"url\":\"/api/v1/comments/6928961613409b594dc01255\",\"status\":\"201\",\"responseTime\":\"454.376\"}","timestamp":"2025-11-29T07:53:47.369Z"}
{"0":"6928961613409b594dc01255","1":"692898da696e5d9c996d3046","2":"6928997c696e5d9c996d304b","level":"\u001b[32minfo\u001b[39m","message":"Updated watch history: ","timestamp":"2025-11-29T07:53:47.374Z"}
{"level":"\u001b[32minfo\u001b[39m","message":"{\"method\":\"PATCH\",\"url\":\"/api/v1/users/history/add/6928961613409b594dc01255\",\"status\":\"200\",\"responseTime\":\"448.049\"}","timestamp":"2025-11-29T07:53:47.376Z"}
{"level":"\u001b[32minfo\u001b[39m","message":"{\"method\":\"PATCH\",\"url\":\"/api/v1/videos/views/6928961613409b594dc01255\",\"status\":\"200\",\"responseTime\":\"281.095\"}","timestamp":"2025-11-29T07:53:47.676Z"}
{"0":"6928961613409b594dc01255","1":"692898da696e5d9c996d3046","2":"6928997c696e5d9c996d304b","level":"\u001b[32minfo\u001b[39m","message":"Updated watch history: ","timestamp":"2025-11-29T07:53:47.710Z"}
{"level":"\u001b[32minfo\u001b[39m","message":"{\"method\":\"PATCH\",\"url\":\"/api/v1/users/history/add/6928961613409b594dc01255\",\"status\":\"200\",\"responseTime\":\"312.763\"}","timestamp":"2025-11-29T07:53:47.712Z"}
{"level":"\u001b[32minfo\u001b[39m","message":"{\"method\":\"PATCH\",\"url\":\"/api/v1/videos/views/6928961613409b594dc01255\",\"status\":\"200\",\"responseTime\":\"255.471\"}","timestamp":"2025-11-29T07:53:47.980Z"}
{"level":"\u001b[32minfo\u001b[39m","message":"{\"method\":\"GET\",\"url\":\"/api/v1/users/current-user\",\"status\":\"200\",\"responseTime\":\"53.963\"}","timestamp":"2025-11-29T07:53:50.272Z"}
{"level":"\u001b[32minfo\u001b[39m","message":"{\"method\":\"GET\",\"url\":\"/api/v1/users/theme\",\"status\":\"304\",\"responseTime\":\"155.339\"}","timestamp":"2025-11-29T07:53:50.440Z"}
{"level":"\u001b[32minfo\u001b[39m","message":"{\"method\":\"GET\",\"url\":\"/api/v1/notifications/unread-count\",\"status\":\"304\",\"responseTime\":\"173.499\"}","timestamp":"2025-11-29T07:53:50.642Z"}
{"level":"\u001b[32minfo\u001b[39m","message":"{\"method\":\"GET\",\"url\":\"/api/v1/videos/6928961613409b594dc01255\",\"status\":\"201\",\"responseTime\":\"288.178\"}","timestamp":"2025-11-29T07:53:50.757Z"}
{"level":"\u001b[32minfo\u001b[39m","message":"{\"method\":\"GET\",\"url\":\"/api/v1/notifications/unread-count\",\"status\":\"304\",\"responseTime\":\"177.584\"}","timestamp":"2025-11-29T07:53:50.826Z"}
{"level":"\u001b[32minfo\u001b[39m","message":"{\"method\":\"GET\",\"url\":\"/api/v1/videos/6928961613409b594dc01255\",\"status\":\"201\",\"responseTime\":\"201.712\"}","timestamp":"2025-11-29T07:53:50.965Z"}
{"level":"\u001b[32minfo\u001b[39m","message":"{\"method\":\"GET\",\"url\":\"/api/v1/comments/6928961613409b594dc01255\",\"status\":\"201\",\"responseTime\":\"246.280\"}","timestamp":"2025-11-29T07:53:51.016Z"}
{"0":"6928961613409b594dc01255","1":"692898da696e5d9c996d3046","2":"6928997c696e5d9c996d304b","level":"\u001b[32minfo\u001b[39m","message":"Updated watch history: ","timestamp":"2025-11-29T07:53:51.425Z"}
{"level":"\u001b[32minfo\u001b[39m","message":"{\"method\":\"PATCH\",\"url\":\"/api/v1/users/history/add/6928961613409b594dc01255\",\"status\":\"200\",\"responseTime\":\"395.323\"}","timestamp":"2025-11-29T07:53:51.427Z"}
{"level":"\u001b[32minfo\u001b[39m","message":"{\"method\":\"GET\",\"url\":\"/api/v1/comments/6928961613409b594dc01255\",\"status\":\"201\",\"responseTime\":\"408.267\"}","timestamp":"2025-11-29T07:53:51.430Z"}
{"level":"\u001b[32minfo\u001b[39m","message":"{\"method\":\"PATCH\",\"url\":\"/api/v1/videos/views/6928961613409b594dc01255\",\"status\":\"200\",\"responseTime\":\"280.630\"}","timestamp":"2025-11-29T07:53:51.733Z"}
{"0":"6928961613409b594dc01255","1":"692898da696e5d9c996d3046","2":"6928997c696e5d9c996d304b","level":"\u001b[32minfo\u001b[39m","message":"Updated watch history: ","timestamp":"2025-11-29T07:53:51.783Z"}
{"level":"\u001b[32minfo\u001b[39m","message":"{\"method\":\"PATCH\",\"url\":\"/api/v1/users/history/add/6928961613409b594dc01255\",\"status\":\"200\",\"responseTime\":\"309.015\"}","timestamp":"2025-11-29T07:53:51.785Z"}
{"level":"\u001b[32minfo\u001b[39m","message":"{\"method\":\"PATCH\",\"url\":\"/api/v1/videos/views/6928961613409b594dc01255\",\"status\":\"200\",\"responseTime\":\"281.213\"}","timestamp":"2025-11-29T07:53:52.077Z"}
{"level":"\u001b[32minfo\u001b[39m","message":"{\"method\":\"GET\",\"url\":\"/api/v1/users/current-user\",\"status\":\"200\",\"responseTime\":\"64.003\"}","timestamp":"2025-11-29T07:54:26.278Z"}
{"level":"\u001b[32minfo\u001b[39m","message":"{\"method\":\"GET\",\"url\":\"/api/v1/users/theme\",\"status\":\"304\",\"responseTime\":\"90.572\"}","timestamp":"2025-11-29T07:54:26.380Z"}
{"level":"\u001b[32minfo\u001b[39m","message":"{\"method\":\"GET\",\"url\":\"/api/v1/notifications/unread-count\",\"status\":\"304\",\"responseTime\":\"155.981\"}","timestamp":"2025-11-29T07:54:26.585Z"}
{"level":"\u001b[32minfo\u001b[39m","message":"{\"method\":\"GET\",\"url\":\"/api/v1/videos/6928961613409b594dc01255\",\"status\":\"201\",\"responseTime\":\"270.274\"}","timestamp":"2025-11-29T07:54:26.700Z"}
{"level":"\u001b[32minfo\u001b[39m","message":"{\"method\":\"GET\",\"url\":\"/api/v1/notifications/unread-count\",\"status\":\"304\",\"responseTime\":\"153.594\"}","timestamp":"2025-11-29T07:54:26.746Z"}
{"level":"\u001b[32minfo\u001b[39m","message":"{\"method\":\"GET\",\"url\":\"/api/v1/videos/6928961613409b594dc01255\",\"status\":\"201\",\"responseTime\":\"208.600\"}","timestamp":"2025-11-29T07:54:26.919Z"}
{"level":"\u001b[32minfo\u001b[39m","message":"{\"method\":\"GET\",\"url\":\"/api/v1/comments/6928961613409b594dc01255\",\"status\":\"201\",\"responseTime\":\"378.932\"}","timestamp":"2025-11-29T07:54:27.096Z"}
{"level":"\u001b[32minfo\u001b[39m","message":"{\"method\":\"GET\",\"url\":\"/api/v1/comments/6928961613409b594dc01255\",\"status\":\"201\",\"responseTime\":\"300.369\"}","timestamp":"2025-11-29T07:54:27.404Z"}
{"0":"6928961613409b594dc01255","1":"692898da696e5d9c996d3046","2":"6928997c696e5d9c996d304b","level":"\u001b[32minfo\u001b[39m","message":"Updated watch history: ","timestamp":"2025-11-29T07:54:27.406Z"}
{"level":"\u001b[32minfo\u001b[39m","message":"{\"method\":\"PATCH\",\"url\":\"/api/v1/users/history/add/6928961613409b594dc01255\",\"status\":\"200\",\"responseTime\":\"293.806\"}","timestamp":"2025-11-29T07:54:27.406Z"}
{"level":"\u001b[32minfo\u001b[39m","message":"{\"method\":\"PATCH\",\"url\":\"/api/v1/videos/views/6928961613409b594dc01255\",\"status\":\"200\",\"responseTime\":\"190.227\"}","timestamp":"2025-11-29T07:54:27.612Z"}
{"0":"6928961613409b594dc01255","1":"692898da696e5d9c996d3046","2":"6928997c696e5d9c996d304b","level":"\u001b[32minfo\u001b[39m","message":"Updated watch history: ","timestamp":"2025-11-29T07:54:27.653Z"}
{"level":"\u001b[32minfo\u001b[39m","message":"{\"method\":\"PATCH\",\"url\":\"/api/v1/users/history/add/6928961613409b594dc01255\",\"status\":\"200\",\"responseTime\":\"236.272\"}","timestamp":"2025-11-29T07:54:27.654Z"}
{"level":"\u001b[32minfo\u001b[39m","message":"{\"method\":\"PATCH\",\"url\":\"/api/v1/videos/views/6928961613409b594dc01255\",\"status\":\"200\",\"responseTime\":\"349.998\"}","timestamp":"2025-11-29T07:54:28.019Z"}
{"level":"\u001b[32minfo\u001b[39m","message":"{\"method\":\"GET\",\"url\":\"/api/v1/notifications/unread-count\",\"status\":\"304\",\"responseTime\":\"206.093\"}","timestamp":"2025-11-29T07:55:27.421Z"}
{"level":"\u001b[32minfo\u001b[39m","message":"{\"method\":\"GET\",\"url\":\"/api/v1/notifications/unread-count\",\"status\":\"304\",\"responseTime\":\"221.754\"}","timestamp":"2025-11-29T07:56:26.667Z"}
{"level":"\u001b[32minfo\u001b[39m","message":"{\"method\":\"GET\",\"url\":\"/api/v1/users/current-user\",\"status\":\"200\",\"responseTime\":\"122.194\"}","timestamp":"2025-11-29T07:56:29.897Z"}
{"level":"\u001b[32minfo\u001b[39m","message":"{\"method\":\"GET\",\"url\":\"/api/v1/users/current-user\",\"status\":\"304\",\"responseTime\":\"77.940\"}","timestamp":"2025-11-29T07:56:29.982Z"}
{"level":"\u001b[32minfo\u001b[39m","message":"{\"method\":\"GET\",\"url\":\"/api/v1/users/theme\",\"status\":\"304\",\"responseTime\":\"78.693\"}","timestamp":"2025-11-29T07:56:30.038Z"}
{"level":"\u001b[32minfo\u001b[39m","message":"{\"method\":\"GET\",\"url\":\"/api/v1/users/theme\",\"status\":\"304\",\"responseTime\":\"143.713\"}","timestamp":"2025-11-29T07:56:30.190Z"}
{"level":"\u001b[32minfo\u001b[39m","message":"{\"method\":\"GET\",\"url\":\"/api/v1/notifications/unread-count\",\"status\":\"304\",\"responseTime\":\"225.288\"}","timestamp":"2025-11-29T07:56:30.402Z"}
{"level":"\u001b[32minfo\u001b[39m","message":"{\"method\":\"GET\",\"url\":\"/api/v1/videos/6928961613409b594dc01255\",\"status\":\"201\",\"responseTime\":\"288.140\"}","timestamp":"2025-11-29T07:56:30.466Z"}
{"level":"\u001b[32minfo\u001b[39m","message":"{\"method\":\"GET\",\"url\":\"/api/v1/notifications/unread-count\",\"status\":\"304\",\"responseTime\":\"93.530\"}","timestamp":"2025-11-29T07:56:30.501Z"}
{"level":"\u001b[32minfo\u001b[39m","message":"{\"method\":\"GET\",\"url\":\"/api/v1/videos/6928961613409b594dc01255\",\"status\":\"201\",\"responseTime\":\"141.090\"}","timestamp":"2025-11-29T07:56:30.613Z"}
{"level":"\u001b[32minfo\u001b[39m","message":"{\"method\":\"GET\",\"url\":\"/api/v1/comments/6928961613409b594dc01255\",\"status\":\"201\",\"responseTime\":\"185.220\"}","timestamp":"2025-11-29T07:56:30.667Z"}
{"level":"\u001b[32minfo\u001b[39m","message":"{\"method\":\"GET\",\"url\":\"/api/v1/comments/6928961613409b594dc01255\",\"status\":\"201\",\"responseTime\":\"327.333\"}","timestamp":"2025-11-29T07:56:31.002Z"}
{"0":"6928961613409b594dc01255","1":"692898da696e5d9c996d3046","2":"6928997c696e5d9c996d304b","level":"\u001b[32minfo\u001b[39m","message":"Updated watch history: ","timestamp":"2025-11-29T07:56:31.003Z"}
{"level":"\u001b[32minfo\u001b[39m","message":"{\"method\":\"PATCH\",\"url\":\"/api/v1/users/history/add/6928961613409b594dc01255\",\"status\":\"200\",\"responseTime\":\"320.724\"}","timestamp":"2025-11-29T07:56:31.005Z"}
{"level":"\u001b[32minfo\u001b[39m","message":"{\"method\":\"PATCH\",\"url\":\"/api/v1/videos/views/6928961613409b594dc01255\",\"status\":\"200\",\"responseTime\":\"304.416\"}","timestamp":"2025-11-29T07:56:31.323Z"}
{"0":"6928961613409b594dc01255","1":"692898da696e5d9c996d3046","2":"6928997c696e5d9c996d304b","level":"\u001b[32minfo\u001b[39m","message":"Updated watch history: ","timestamp":"2025-11-29T07:56:31.363Z"}
{"level":"\u001b[32minfo\u001b[39m","message":"{\"method\":\"PATCH\",\"url\":\"/api/v1/users/history/add/6928961613409b594dc01255\",\"status\":\"200\",\"responseTime\":\"351.261\"}","timestamp":"2025-11-29T07:56:31.367Z"}
{"level":"\u001b[32minfo\u001b[39m","message":"{\"method\":\"PATCH\",\"url\":\"/api/v1/videos/views/6928961613409b594dc01255\",\"status\":\"200\",\"responseTime\":\"335.346\"}","timestamp":"2025-11-29T07:56:31.740Z"}
{"level":"\u001b[32minfo\u001b[39m","message":"{\"method\":\"GET\",\"url\":\"/api/v1/videos/6928961613409b594dc01255\",\"status\":\"201\",\"responseTime\":\"114.751\"}","timestamp":"2025-11-29T07:57:00.362Z"}
{"level":"\u001b[32minfo\u001b[39m","message":"{\"method\":\"GET\",\"url\":\"/api/v1/comments/6928961613409b594dc01255\",\"status\":\"201\",\"responseTime\":\"353.149\"}","timestamp":"2025-11-29T07:57:00.840Z"}
{"0":"6928961613409b594dc01255","1":"692898da696e5d9c996d3046","2":"6928997c696e5d9c996d304b","level":"\u001b[32minfo\u001b[39m","message":"Updated watch history: ","timestamp":"2025-11-29T07:57:01.224Z"}
{"level":"\u001b[32minfo\u001b[39m","message":"{\"method\":\"PATCH\",\"url\":\"/api/v1/users/history/add/6928961613409b594dc01255\",\"status\":\"200\",\"responseTime\":\"269.409\"}","timestamp":"2025-11-29T07:57:01.249Z"}
{"level":"\u001b[32minfo\u001b[39m","message":"{\"method\":\"PATCH\",\"url\":\"/api/v1/videos/views/6928961613409b594dc01255\",\"status\":\"200\",\"responseTime\":\"254.415\"}","timestamp":"2025-11-29T07:57:01.633Z"}
{"level":"\u001b[32minfo\u001b[39m","message":"{\"method\":\"GET\",\"url\":\"/api/v1/users/current-user\",\"status\":\"200\",\"responseTime\":\"43.372\"}","timestamp":"2025-11-29T07:57:01.788Z"}
{"level":"\u001b[32minfo\u001b[39m","message":"{\"method\":\"GET\",\"url\":\"/api/v1/users/current-user\",\"status\":\"304\",\"responseTime\":\"34.664\"}","timestamp":"2025-11-29T07:57:01.828Z"}
{"level":"\u001b[32minfo\u001b[39m","message":"{\"method\":\"GET\",\"url\":\"/api/v1/users/theme\",\"status\":\"304\",\"responseTime\":\"37.089\"}","timestamp":"2025-11-29T07:57:01.837Z"}
{"level":"\u001b[32minfo\u001b[39m","message":"{\"method\":\"GET\",\"url\":\"/api/v1/users/theme\",\"status\":\"304\",\"responseTime\":\"40.049\"}","timestamp":"2025-11-29T07:57:01.883Z"}
{"level":"\u001b[32minfo\u001b[39m","message":"{\"method\":\"GET\",\"url\":\"/api/v1/notifications/unread-count\",\"status\":\"304\",\"responseTime\":\"133.626\"}","timestamp":"2025-11-29T07:57:02.007Z"}
{"level":"\u001b[32minfo\u001b[39m","message":"{\"method\":\"GET\",\"url\":\"/api/v1/videos/6928961613409b594dc01255\",\"status\":\"201\",\"responseTime\":\"191.726\"}","timestamp":"2025-11-29T07:57:02.065Z"}
{"level":"\u001b[32minfo\u001b[39m","message":"{\"method\":\"GET\",\"url\":\"/api/v1/notifications/unread-count\",\"status\":\"304\",\"responseTime\":\"121.063\"}","timestamp":"2025-11-29T07:57:02.132Z"}
{"level":"\u001b[32minfo\u001b[39m","message":"{\"method\":\"GET\",\"url\":\"/api/v1/videos/6928961613409b594dc01255\",\"status\":\"201\",\"responseTime\":\"169.186\"}","timestamp":"2025-11-29T07:57:02.241Z"}
{"level":"\u001b[32minfo\u001b[39m","message":"{\"method\":\"GET\",\"url\":\"/api/v1/comments/6928961613409b594dc01255\",\"status\":\"201\",\"responseTime\":\"194.459\"}","timestamp":"2025-11-29T07:57:02.272Z"}
{"level":"\u001b[32minfo\u001b[39m","message":"{\"method\":\"GET\",\"url\":\"/api/v1/comments/6928961613409b594dc01255\",\"status\":\"201\",\"responseTime\":\"183.892\"}","timestamp":"2025-11-29T07:57:02.461Z"}
{"0":"6928961613409b594dc01255","1":"692898da696e5d9c996d3046","2":"6928997c696e5d9c996d304b","level":"\u001b[32minfo\u001b[39m","message":"Updated watch history: ","timestamp":"2025-11-29T07:57:02.462Z"}
{"level":"\u001b[32minfo\u001b[39m","message":"{\"method\":\"PATCH\",\"url\":\"/api/v1/users/history/add/6928961613409b594dc01255\",\"status\":\"200\",\"responseTime\":\"182.082\"}","timestamp":"2025-11-29T07:57:02.463Z"}
{"level":"\u001b[32minfo\u001b[39m","message":"{\"method\":\"PATCH\",\"url\":\"/api/v1/videos/views/6928961613409b594dc01255\",\"status\":\"200\",\"responseTime\":\"157.605\"}","timestamp":"2025-11-29T07:57:02.635Z"}
{"0":"6928961613409b594dc01255","1":"692898da696e5d9c996d3046","2":"6928997c696e5d9c996d304b","level":"\u001b[32minfo\u001b[39m","message":"Updated watch history: ","timestamp":"2025-11-29T07:57:02.688Z"}
{"level":"\u001b[32minfo\u001b[39m","message":"{\"method\":\"PATCH\",\"url\":\"/api/v1/users/history/add/6928961613409b594dc01255\",\"status\":\"200\",\"responseTime\":\"215.856\"}","timestamp":"2025-11-29T07:57:02.689Z"}
{"level":"\u001b[32minfo\u001b[39m","message":"{\"method\":\"PATCH\",\"url\":\"/api/v1/videos/views/6928961613409b594dc01255\",\"status\":\"200\",\"responseTime\":\"185.136\"}","timestamp":"2025-11-29T07:57:02.885Z"}
{"level":"\u001b[32minfo\u001b[39m","message":"{\"method\":\"GET\",\"url\":\"/api/v1/users/current-user\",\"status\":\"200\",\"responseTime\":\"138.837\"}","timestamp":"2025-11-29T07:57:49.359Z"}
{"level":"\u001b[32minfo\u001b[39m","message":"{\"method\":\"GET\",\"url\":\"/api/v1/users/theme\",\"status\":\"304\",\"responseTime\":\"92.877\"}","timestamp":"2025-11-29T07:57:49.467Z"}
{"level":"\u001b[32minfo\u001b[39m","message":"{\"method\":\"GET\",\"url\":\"/api/v1/notifications/unread-count\",\"status\":\"304\",\"responseTime\":\"163.480\"}","timestamp":"2025-11-29T07:57:49.666Z"}
{"level":"\u001b[32minfo\u001b[39m","message":"{\"method\":\"GET\",\"url\":\"/api/v1/videos/6928961613409b594dc01255\",\"status\":\"201\",\"responseTime\":\"199.465\"}","timestamp":"2025-11-29T07:57:49.703Z"}
{"level":"\u001b[32minfo\u001b[39m","message":"{\"method\":\"GET\",\"url\":\"/api/v1/notifications/unread-count\",\"status\":\"304\",\"responseTime\":\"83.876\"}","timestamp":"2025-11-29T07:57:49.758Z"}
{"level":"\u001b[32minfo\u001b[39m","message":"{\"method\":\"GET\",\"url\":\"/api/v1/videos/6928961613409b594dc01255\",\"status\":\"201\",\"responseTime\":\"173.501\"}","timestamp":"2025-11-29T07:57:49.884Z"}
{"level":"\u001b[32minfo\u001b[39m","message":"{\"method\":\"GET\",\"url\":\"/api/v1/comments/6928961613409b594dc01255\",\"status\":\"201\",\"responseTime\":\"213.695\"}","timestamp":"2025-11-29T07:57:49.937Z"}
{"level":"\u001b[32minfo\u001b[39m","message":"{\"method\":\"GET\",\"url\":\"/api/v1/comments/6928961613409b594dc01255\",\"status\":\"201\",\"responseTime\":\"406.024\"}","timestamp":"2025-11-29T07:57:50.350Z"}
{"0":"6928961613409b594dc01255","1":"692898da696e5d9c996d3046","2":"6928997c696e5d9c996d304b","level":"\u001b[32minfo\u001b[39m","message":"Updated watch history: ","timestamp":"2025-11-29T07:57:50.351Z"}
{"level":"\u001b[32minfo\u001b[39m","message":"{\"method\":\"PATCH\",\"url\":\"/api/v1/users/history/add/6928961613409b594dc01255\",\"status\":\"200\",\"responseTime\":\"400.662\"}","timestamp":"2025-11-29T07:57:50.352Z"}
{"level":"\u001b[32minfo\u001b[39m","message":"{\"method\":\"PATCH\",\"url\":\"/api/v1/videos/views/6928961613409b594dc01255\",\"status\":\"200\",\"responseTime\":\"320.961\"}","timestamp":"2025-11-29T07:57:50.689Z"}
{"0":"6928961613409b594dc01255","1":"692898da696e5d9c996d3046","2":"6928997c696e5d9c996d304b","level":"\u001b[32minfo\u001b[39m","message":"Updated watch history: ","timestamp":"2025-11-29T07:57:50.728Z"}
{"level":"\u001b[32minfo\u001b[39m","message":"{\"method\":\"PATCH\",\"url\":\"/api/v1/users/history/add/6928961613409b594dc01255\",\"status\":\"200\",\"responseTime\":\"365.955\"}","timestamp":"2025-11-29T07:57:50.730Z"}
{"level":"\u001b[32minfo\u001b[39m","message":"{\"method\":\"PATCH\",\"url\":\"/api/v1/videos/views/6928961613409b594dc01255\",\"status\":\"200\",\"responseTime\":\"249.417\"}","timestamp":"2025-11-29T07:57:50.995Z"}
{"level":"\u001b[32minfo\u001b[39m","message":"{\"method\":\"GET\",\"url\":\"/api/v1/users/current-user\",\"status\":\"200\",\"responseTime\":\"142.425\"}","timestamp":"2025-11-29T07:57:58.369Z"}
{"level":"\u001b[32minfo\u001b[39m","message":"{\"method\":\"GET\",\"url\":\"/api/v1/users/theme\",\"status\":\"304\",\"responseTime\":\"53.828\"}","timestamp":"2025-11-29T07:57:58.440Z"}
{"level":"\u001b[32minfo\u001b[39m","message":"{\"method\":\"GET\",\"url\":\"/api/v1/notifications/unread-count\",\"status\":\"304\",\"responseTime\":\"200.236\"}","timestamp":"2025-11-29T07:57:58.680Z"}
{"level":"\u001b[32minfo\u001b[39m","message":"{\"method\":\"GET\",\"url\":\"/api/v1/videos/6928961613409b594dc01255\",\"status\":\"201\",\"responseTime\":\"298.594\"}","timestamp":"2025-11-29T07:57:58.779Z"}
{"level":"\u001b[32minfo\u001b[39m","message":"{\"method\":\"GET\",\"url\":\"/api/v1/notifications/unread-count\",\"status\":\"304\",\"responseTime\":\"126.282\"}","timestamp":"2025-11-29T07:57:58.813Z"}
{"level":"\u001b[32minfo\u001b[39m","message":"{\"method\":\"GET\",\"url\":\"/api/v1/videos/6928961613409b594dc01255\",\"status\":\"201\",\"responseTime\":\"183.436\"}","timestamp":"2025-11-29T07:57:58.969Z"}
{"level":"\u001b[32minfo\u001b[39m","message":"{\"method\":\"GET\",\"url\":\"/api/v1/comments/6928961613409b594dc01255\",\"status\":\"201\",\"responseTime\":\"236.869\"}","timestamp":"2025-11-29T07:57:59.033Z"}
{"level":"\u001b[32minfo\u001b[39m","message":"{\"method\":\"GET\",\"url\":\"/api/v1/comments/6928961613409b594dc01255\",\"status\":\"201\",\"responseTime\":\"351.896\"}","timestamp":"2025-11-29T07:57:59.394Z"}
{"0":"6928961613409b594dc01255","1":"692898da696e5d9c996d3046","2":"6928997c696e5d9c996d304b","level":"\u001b[32minfo\u001b[39m","message":"Updated watch history: ","timestamp":"2025-11-29T07:57:59.396Z"}
{"level":"\u001b[32minfo\u001b[39m","message":"{\"method\":\"PATCH\",\"url\":\"/api/v1/users/history/add/6928961613409b594dc01255\",\"status\":\"200\",\"responseTime\":\"348.580\"}","timestamp":"2025-11-29T07:57:59.398Z"}
{"level":"\u001b[32minfo\u001b[39m","message":"{\"method\":\"PATCH\",\"url\":\"/api/v1/videos/views/6928961613409b594dc01255\",\"status\":\"200\",\"responseTime\":\"272.670\"}","timestamp":"2025-11-29T07:57:59.699Z"}
{"0":"6928961613409b594dc01255","1":"692898da696e5d9c996d3046","2":"6928997c696e5d9c996d304b","level":"\u001b[32minfo\u001b[39m","message":"Updated watch history: ","timestamp":"2025-11-29T07:57:59.743Z"}
{"level":"\u001b[32minfo\u001b[39m","message":"{\"method\":\"PATCH\",\"url\":\"/api/v1/users/history/add/6928961613409b594dc01255\",\"status\":\"200\",\"responseTime\":\"328.655\"}","timestamp":"2025-11-29T07:57:59.745Z"}
{"level":"\u001b[32minfo\u001b[39m","message":"{\"method\":\"PATCH\",\"url\":\"/api/v1/videos/views/6928961613409b594dc01255\",\"status\":\"200\",\"responseTime\":\"252.471\"}","timestamp":"2025-11-29T07:58:00.007Z"}
{"level":"\u001b[32minfo\u001b[39m","message":"{\"method\":\"GET\",\"url\":\"/api/v1/users/current-user\",\"status\":\"200\",\"responseTime\":\"55.058\"}","timestamp":"2025-11-29T07:58:16.110Z"}
{"level":"\u001b[32minfo\u001b[39m","message":"{\"method\":\"GET\",\"url\":\"/api/v1/users/current-user\",\"status\":\"304\",\"responseTime\":\"69.733\"}","timestamp":"2025-11-29T07:58:16.185Z"}
{"level":"\u001b[32minfo\u001b[39m","message":"{\"method\":\"GET\",\"url\":\"/api/v1/users/theme\",\"status\":\"304\",\"responseTime\":\"67.506\"}","timestamp":"2025-11-29T07:58:16.288Z"}
{"level":"\u001b[32minfo\u001b[39m","message":"{\"method\":\"GET\",\"url\":\"/api/v1/users/theme\",\"status\":\"304\",\"responseTime\":\"74.587\"}","timestamp":"2025-11-29T07:58:16.370Z"}
{"level":"\u001b[32minfo\u001b[39m","message":"{\"method\":\"GET\",\"url\":\"/api/v1/notifications/unread-count\",\"status\":\"304\",\"responseTime\":\"138.731\"}","timestamp":"2025-11-29T07:58:16.493Z"}
{"level":"\u001b[32minfo\u001b[39m","message":"{\"method\":\"GET\",\"url\":\"/api/v1/videos/6928961613409b594dc01255\",\"status\":\"201\",\"responseTime\":\"206.309\"}","timestamp":"2025-11-29T07:58:16.562Z"}
{"level":"\u001b[32minfo\u001b[39m","message":"{\"method\":\"GET\",\"url\":\"/api/v1/notifications/unread-count\",\"status\":\"304\",\"responseTime\":\"97.092\"}","timestamp":"2025-11-29T07:58:16.597Z"}
{"level":"\u001b[32minfo\u001b[39m","message":"{\"method\":\"GET\",\"url\":\"/api/v1/videos/6928961613409b594dc01255\",\"status\":\"201\",\"responseTime\":\"139.278\"}","timestamp":"2025-11-29T07:58:16.708Z"}
{"level":"\u001b[32minfo\u001b[39m","message":"{\"method\":\"GET\",\"url\":\"/api/v1/comments/6928961613409b594dc01255\",\"status\":\"201\",\"responseTime\":\"188.849\"}","timestamp":"2025-11-29T07:58:16.768Z"}
{"level":"\u001b[32minfo\u001b[39m","message":"{\"method\":\"GET\",\"url\":\"/api/v1/comments/6928961613409b594dc01255\",\"status\":\"201\",\"responseTime\":\"335.755\"}","timestamp":"2025-11-29T07:58:17.112Z"}
{"0":"6928961613409b594dc01255","1":"692898da696e5d9c996d3046","2":"6928997c696e5d9c996d304b","level":"\u001b[32minfo\u001b[39m","message":"Updated watch history: ","timestamp":"2025-11-29T07:58:17.146Z"}
{"level":"\u001b[32minfo\u001b[39m","message":"{\"method\":\"PATCH\",\"url\":\"/api/v1/users/history/add/6928961613409b594dc01255\",\"status\":\"200\",\"responseTime\":\"365.317\"}","timestamp":"2025-11-29T07:58:17.147Z"}
{"level":"\u001b[32minfo\u001b[39m","message":"{\"method\":\"PATCH\",\"url\":\"/api/v1/videos/views/6928961613409b594dc01255\",\"status\":\"200\",\"responseTime\":\"336.538\"}","timestamp":"2025-11-29T07:58:17.496Z"}
{"0":"6928961613409b594dc01255","1":"692898da696e5d9c996d3046","2":"6928997c696e5d9c996d304b","level":"\u001b[32minfo\u001b[39m","message":"Updated watch history: ","timestamp":"2025-11-29T07:58:17.497Z"}
{"level":"\u001b[32minfo\u001b[39m","message":"{\"method\":\"PATCH\",\"url\":\"/api/v1/users/history/add/6928961613409b594dc01255\",\"status\":\"200\",\"responseTime\":\"375.728\"}","timestamp":"2025-11-29T07:58:17.498Z"}
{"level":"\u001b[32minfo\u001b[39m","message":"{\"method\":\"PATCH\",\"url\":\"/api/v1/videos/views/6928961613409b594dc01255\",\"status\":\"200\",\"responseTime\":\"283.081\"}","timestamp":"2025-11-29T07:58:17.825Z"}
{"level":"\u001b[32minfo\u001b[39m","message":"{\"method\":\"GET\",\"url\":\"/api/v1/users/current-user\",\"status\":\"200\",\"responseTime\":\"66.854\"}","timestamp":"2025-11-29T07:59:14.456Z"}
{"level":"\u001b[32minfo\u001b[39m","message":"{\"method\":\"GET\",\"url\":\"/api/v1/users/current-user\",\"status\":\"304\",\"responseTime\":\"44.385\"}","timestamp":"2025-11-29T07:59:14.519Z"}
{"level":"\u001b[32minfo\u001b[39m","message":"{\"method\":\"GET\",\"url\":\"/api/v1/users/theme\",\"status\":\"304\",\"responseTime\":\"58.081\"}","timestamp":"2025-11-29T07:59:14.559Z"}
{"level":"\u001b[32minfo\u001b[39m","message":"{\"method\":\"GET\",\"url\":\"/api/v1/users/theme\",\"status\":\"304\",\"responseTime\":\"96.548\"}","timestamp":"2025-11-29T07:59:14.661Z"}
{"level":"\u001b[32minfo\u001b[39m","message":"{\"method\":\"GET\",\"url\":\"/api/v1/users/current-user\",\"status\":\"304\",\"responseTime\":\"47.016\"}","timestamp":"2025-11-29T07:59:15.259Z"}
{"level":"\u001b[32minfo\u001b[39m","message":"{\"method\":\"GET\",\"url\":\"/api/v1/users/current-user\",\"status\":\"304\",\"responseTime\":\"42.734\"}","timestamp":"2025-11-29T07:59:15.307Z"}
{"level":"\u001b[32minfo\u001b[39m","message":"{\"method\":\"GET\",\"url\":\"/api/v1/users/theme\",\"status\":\"304\",\"responseTime\":\"38.310\"}","timestamp":"2025-11-29T07:59:15.313Z"}
{"level":"\u001b[32minfo\u001b[39m","message":"{\"method\":\"GET\",\"url\":\"/api/v1/users/theme\",\"status\":\"304\",\"responseTime\":\"49.126\"}","timestamp":"2025-11-29T07:59:15.378Z"}
{"level":"\u001b[32minfo\u001b[39m","message":"{\"method\":\"GET\",\"url\":\"/api/v1/notifications/unread-count\",\"status\":\"304\",\"responseTime\":\"116.398\"}","timestamp":"2025-11-29T07:59:15.484Z"}
{"level":"\u001b[32minfo\u001b[39m","message":"{\"method\":\"GET\",\"url\":\"/api/v1/videos/6928961613409b594dc01255\",\"status\":\"201\",\"responseTime\":\"228.690\"}","timestamp":"2025-11-29T07:59:15.597Z"}
{"level":"\u001b[32minfo\u001b[39m","message":"{\"method\":\"GET\",\"url\":\"/api/v1/notifications/unread-count\",\"status\":\"304\",\"responseTime\":\"162.292\"}","timestamp":"2025-11-29T07:59:15.652Z"}
{"level":"\u001b[32minfo\u001b[39m","message":"{\"method\":\"GET\",\"url\":\"/api/v1/videos/6928961613409b594dc01255\",\"status\":\"201\",\"responseTime\":\"187.559\"}","timestamp":"2025-11-29T07:59:15.790Z"}
{"level":"\u001b[32minfo\u001b[39m","message":"{\"method\":\"GET\",\"url\":\"/api/v1/comments/6928961613409b594dc01255\",\"status\":\"201\",\"responseTime\":\"234.243\"}","timestamp":"2025-11-29T07:59:15.846Z"}
{"level":"\u001b[32minfo\u001b[39m","message":"{\"method\":\"GET\",\"url\":\"/api/v1/comments/6928961613409b594dc01255\",\"status\":\"201\",\"responseTime\":\"344.263\"}","timestamp":"2025-11-29T07:59:16.198Z"}
{"0":"6928961613409b594dc01255","1":"692898da696e5d9c996d3046","2":"6928997c696e5d9c996d304b","level":"\u001b[32minfo\u001b[39m","message":"Updated watch history: ","timestamp":"2025-11-29T07:59:16.199Z"}
{"level":"\u001b[32minfo\u001b[39m","message":"{\"method\":\"PATCH\",\"url\":\"/api/v1/users/history/add/6928961613409b594dc01255\",\"status\":\"200\",\"responseTime\":\"336.796\"}","timestamp":"2025-11-29T07:59:16.200Z"}
{"level":"\u001b[32minfo\u001b[39m","message":"{\"method\":\"PATCH\",\"url\":\"/api/v1/videos/views/6928961613409b594dc01255\",\"status\":\"200\",\"responseTime\":\"292.535\"}","timestamp":"2025-11-29T07:59:16.508Z"}
{"0":"6928961613409b594dc01255","1":"692898da696e5d9c996d3046","2":"6928997c696e5d9c996d304b","level":"\u001b[32minfo\u001b[39m","message":"Updated watch history: ","timestamp":"2025-11-29T07:59:16.550Z"}
{"level":"\u001b[32minfo\u001b[39m","message":"{\"method\":\"PATCH\",\"url\":\"/api/v1/users/history/add/6928961613409b594dc01255\",\"status\":\"200\",\"responseTime\":\"340.654\"}","timestamp":"2025-11-29T07:59:16.552Z"}
{"level":"\u001b[32minfo\u001b[39m","message":"{\"method\":\"PATCH\",\"url\":\"/api/v1/videos/views/6928961613409b594dc01255\",\"status\":\"200\",\"responseTime\":\"205.135\"}","timestamp":"2025-11-29T07:59:16.813Z"}
{"level":"\u001b[32minfo\u001b[39m","message":"{\"method\":\"GET\",\"url\":\"/api/v1/users/current-user\",\"status\":\"200\",\"responseTime\":\"144.015\"}","timestamp":"2025-11-29T07:59:53.372Z"}
{"level":"\u001b[32minfo\u001b[39m","message":"{\"method\":\"GET\",\"url\":\"/api/v1/users/theme\",\"status\":\"304\",\"responseTime\":\"97.857\"}","timestamp":"2025-11-29T07:59:53.482Z"}
{"level":"\u001b[32minfo\u001b[39m","message":"{\"method\":\"GET\",\"url\":\"/api/v1/notifications/unread-count\",\"status\":\"304\",\"responseTime\":\"174.261\"}","timestamp":"2025-11-29T07:59:53.690Z"}
{"level":"\u001b[32minfo\u001b[39m","message":"{\"method\":\"GET\",\"url\":\"/api/v1/videos/6928961613409b594dc01255\",\"status\":\"201\",\"responseTime\":\"267.443\"}","timestamp":"2025-11-29T07:59:53.784Z"}
{"level":"\u001b[32minfo\u001b[39m","message":"{\"method\":\"GET\",\"url\":\"/api/v1/notifications/unread-count\",\"status\":\"304\",\"responseTime\":\"114.665\"}","timestamp":"2025-11-29T07:59:53.816Z"}
{"level":"\u001b[32minfo\u001b[39m","message":"{\"method\":\"GET\",\"url\":\"/api/v1/videos/6928961613409b594dc01255\",\"status\":\"201\",\"responseTime\":\"157.877\"}","timestamp":"2025-11-29T07:59:53.948Z"}
{"level":"\u001b[32minfo\u001b[39m","message":"{\"method\":\"GET\",\"url\":\"/api/v1/comments/6928961613409b594dc01255\",\"status\":\"201\",\"responseTime\":\"203.202\"}","timestamp":"2025-11-29T07:59:54.003Z"}
{"level":"\u001b[32minfo\u001b[39m","message":"{\"method\":\"GET\",\"url\":\"/api/v1/comments/6928961613409b594dc01255\",\"status\":\"201\",\"responseTime\":\"385.024\"}","timestamp":"2025-11-29T07:59:54.395Z"}
{"0":"6928961613409b594dc01255","1":"692898da696e5d9c996d3046","2":"6928997c696e5d9c996d304b","level":"\u001b[32minfo\u001b[39m","message":"Updated watch history: ","timestamp":"2025-11-29T07:59:54.396Z"}
{"level":"\u001b[32minfo\u001b[39m","message":"{\"method\":\"PATCH\",\"url\":\"/api/v1/users/history/add/6928961613409b594dc01255\",\"status\":\"200\",\"responseTime\":\"381.600\"}","timestamp":"2025-11-29T07:59:54.399Z"}
{"level":"\u001b[32minfo\u001b[39m","message":"{\"method\":\"PATCH\",\"url\":\"/api/v1/videos/views/6928961613409b594dc01255\",\"status\":\"200\",\"responseTime\":\"280.797\"}","timestamp":"2025-11-29T07:59:54.705Z"}
{"0":"6928961613409b594dc01255","1":"692898da696e5d9c996d3046","2":"6928997c696e5d9c996d304b","level":"\u001b[32minfo\u001b[39m","message":"Updated watch history: ","timestamp":"2025-11-29T07:59:54.746Z"}
{"level":"\u001b[32minfo\u001b[39m","message":"{\"method\":\"PATCH\",\"url\":\"/api/v1/users/history/add/6928961613409b594dc01255\",\"status\":\"200\",\"responseTime\":\"326.928\"}","timestamp":"2025-11-29T07:59:54.747Z"}
{"level":"\u001b[32minfo\u001b[39m","message":"{\"method\":\"PATCH\",\"url\":\"/api/v1/videos/views/6928961613409b594dc01255\",\"status\":\"200\",\"responseTime\":\"251.497\"}","timestamp":"2025-11-29T07:59:55.010Z"}
{"level":"\u001b[32minfo\u001b[39m","message":"{\"method\":\"GET\",\"url\":\"/api/v1/users/current-user\",\"status\":\"200\",\"responseTime\":\"81.095\"}","timestamp":"2025-11-29T08:00:16.310Z"}
{"level":"\u001b[32minfo\u001b[39m","message":"{\"method\":\"GET\",\"url\":\"/api/v1/users/theme\",\"status\":\"304\",\"responseTime\":\"91.879\"}","timestamp":"2025-11-29T08:00:16.412Z"}
{"level":"\u001b[32minfo\u001b[39m","message":"{\"method\":\"GET\",\"url\":\"/api/v1/notifications/unread-count\",\"status\":\"304\",\"responseTime\":\"172.277\"}","timestamp":"2025-11-29T08:00:16.617Z"}
{"level":"\u001b[32minfo\u001b[39m","message":"{\"method\":\"GET\",\"url\":\"/api/v1/videos/6928961613409b594dc01255\",\"status\":\"201\",\"responseTime\":\"279.165\"}","timestamp":"2025-11-29T08:00:16.724Z"}
{"level":"\u001b[32minfo\u001b[39m","message":"{\"method\":\"GET\",\"url\":\"/api/v1/notifications/unread-count\",\"status\":\"304\",\"responseTime\":\"138.612\"}","timestamp":"2025-11-29T08:00:16.763Z"}
{"level":"\u001b[32minfo\u001b[39m","message":"{\"method\":\"GET\",\"url\":\"/api/v1/videos/6928961613409b594dc01255\",\"status\":\"201\",\"responseTime\":\"188.960\"}","timestamp":"2025-11-29T08:00:16.924Z"}
{"level":"\u001b[32minfo\u001b[39m","message":"{\"method\":\"GET\",\"url\":\"/api/v1/comments/6928961613409b594dc01255\",\"status\":\"201\",\"responseTime\":\"216.930\"}","timestamp":"2025-11-29T08:00:16.974Z"}
{"level":"\u001b[32minfo\u001b[39m","message":"{\"method\":\"GET\",\"url\":\"/api/v1/comments/6928961613409b594dc01255\",\"status\":\"201\",\"responseTime\":\"357.413\"}","timestamp":"2025-11-29T08:00:17.337Z"}
{"0":"6928961613409b594dc01255","1":"692898da696e5d9c996d3046","2":"6928997c696e5d9c996d304b","level":"\u001b[32minfo\u001b[39m","message":"Updated watch history: ","timestamp":"2025-11-29T08:00:17.339Z"}
{"level":"\u001b[32minfo\u001b[39m","message":"{\"method\":\"PATCH\",\"url\":\"/api/v1/users/history/add/6928961613409b594dc01255\",\"status\":\"200\",\"responseTime\":\"349.732\"}","timestamp":"2025-11-29T08:00:17.340Z"}
{"level":"\u001b[32minfo\u001b[39m","message":"{\"method\":\"PATCH\",\"url\":\"/api/v1/videos/views/6928961613409b594dc01255\",\"status\":\"200\",\"responseTime\":\"288.802\"}","timestamp":"2025-11-29T08:00:17.641Z"}
{"0":"6928961613409b594dc01255","1":"692898da696e5d9c996d3046","2":"6928997c696e5d9c996d304b","level":"\u001b[32minfo\u001b[39m","message":"Updated watch history: ","timestamp":"2025-11-29T08:00:17.700Z"}
{"level":"\u001b[32minfo\u001b[39m","message":"{\"method\":\"PATCH\",\"url\":\"/api/v1/users/history/add/6928961613409b594dc01255\",\"status\":\"200\",\"responseTime\":\"351.356\"}","timestamp":"2025-11-29T08:00:17.701Z"}
{"level":"\u001b[32minfo\u001b[39m","message":"{\"method\":\"PATCH\",\"url\":\"/api/v1/videos/views/6928961613409b594dc01255\",\"status\":\"200\",\"responseTime\":\"338.918\"}","timestamp":"2025-11-29T08:00:18.051Z"}
{"level":"\u001b[32minfo\u001b[39m","message":"{\"method\":\"GET\",\"url\":\"/api/v1/users/current-user\",\"status\":\"200\",\"responseTime\":\"88.641\"}","timestamp":"2025-11-29T08:01:05.670Z"}
{"level":"\u001b[32minfo\u001b[39m","message":"{\"method\":\"GET\",\"url\":\"/api/v1/users/current-user\",\"status\":\"304\",\"responseTime\":\"106.966\"}","timestamp":"2025-11-29T08:01:05.783Z"}
{"level":"\u001b[32minfo\u001b[39m","message":"{\"method\":\"GET\",\"url\":\"/api/v1/users/theme\",\"status\":\"304\",\"responseTime\":\"85.150\"}","timestamp":"2025-11-29T08:01:05.839Z"}
{"level":"\u001b[32minfo\u001b[39m","message":"{\"method\":\"GET\",\"url\":\"/api/v1/users/theme\",\"status\":\"304\",\"responseTime\":\"78.798\"}","timestamp":"2025-11-29T08:01:05.925Z"}
{"level":"\u001b[32minfo\u001b[39m","message":"{\"method\":\"GET\",\"url\":\"/api/v1/notifications/unread-count\",\"status\":\"304\",\"responseTime\":\"174.810\"}","timestamp":"2025-11-29T08:01:06.081Z"}
{"level":"\u001b[32minfo\u001b[39m","message":"{\"method\":\"GET\",\"url\":\"/api/v1/videos/6928961613409b594dc01255\",\"status\":\"201\",\"responseTime\":\"276.705\"}","timestamp":"2025-11-29T08:01:06.183Z"}
{"level":"\u001b[32minfo\u001b[39m","message":"{\"method\":\"GET\",\"url\":\"/api/v1/notifications/unread-count\",\"status\":\"304\",\"responseTime\":\"131.529\"}","timestamp":"2025-11-29T08:01:06.219Z"}
{"level":"\u001b[32minfo\u001b[39m","message":"{\"method\":\"GET\",\"url\":\"/api/v1/videos/6928961613409b594dc01255\",\"status\":\"201\",\"responseTime\":\"197.771\"}","timestamp":"2025-11-29T08:01:06.389Z"}
{"level":"\u001b[32minfo\u001b[39m","message":"{\"method\":\"GET\",\"url\":\"/api/v1/comments/6928961613409b594dc01255\",\"status\":\"201\",\"responseTime\":\"237.362\"}","timestamp":"2025-11-29T08:01:06.437Z"}
{"level":"\u001b[32minfo\u001b[39m","message":"{\"method\":\"GET\",\"url\":\"/api/v1/comments/6928961613409b594dc01255\",\"status\":\"201\",\"responseTime\":\"326.397\"}","timestamp":"2025-11-29T08:01:06.771Z"}
{"0":"6928961613409b594dc01255","1":"692898da696e5d9c996d3046","2":"6928997c696e5d9c996d304b","level":"\u001b[32minfo\u001b[39m","message":"Updated watch history: ","timestamp":"2025-11-29T08:01:06.773Z"}
{"level":"\u001b[32minfo\u001b[39m","message":"{\"method\":\"PATCH\",\"url\":\"/api/v1/users/history/add/6928961613409b594dc01255\",\"status\":\"200\",\"responseTime\":\"322.217\"}","timestamp":"2025-11-29T08:01:06.774Z"}
{"level":"\u001b[32minfo\u001b[39m","message":"{\"method\":\"PATCH\",\"url\":\"/api/v1/videos/views/6928961613409b594dc01255\",\"status\":\"200\",\"responseTime\":\"312.982\"}","timestamp":"2025-11-29T08:01:07.104Z"}
{"0":"6928961613409b594dc01255","1":"692898da696e5d9c996d3046","2":"6928997c696e5d9c996d304b","level":"\u001b[32minfo\u001b[39m","message":"Updated watch history: ","timestamp":"2025-11-29T08:01:07.139Z"}
{"level":"\u001b[32minfo\u001b[39m","message":"{\"method\":\"PATCH\",\"url\":\"/api/v1/users/history/add/6928961613409b594dc01255\",\"status\":\"200\",\"responseTime\":\"353.872\"}","timestamp":"2025-11-29T08:01:07.141Z"}
{"level":"\u001b[32minfo\u001b[39m","message":"{\"method\":\"PATCH\",\"url\":\"/api/v1/videos/views/6928961613409b594dc01255\",\"status\":\"200\",\"responseTime\":\"338.013\"}","timestamp":"2025-11-29T08:01:07.514Z"}
{"level":"\u001b[32minfo\u001b[39m","message":"{\"method\":\"GET\",\"url\":\"/api/v1/notifications/unread-count\",\"status\":\"304\",\"responseTime\":\"182.724\"}","timestamp":"2025-11-29T08:02:06.085Z"}
{"level":"\u001b[32minfo\u001b[39m","message":"{\"method\":\"GET\",\"url\":\"/api/v1/users/current-user\",\"status\":\"200\",\"responseTime\":\"122.504\"}","timestamp":"2025-11-29T08:02:34.456Z"}
{"level":"\u001b[32minfo\u001b[39m","message":"{\"method\":\"GET\",\"url\":\"/api/v1/users/current-user\",\"status\":\"304\",\"responseTime\":\"80.400\"}","timestamp":"2025-11-29T08:02:34.549Z"}
{"level":"\u001b[32minfo\u001b[39m","message":"{\"method\":\"GET\",\"url\":\"/api/v1/users/theme\",\"status\":\"304\",\"responseTime\":\"86.148\"}","timestamp":"2025-11-29T08:02:34.609Z"}
{"level":"\u001b[32minfo\u001b[39m","message":"{\"method\":\"GET\",\"url\":\"/api/v1/users/theme\",\"status\":\"304\",\"responseTime\":\"48.126\"}","timestamp":"2025-11-29T08:02:34.664Z"}
{"level":"\u001b[32minfo\u001b[39m","message":"{\"method\":\"GET\",\"url\":\"/api/v1/notifications/unread-count\",\"status\":\"304\",\"responseTime\":\"190.155\"}","timestamp":"2025-11-29T08:02:34.864Z"}
{"level":"\u001b[32minfo\u001b[39m","message":"{\"method\":\"GET\",\"url\":\"/api/v1/videos/6928961613409b594dc01255\",\"status\":\"201\",\"responseTime\":\"256.417\"}","timestamp":"2025-11-29T08:02:34.931Z"}
{"level":"\u001b[32minfo\u001b[39m","message":"{\"method\":\"GET\",\"url\":\"/api/v1/notifications/unread-count\",\"status\":\"304\",\"responseTime\":\"94.819\"}","timestamp":"2025-11-29T08:02:34.965Z"}
{"level":"\u001b[32minfo\u001b[39m","message":"{\"method\":\"GET\",\"url\":\"/api/v1/videos/6928961613409b594dc01255\",\"status\":\"201\",\"responseTime\":\"139.726\"}","timestamp":"2025-11-29T08:02:35.080Z"}
{"level":"\u001b[32minfo\u001b[39m","message":"{\"method\":\"GET\",\"url\":\"/api/v1/comments/6928961613409b594dc01255\",\"status\":\"201\",\"responseTime\":\"191.047\"}","timestamp":"2025-11-29T08:02:35.140Z"}
{"level":"\u001b[32minfo\u001b[39m","message":"{\"method\":\"GET\",\"url\":\"/api/v1/comments/6928961613409b594dc01255\",\"status\":\"201\",\"responseTime\":\"416.978\"}","timestamp":"2025-11-29T08:02:35.566Z"}
{"0":"6928961613409b594dc01255","1":"692898da696e5d9c996d3046","2":"6928997c696e5d9c996d304b","level":"\u001b[32minfo\u001b[39m","message":"Updated watch history: ","timestamp":"2025-11-29T08:02:35.567Z"}
{"level":"\u001b[32minfo\u001b[39m","message":"{\"method\":\"PATCH\",\"url\":\"/api/v1/users/history/add/6928961613409b594dc01255\",\"status\":\"200\",\"responseTime\":\"408.558\"}","timestamp":"2025-11-29T08:02:35.568Z"}
{"level":"\u001b[32minfo\u001b[39m","message":"{\"method\":\"PATCH\",\"url\":\"/api/v1/videos/views/6928961613409b594dc01255\",\"status\":\"200\",\"responseTime\":\"200.914\"}","timestamp":"2025-11-29T08:02:35.787Z"}
{"0":"6928961613409b594dc01255","1":"692898da696e5d9c996d3046","2":"6928997c696e5d9c996d304b","level":"\u001b[32minfo\u001b[39m","message":"Updated watch history: ","timestamp":"2025-11-29T08:02:35.829Z"}
{"level":"\u001b[32minfo\u001b[39m","message":"{\"method\":\"PATCH\",\"url\":\"/api/v1/users/history/add/6928961613409b594dc01255\",\"status\":\"200\",\"responseTime\":\"249.190\"}","timestamp":"2025-11-29T08:02:35.832Z"}
{"level":"\u001b[32minfo\u001b[39m","message":"{\"method\":\"PATCH\",\"url\":\"/api/v1/videos/views/6928961613409b594dc01255\",\"status\":\"200\",\"responseTime\":\"238.948\"}","timestamp":"2025-11-29T08:02:36.097Z"}
{"level":"\u001b[32minfo\u001b[39m","message":"{\"method\":\"GET\",\"url\":\"/api/v1/notifications/unread-count\",\"status\":\"304\",\"responseTime\":\"201.945\"}","timestamp":"2025-11-29T08:03:34.879Z"}
{"level":"\u001b[32minfo\u001b[39m","message":"{\"method\":\"GET\",\"url\":\"/api/v1/users/current-user\",\"status\":\"200\",\"responseTime\":\"128.644\"}","timestamp":"2025-11-29T08:03:46.967Z"}
{"level":"\u001b[32minfo\u001b[39m","message":"{\"method\":\"GET\",\"url\":\"/api/v1/users/current-user\",\"status\":\"304\",\"responseTime\":\"86.509\"}","timestamp":"2025-11-29T08:03:47.059Z"}
{"level":"\u001b[32minfo\u001b[39m","message":"{\"method\":\"GET\",\"url\":\"/api/v1/users/theme\",\"status\":\"304\",\"responseTime\":\"74.890\"}","timestamp":"2025-11-29T08:03:47.112Z"}
{"level":"\u001b[32minfo\u001b[39m","message":"{\"method\":\"GET\",\"url\":\"/api/v1/users/theme\",\"status\":\"304\",\"responseTime\":\"50.132\"}","timestamp":"2025-11-29T08:03:47.168Z"}
{"level":"\u001b[32minfo\u001b[39m","message":"{\"method\":\"GET\",\"url\":\"/api/v1/notifications/unread-count\",\"status\":\"304\",\"responseTime\":\"119.966\"}","timestamp":"2025-11-29T08:03:47.304Z"}
{"level":"\u001b[32minfo\u001b[39m","message":"{\"method\":\"GET\",\"url\":\"/api/v1/videos/6928961613409b594dc01255\",\"status\":\"201\",\"responseTime\":\"189.295\"}","timestamp":"2025-11-29T08:03:47.374Z"}
{"level":"\u001b[32minfo\u001b[39m","message":"{\"method\":\"GET\",\"url\":\"/api/v1/notifications/unread-count\",\"status\":\"304\",\"responseTime\":\"96.393\"}","timestamp":"2025-11-29T08:03:47.409Z"}
{"level":"\u001b[32minfo\u001b[39m","message":"{\"method\":\"GET\",\"url\":\"/api/v1/videos/6928961613409b594dc01255\",\"status\":\"201\",\"responseTime\":\"199.066\"}","timestamp":"2025-11-29T08:03:47.579Z"}
{"level":"\u001b[32minfo\u001b[39m","message":"{\"method\":\"GET\",\"url\":\"/api/v1/comments/6928961613409b594dc01255\",\"status\":\"201\",\"responseTime\":\"242.103\"}","timestamp":"2025-11-29T08:03:47.631Z"}
{"level":"\u001b[32minfo\u001b[39m","message":"{\"method\":\"GET\",\"url\":\"/api/v1/comments/6928961613409b594dc01255\",\"status\":\"201\",\"responseTime\":\"452.113\"}","timestamp":"2025-11-29T08:03:48.089Z"}
{"0":"6928961613409b594dc01255","1":"692898da696e5d9c996d3046","2":"6928997c696e5d9c996d304b","level":"\u001b[32minfo\u001b[39m","message":"Updated watch history: ","timestamp":"2025-11-29T08:03:48.094Z"}
{"level":"\u001b[32minfo\u001b[39m","message":"{\"method\":\"PATCH\",\"url\":\"/api/v1/users/history/add/6928961613409b594dc01255\",\"status\":\"200\",\"responseTime\":\"452.236\"}","timestamp":"2025-11-29T08:03:48.102Z"}
{"level":"\u001b[32minfo\u001b[39m","message":"{\"method\":\"PATCH\",\"url\":\"/api/v1/videos/views/6928961613409b594dc01255\",\"status\":\"200\",\"responseTime\":\"278.796\"}","timestamp":"2025-11-29T08:03:48.399Z"}
{"0":"6928961613409b594dc01255","1":"692898da696e5d9c996d3046","2":"6928997c696e5d9c996d304b","level":"\u001b[32minfo\u001b[39m","message":"Updated watch history: ","timestamp":"2025-11-29T08:03:48.458Z"}
{"level":"\u001b[32minfo\u001b[39m","message":"{\"method\":\"PATCH\",\"url\":\"/api/v1/users/history/add/6928961613409b594dc01255\",\"status\":\"200\",\"responseTime\":\"347.767\"}","timestamp":"2025-11-29T08:03:48.461Z"}
{"level":"\u001b[32minfo\u001b[39m","message":"{\"method\":\"PATCH\",\"url\":\"/api/v1/videos/views/6928961613409b594dc01255\",\"status\":\"200\",\"responseTime\":\"230.024\"}","timestamp":"2025-11-29T08:03:48.711Z"}
{"level":"\u001b[32minfo\u001b[39m","message":"{\"method\":\"GET\",\"url\":\"/api/v1/notifications/unread-count\",\"status\":\"304\",\"responseTime\":\"194.623\"}","timestamp":"2025-11-29T08:04:47.373Z"}
{"level":"\u001b[32minfo\u001b[39m","message":"{\"method\":\"GET\",\"url\":\"/api/v1/notifications/unread-count\",\"status\":\"304\",\"responseTime\":\"115.033\"}","timestamp":"2025-11-29T08:05:47.331Z"}
{"level":"\u001b[32minfo\u001b[39m","message":"{\"method\":\"GET\",\"url\":\"/api/v1/users/current-user\",\"status\":\"200\",\"responseTime\":\"48.439\"}","timestamp":"2025-11-29T08:06:18.277Z"}
{"level":"\u001b[32minfo\u001b[39m","message":"{\"method\":\"GET\",\"url\":\"/api/v1/users/theme\",\"status\":\"304\",\"responseTime\":\"130.597\"}","timestamp":"2025-11-29T08:06:18.423Z"}
{"level":"\u001b[32minfo\u001b[39m","message":"{\"method\":\"GET\",\"url\":\"/api/v1/notifications/unread-count\",\"status\":\"304\",\"responseTime\":\"382.331\"}","timestamp":"2025-11-29T08:06:18.857Z"}
{"level":"\u001b[32minfo\u001b[39m","message":"{\"method\":\"GET\",\"url\":\"/api/v1/videos/6928961613409b594dc01255\",\"status\":\"201\",\"responseTime\":\"752.111\"}","timestamp":"2025-11-29T08:06:19.227Z"}
{"level":"\u001b[32minfo\u001b[39m","message":"{\"method\":\"GET\",\"url\":\"/api/v1/notifications/unread-count\",\"status\":\"304\",\"responseTime\":\"488.477\"}","timestamp":"2025-11-29T08:06:19.351Z"}
{"level":"\u001b[32minfo\u001b[39m","message":"{\"method\":\"GET\",\"url\":\"/api/v1/videos/6928961613409b594dc01255\",\"status\":\"201\",\"responseTime\":\"159.236\"}","timestamp":"2025-11-29T08:06:19.449Z"}
{"level":"\u001b[32minfo\u001b[39m","message":"{\"method\":\"GET\",\"url\":\"/api/v1/comments/6928961613409b594dc01255\",\"status\":\"201\",\"responseTime\":\"204.525\"}","timestamp":"2025-11-29T08:06:19.549Z"}
{"level":"\u001b[32minfo\u001b[39m","message":"{\"method\":\"GET\",\"url\":\"/api/v1/comments/6928961613409b594dc01255\",\"status\":\"201\",\"responseTime\":\"404.379\"}","timestamp":"2025-11-29T08:06:19.961Z"}
{"0":"6928961613409b594dc01255","1":"692898da696e5d9c996d3046","2":"6928997c696e5d9c996d304b","level":"\u001b[32minfo\u001b[39m","message":"Updated watch history: ","timestamp":"2025-11-29T08:06:19.962Z"}
{"level":"\u001b[32minfo\u001b[39m","message":"{\"method\":\"PATCH\",\"url\":\"/api/v1/users/history/add/6928961613409b594dc01255\",\"status\":\"200\",\"responseTime\":\"393.329\"}","timestamp":"2025-11-29T08:06:19.963Z"}
{"level":"\u001b[32minfo\u001b[39m","message":"{\"method\":\"PATCH\",\"url\":\"/api/v1/videos/views/6928961613409b594dc01255\",\"status\":\"200\",\"responseTime\":\"158.023\"}","timestamp":"2025-11-29T08:06:20.142Z"}
{"0":"6928961613409b594dc01255","1":"692898da696e5d9c996d3046","2":"6928997c696e5d9c996d304b","level":"\u001b[32minfo\u001b[39m","message":"Updated watch history: ","timestamp":"2025-11-29T08:06:20.184Z"}
{"level":"\u001b[32minfo\u001b[39m","message":"{\"method\":\"PATCH\",\"url\":\"/api/v1/users/history/add/6928961613409b594dc01255\",\"status\":\"200\",\"responseTime\":\"208.600\"}","timestamp":"2025-11-29T08:06:20.185Z"}
{"level":"\u001b[32minfo\u001b[39m","message":"{\"method\":\"PATCH\",\"url\":\"/api/v1/videos/views/6928961613409b594dc01255\",\"status\":\"200\",\"responseTime\":\"171.903\"}","timestamp":"2025-11-29T08:06:20.372Z"}
{"level":"\u001b[32minfo\u001b[39m","message":"{\"method\":\"GET\",\"url\":\"/api/v1/notifications/unread-count\",\"status\":\"304\",\"responseTime\":\"106.742\"}","timestamp":"2025-11-29T08:07:12.906Z"}
{"level":"\u001b[32minfo\u001b[39m","message":"{\"method\":\"GET\",\"url\":\"/api/v1/videos/6928961613409b594dc01255\",\"status\":\"201\",\"responseTime\":\"135.398\"}","timestamp":"2025-11-29T08:07:12.948Z"}
{"level":"\u001b[32minfo\u001b[39m","message":"{\"method\":\"GET\",\"url\":\"/api/v1/notifications/unread-count\",\"status\":\"304\",\"responseTime\":\"85.337\"}","timestamp":"2025-11-29T08:07:13.006Z"}
{"level":"\u001b[32minfo\u001b[39m","message":"{\"method\":\"GET\",\"url\":\"/api/v1/videos/6928961613409b594dc01255\",\"status\":\"201\",\"responseTime\":\"147.832\"}","timestamp":"2025-11-29T08:07:13.108Z"}
{"level":"\u001b[32minfo\u001b[39m","message":"{\"method\":\"GET\",\"url\":\"/api/v1/comments/6928961613409b594dc01255\",\"status\":\"201\",\"responseTime\":\"179.210\"}","timestamp":"2025-11-29T08:07:13.157Z"}
{"level":"\u001b[32minfo\u001b[39m","message":"{\"method\":\"GET\",\"url\":\"/api/v1/comments/6928961613409b594dc01255\",\"status\":\"201\",\"responseTime\":\"264.211\"}","timestamp":"2025-11-29T08:07:13.428Z"}
{"0":"6928961613409b594dc01255","1":"692898da696e5d9c996d3046","2":"6928997c696e5d9c996d304b","level":"\u001b[32minfo\u001b[39m","message":"Updated watch history: ","timestamp":"2025-11-29T08:07:13.431Z"}
{"level":"\u001b[32minfo\u001b[39m","message":"{\"method\":\"PATCH\",\"url\":\"/api/v1/users/history/add/6928961613409b594dc01255\",\"status\":\"200\",\"responseTime\":\"260.005\"}","timestamp":"2025-11-29T08:07:13.434Z"}
{"level":"\u001b[32minfo\u001b[39m","message":"{\"method\":\"PATCH\",\"url\":\"/api/v1/videos/views/6928961613409b594dc01255\",\"status\":\"200\",\"responseTime\":\"98.837\"}","timestamp":"2025-11-29T08:07:13.591Z"}
{"0":"6928961613409b594dc01255","1":"692898da696e5d9c996d3046","2":"6928997c696e5d9c996d304b","level":"\u001b[32minfo\u001b[39m","message":"Updated watch history: ","timestamp":"2025-11-29T08:07:13.724Z"}
{"level":"\u001b[32minfo\u001b[39m","message":"{\"method\":\"PATCH\",\"url\":\"/api/v1/users/history/add/6928961613409b594dc01255\",\"status\":\"200\",\"responseTime\":\"228.109\"}","timestamp":"2025-11-29T08:07:13.726Z"}
{"level":"\u001b[32minfo\u001b[39m","message":"{\"method\":\"PATCH\",\"url\":\"/api/v1/videos/views/6928961613409b594dc01255\",\"status\":\"200\",\"responseTime\":\"128.120\"}","timestamp":"2025-11-29T08:07:15.007Z"}
{"level":"\u001b[32minfo\u001b[39m","message":"{\"method\":\"GET\",\"url\":\"/api/v1/notifications/unread-count\",\"status\":\"304\",\"responseTime\":\"118.033\"}","timestamp":"2025-11-29T08:08:13.339Z"}
{"level":"\u001b[32minfo\u001b[39m","message":"{\"method\":\"GET\",\"url\":\"/api/v1/notifications/unread-count\",\"status\":\"304\",\"responseTime\":\"216.035\"}","timestamp":"2025-11-29T08:09:13.438Z"}
{"level":"\u001b[32minfo\u001b[39m","message":"{\"method\":\"GET\",\"url\":\"/api/v1/notifications/unread-count\",\"status\":\"304\",\"responseTime\":\"341.515\"}","timestamp":"2025-11-29T08:10:13.549Z"}
{"level":"\u001b[32minfo\u001b[39m","message":"{\"method\":\"GET\",\"url\":\"/api/v1/notifications/unread-count\",\"status\":\"304\",\"responseTime\":\"250.687\"}","timestamp":"2025-11-29T08:11:13.460Z"}
{"level":"\u001b[32minfo\u001b[39m","message":"{\"method\":\"GET\",\"url\":\"/api/v1/notifications/unread-count\",\"status\":\"304\",\"responseTime\":\"158.934\"}","timestamp":"2025-11-29T08:12:13.367Z"}
{"level":"\u001b[32minfo\u001b[39m","message":"{\"method\":\"GET\",\"url\":\"/api/v1/notifications/unread-count\",\"status\":\"304\",\"responseTime\":\"164.078\"}","timestamp":"2025-11-29T08:13:13.378Z"}
{"level":"\u001b[32minfo\u001b[39m","message":"{\"method\":\"GET\",\"url\":\"/api/v1/users/current-user\",\"status\":\"200\",\"responseTime\":\"52.183\"}","timestamp":"2025-11-29T08:14:27.278Z"}
{"level":"\u001b[32minfo\u001b[39m","message":"{\"method\":\"GET\",\"url\":\"/api/v1/users/theme\",\"status\":\"304\",\"responseTime\":\"42.016\"}","timestamp":"2025-11-29T08:14:27.331Z"}
{"level":"\u001b[32minfo\u001b[39m","message":"{\"method\":\"GET\",\"url\":\"/api/v1/notifications/unread-count\",\"status\":\"304\",\"responseTime\":\"158.930\"}","timestamp":"2025-11-29T08:14:27.525Z"}
{"level":"\u001b[32minfo\u001b[39m","message":"{\"method\":\"GET\",\"url\":\"/api/v1/videos/6928961613409b594dc01255\",\"status\":\"201\",\"responseTime\":\"263.979\"}","timestamp":"2025-11-29T08:14:27.630Z"}
{"level":"\u001b[32minfo\u001b[39m","message":"{\"method\":\"GET\",\"url\":\"/api/v1/notifications/unread-count\",\"status\":\"304\",\"responseTime\":\"143.958\"}","timestamp":"2025-11-29T08:14:27.675Z"}
{"level":"\u001b[32minfo\u001b[39m","message":"{\"method\":\"GET\",\"url\":\"/api/v1/videos/6928961613409b594dc01255\",\"status\":\"201\",\"responseTime\":\"117.466\"}","timestamp":"2025-11-29T08:14:27.763Z"}
{"level":"\u001b[32minfo\u001b[39m","message":"{\"method\":\"GET\",\"url\":\"/api/v1/comments/6928961613409b594dc01255\",\"status\":\"201\",\"responseTime\":\"152.138\"}","timestamp":"2025-11-29T08:14:27.808Z"}
{"level":"\u001b[32minfo\u001b[39m","message":"{\"method\":\"GET\",\"url\":\"/api/v1/comments/6928961613409b594dc01255\",\"status\":\"201\",\"responseTime\":\"283.270\"}","timestamp":"2025-11-29T08:14:28.098Z"}
{"0":"6928961613409b594dc01255","1":"692898da696e5d9c996d3046","2":"6928997c696e5d9c996d304b","level":"\u001b[32minfo\u001b[39m","message":"Updated watch history: ","timestamp":"2025-11-29T08:14:28.100Z"}
{"level":"\u001b[32minfo\u001b[39m","message":"{\"method\":\"PATCH\",\"url\":\"/api/v1/users/history/add/6928961613409b594dc01255\",\"status\":\"200\",\"responseTime\":\"277.758\"}","timestamp":"2025-11-29T08:14:28.101Z"}
{"level":"\u001b[32minfo\u001b[39m","message":"{\"method\":\"PATCH\",\"url\":\"/api/v1/videos/views/6928961613409b594dc01255\",\"status\":\"200\",\"responseTime\":\"200.298\"}","timestamp":"2025-11-29T08:14:28.342Z"}
{"0":"6928961613409b594dc01255","1":"692898da696e5d9c996d3046","2":"6928997c696e5d9c996d304b","level":"\u001b[32minfo\u001b[39m","message":"Updated watch history: ","timestamp":"2025-11-29T08:14:28.376Z"}
{"level":"\u001b[32minfo\u001b[39m","message":"{\"method\":\"PATCH\",\"url\":\"/api/v1/users/history/add/6928961613409b594dc01255\",\"status\":\"200\",\"responseTime\":\"238.604\"}","timestamp":"2025-11-29T08:14:28.377Z"}
{"level":"\u001b[32minfo\u001b[39m","message":"{\"method\":\"PATCH\",\"url\":\"/api/v1/videos/views/6928961613409b594dc01255\",\"status\":\"200\",\"responseTime\":\"261.512\"}","timestamp":"2025-11-29T08:14:28.648Z"}
{"level":"\u001b[32minfo\u001b[39m","message":"{\"method\":\"GET\",\"url\":\"/api/v1/notifications/unread-count\",\"status\":\"304\",\"responseTime\":\"120.591\"}","timestamp":"2025-11-29T08:15:28.352Z"}
{"level":"\u001b[32minfo\u001b[39m","message":"{\"method\":\"GET\",\"url\":\"/api/v1/users/current-user\",\"status\":\"200\",\"responseTime\":\"54.927\"}","timestamp":"2025-11-29T08:15:38.992Z"}
{"level":"\u001b[32minfo\u001b[39m","message":"{\"method\":\"GET\",\"url\":\"/api/v1/users/current-user\",\"status\":\"304\",\"responseTime\":\"99.244\"}","timestamp":"2025-11-29T08:15:39.098Z"}
{"level":"\u001b[32minfo\u001b[39m","message":"{\"method\":\"GET\",\"url\":\"/api/v1/users/theme\",\"status\":\"304\",\"responseTime\":\"70.991\"}","timestamp":"2025-11-29T08:15:39.155Z"}
{"level":"\u001b[32minfo\u001b[39m","message":"{\"method\":\"GET\",\"url\":\"/api/v1/users/theme\",\"status\":\"304\",\"responseTime\":\"137.409\"}","timestamp":"2025-11-29T08:15:39.299Z"}
{"level":"\u001b[32minfo\u001b[39m","message":"{\"method\":\"GET\",\"url\":\"/api/v1/notifications/unread-count\",\"status\":\"304\",\"responseTime\":\"83.728\"}","timestamp":"2025-11-29T08:15:39.359Z"}
{"level":"\u001b[32minfo\u001b[39m","message":"{\"method\":\"GET\",\"url\":\"/api/v1/tweets/\",\"status\":\"304\",\"responseTime\":\"81.114\"}","timestamp":"2025-11-29T08:15:39.363Z"}
{"level":"\u001b[32minfo\u001b[39m","message":"{\"method\":\"GET\",\"url\":\"/api/v1/videos/\",\"status\":\"200\",\"responseTime\":\"87.563\"}","timestamp":"2025-11-29T08:15:39.368Z"}
{"level":"\u001b[32minfo\u001b[39m","message":"{\"method\":\"GET\",\"url\":\"/api/v1/tweets/\",\"status\":\"304\",\"responseTime\":\"73.036\"}","timestamp":"2025-11-29T08:15:39.449Z"}
{"level":"\u001b[32minfo\u001b[39m","message":"{\"method\":\"GET\",\"url\":\"/api/v1/notifications/unread-count\",\"status\":\"304\",\"responseTime\":\"80.044\"}","timestamp":"2025-11-29T08:15:39.450Z"}
{"level":"\u001b[32minfo\u001b[39m","message":"{\"method\":\"GET\",\"url\":\"/api/v1/videos/\",\"status\":\"304\",\"responseTime\":\"73.587\"}","timestamp":"2025-11-29T08:15:39.454Z"}
{"level":"\u001b[32minfo\u001b[39m","message":"{\"method\":\"GET\",\"url\":\"/api/v1/users/current-user\",\"status\":\"304\",\"responseTime\":\"65.815\"}","timestamp":"2025-11-29T08:15:39.971Z"}
{"level":"\u001b[32minfo\u001b[39m","message":"{\"method\":\"GET\",\"url\":\"/api/v1/users/current-user\",\"status\":\"304\",\"responseTime\":\"51.525\"}","timestamp":"2025-11-29T08:15:40.028Z"}
{"level":"\u001b[32minfo\u001b[39m","message":"{\"method\":\"GET\",\"url\":\"/api/v1/users/theme\",\"status\":\"304\",\"responseTime\":\"76.614\"}","timestamp":"2025-11-29T08:15:40.086Z"}
{"level":"\u001b[32minfo\u001b[39m","message":"{\"method\":\"GET\",\"url\":\"/api/v1/users/theme\",\"status\":\"304\",\"responseTime\":\"58.807\"}","timestamp":"2025-11-29T08:15:40.150Z"}
{"level":"\u001b[32minfo\u001b[39m","message":"{\"method\":\"GET\",\"url\":\"/api/v1/notifications/unread-count\",\"status\":\"304\",\"responseTime\":\"188.865\"}","timestamp":"2025-11-29T08:15:40.326Z"}
{"level":"\u001b[32minfo\u001b[39m","message":"{\"method\":\"GET\",\"url\":\"/api/v1/videos/6928961613409b594dc01255\",\"status\":\"201\",\"responseTime\":\"290.399\"}","timestamp":"2025-11-29T08:15:40.427Z"}
{"level":"\u001b[32minfo\u001b[39m","message":"{\"method\":\"GET\",\"url\":\"/api/v1/notifications/unread-count\",\"status\":\"304\",\"responseTime\":\"145.989\"}","timestamp":"2025-11-29T08:15:40.478Z"}
{"level":"\u001b[32minfo\u001b[39m","message":"{\"method\":\"GET\",\"url\":\"/api/v1/videos/6928961613409b594dc01255\",\"status\":\"201\",\"responseTime\":\"132.520\"}","timestamp":"2025-11-29T08:15:40.567Z"}
{"level":"\u001b[32minfo\u001b[39m","message":"{\"method\":\"GET\",\"url\":\"/api/v1/comments/6928961613409b594dc01255\",\"status\":\"201\",\"responseTime\":\"172.929\"}","timestamp":"2025-11-29T08:15:40.614Z"}
{"level":"\u001b[32minfo\u001b[39m","message":"{\"method\":\"GET\",\"url\":\"/api/v1/comments/6928961613409b594dc01255\",\"status\":\"201\",\"responseTime\":\"421.511\"}","timestamp":"2025-11-29T08:15:41.042Z"}
{"0":"6928961613409b594dc01255","1":"692898da696e5d9c996d3046","2":"6928997c696e5d9c996d304b","level":"\u001b[32minfo\u001b[39m","message":"Updated watch history: ","timestamp":"2025-11-29T08:15:41.044Z"}
{"level":"\u001b[32minfo\u001b[39m","message":"{\"method\":\"PATCH\",\"url\":\"/api/v1/users/history/add/6928961613409b594dc01255\",\"status\":\"200\",\"responseTime\":\"421.194\"}","timestamp":"2025-11-29T08:15:41.046Z"}
{"level":"\u001b[32minfo\u001b[39m","message":"{\"method\":\"PATCH\",\"url\":\"/api/v1/videos/views/6928961613409b594dc01255\",\"status\":\"200\",\"responseTime\":\"283.622\"}","timestamp":"2025-11-29T08:15:41.347Z"}
{"0":"6928961613409b594dc01255","1":"692898da696e5d9c996d3046","2":"6928997c696e5d9c996d304b","level":"\u001b[32minfo\u001b[39m","message":"Updated watch history: ","timestamp":"2025-11-29T08:15:41.413Z"}
{"level":"\u001b[32minfo\u001b[39m","message":"{\"method\":\"PATCH\",\"url\":\"/api/v1/users/history/add/6928961613409b594dc01255\",\"status\":\"200\",\"responseTime\":\"361.103\"}","timestamp":"2025-11-29T08:15:41.418Z"}
{"level":"\u001b[32minfo\u001b[39m","message":"{\"method\":\"PATCH\",\"url\":\"/api/v1/videos/views/6928961613409b594dc01255\",\"status\":\"200\",\"responseTime\":\"318.688\"}","timestamp":"2025-11-29T08:15:41.757Z"}
{"level":"\u001b[32minfo\u001b[39m","message":"{\"method\":\"GET\",\"url\":\"/api/v1/users/current-user\",\"status\":\"200\",\"responseTime\":\"54.982\"}","timestamp":"2025-11-29T08:16:08.283Z"}
{"level":"\u001b[32minfo\u001b[39m","message":"{\"method\":\"GET\",\"url\":\"/api/v1/users/theme\",\"status\":\"304\",\"responseTime\":\"44.303\"}","timestamp":"2025-11-29T08:16:08.341Z"}
{"level":"\u001b[32minfo\u001b[39m","message":"{\"method\":\"GET\",\"url\":\"/api/v1/notifications/unread-count\",\"status\":\"304\",\"responseTime\":\"185.007\"}","timestamp":"2025-11-29T08:16:08.592Z"}
{"level":"\u001b[32minfo\u001b[39m","message":"{\"method\":\"GET\",\"url\":\"/api/v1/videos/6928961613409b594dc01255\",\"status\":\"201\",\"responseTime\":\"237.228\"}","timestamp":"2025-11-29T08:16:08.644Z"}
{"level":"\u001b[32minfo\u001b[39m","message":"{\"method\":\"GET\",\"url\":\"/api/v1/notifications/unread-count\",\"status\":\"304\",\"responseTime\":\"115.887\"}","timestamp":"2025-11-29T08:16:08.712Z"}
{"level":"\u001b[32minfo\u001b[39m","message":"{\"method\":\"GET\",\"url\":\"/api/v1/videos/6928961613409b594dc01255\",\"status\":\"201\",\"responseTime\":\"250.889\"}","timestamp":"2025-11-29T08:16:08.901Z"}
{"level":"\u001b[32minfo\u001b[39m","message":"{\"method\":\"GET\",\"url\":\"/api/v1/comments/6928961613409b594dc01255\",\"status\":\"201\",\"responseTime\":\"290.513\"}","timestamp":"2025-11-29T08:16:08.947Z"}
{"level":"\u001b[32minfo\u001b[39m","message":"{\"method\":\"GET\",\"url\":\"/api/v1/comments/6928961613409b594dc01255\",\"status\":\"201\",\"responseTime\":\"181.364\"}","timestamp":"2025-11-29T08:16:09.135Z"}
{"0":"6928961613409b594dc01255","1":"692898da696e5d9c996d3046","2":"6928997c696e5d9c996d304b","level":"\u001b[32minfo\u001b[39m","message":"Updated watch history: ","timestamp":"2025-11-29T08:16:09.140Z"}
{"level":"\u001b[32minfo\u001b[39m","message":"{\"method\":\"PATCH\",\"url\":\"/api/v1/users/history/add/6928961613409b594dc01255\",\"status\":\"200\",\"responseTime\":\"181.879\"}","timestamp":"2025-11-29T08:16:09.141Z"}
{"level":"\u001b[32minfo\u001b[39m","message":"{\"method\":\"PATCH\",\"url\":\"/api/v1/videos/views/6928961613409b594dc01255\",\"status\":\"200\",\"responseTime\":\"152.259\"}","timestamp":"2025-11-29T08:16:09.307Z"}
{"0":"6928961613409b594dc01255","1":"692898da696e5d9c996d3046","2":"6928997c696e5d9c996d304b","level":"\u001b[32minfo\u001b[39m","message":"Updated watch history: ","timestamp":"2025-11-29T08:16:09.350Z"}
{"level":"\u001b[32minfo\u001b[39m","message":"{\"method\":\"PATCH\",\"url\":\"/api/v1/users/history/add/6928961613409b594dc01255\",\"status\":\"200\",\"responseTime\":\"205.365\"}","timestamp":"2025-11-29T08:16:09.352Z"}
{"level":"\u001b[32minfo\u001b[39m","message":"{\"method\":\"PATCH\",\"url\":\"/api/v1/videos/views/6928961613409b594dc01255\",\"status\":\"200\",\"responseTime\":\"249.060\"}","timestamp":"2025-11-29T08:16:09.611Z"}
{"level":"\u001b[32minfo\u001b[39m","message":"{\"method\":\"GET\",\"url\":\"/api/v1/notifications/unread-count\",\"status\":\"304\",\"responseTime\":\"221.125\"}","timestamp":"2025-11-29T08:17:09.427Z"}
{"level":"\u001b[32minfo\u001b[39m","message":"{\"method\":\"GET\",\"url\":\"/api/v1/notifications/unread-count\",\"status\":\"304\",\"responseTime\":\"230.892\"}","timestamp":"2025-11-29T08:18:09.438Z"}
{"level":"\u001b[32minfo\u001b[39m","message":"{\"method\":\"GET\",\"url\":\"/api/v1/notifications/unread-count\",\"status\":\"304\",\"responseTime\":\"240.142\"}","timestamp":"2025-11-29T08:19:09.447Z"}
{"level":"\u001b[32minfo\u001b[39m","message":"{\"method\":\"GET\",\"url\":\"/api/v1/users/current-user\",\"status\":\"200\",\"responseTime\":\"121.483\"}","timestamp":"2025-11-29T08:21:29.337Z"}
{"level":"\u001b[32minfo\u001b[39m","message":"{\"method\":\"GET\",\"url\":\"/api/v1/users/current-user\",\"status\":\"304\",\"responseTime\":\"100.364\"}","timestamp":"2025-11-29T08:21:29.442Z"}
{"level":"\u001b[32minfo\u001b[39m","message":"{\"method\":\"GET\",\"url\":\"/api/v1/users/theme\",\"status\":\"304\",\"responseTime\":\"97.664\"}","timestamp":"2025-11-29T08:21:29.444Z"}
{"level":"\u001b[32minfo\u001b[39m","message":"{\"method\":\"GET\",\"url\":\"/api/v1/users/theme\",\"status\":\"304\",\"responseTime\":\"43.904\"}","timestamp":"2025-11-29T08:21:29.499Z"}
{"level":"\u001b[32minfo\u001b[39m","message":"{\"method\":\"GET\",\"url\":\"/api/v1/notifications/unread-count\",\"status\":\"304\",\"responseTime\":\"164.131\"}","timestamp":"2025-11-29T08:21:29.646Z"}
{"level":"\u001b[32minfo\u001b[39m","message":"{\"method\":\"GET\",\"url\":\"/api/v1/videos/6928961613409b594dc01255\",\"status\":\"201\",\"responseTime\":\"268.031\"}","timestamp":"2025-11-29T08:21:29.750Z"}
{"level":"\u001b[32minfo\u001b[39m","message":"{\"method\":\"GET\",\"url\":\"/api/v1/notifications/unread-count\",\"status\":\"304\",\"responseTime\":\"133.017\"}","timestamp":"2025-11-29T08:21:29.785Z"}
{"level":"\u001b[32minfo\u001b[39m","message":"{\"method\":\"GET\",\"url\":\"/api/v1/videos/6928961613409b594dc01255\",\"status\":\"201\",\"responseTime\":\"196.237\"}","timestamp":"2025-11-29T08:21:29.952Z"}
{"level":"\u001b[32minfo\u001b[39m","message":"{\"method\":\"GET\",\"url\":\"/api/v1/comments/6928961613409b594dc01255\",\"status\":\"201\",\"responseTime\":\"251.493\"}","timestamp":"2025-11-29T08:21:30.015Z"}
{"level":"\u001b[32minfo\u001b[39m","message":"{\"method\":\"GET\",\"url\":\"/api/v1/comments/6928961613409b594dc01255\",\"status\":\"201\",\"responseTime\":\"350.688\"}","timestamp":"2025-11-29T08:21:30.373Z"}
{"0":"6928961613409b594dc01255","1":"692898da696e5d9c996d3046","2":"6928997c696e5d9c996d304b","level":"\u001b[32minfo\u001b[39m","message":"Updated watch history: ","timestamp":"2025-11-29T08:21:30.465Z"}
{"level":"\u001b[32minfo\u001b[39m","message":"{\"method\":\"PATCH\",\"url\":\"/api/v1/users/history/add/6928961613409b594dc01255\",\"status\":\"200\",\"responseTime\":\"431.989\"}","timestamp":"2025-11-29T08:21:30.467Z"}
{"level":"\u001b[32minfo\u001b[39m","message":"{\"method\":\"PATCH\",\"url\":\"/api/v1/videos/views/6928961613409b594dc01255\",\"status\":\"200\",\"responseTime\":\"291.982\"}","timestamp":"2025-11-29T08:21:30.772Z"}
{"0":"6928961613409b594dc01255","1":"692898da696e5d9c996d3046","2":"6928997c696e5d9c996d304b","level":"\u001b[32minfo\u001b[39m","message":"Updated watch history: ","timestamp":"2025-11-29T08:21:30.773Z"}
{"level":"\u001b[32minfo\u001b[39m","message":"{\"method\":\"PATCH\",\"url\":\"/api/v1/users/history/add/6928961613409b594dc01255\",\"status\":\"200\",\"responseTime\":\"388.953\"}","timestamp":"2025-11-29T08:21:30.774Z"}
{"level":"\u001b[32minfo\u001b[39m","message":"{\"method\":\"PATCH\",\"url\":\"/api/v1/videos/views/6928961613409b594dc01255\",\"status\":\"200\",\"responseTime\":\"197.541\"}","timestamp":"2025-11-29T08:21:30.988Z"}
{"level":"\u001b[32minfo\u001b[39m","message":"{\"method\":\"GET\",\"url\":\"/api/v1/users/current-user\",\"status\":\"200\",\"responseTime\":\"89.023\"}","timestamp":"2025-11-29T08:21:41.320Z"}
{"level":"\u001b[32minfo\u001b[39m","message":"{\"method\":\"GET\",\"url\":\"/api/v1/users/theme\",\"status\":\"304\",\"responseTime\":\"87.871\"}","timestamp":"2025-11-29T08:21:41.422Z"}
{"level":"\u001b[32minfo\u001b[39m","message":"{\"method\":\"GET\",\"url\":\"/api/v1/notifications/unread-count\",\"status\":\"304\",\"responseTime\":\"165.321\"}","timestamp":"2025-11-29T08:21:41.629Z"}
{"level":"\u001b[32minfo\u001b[39m","message":"{\"method\":\"GET\",\"url\":\"/api/v1/videos/6928961613409b594dc01255\",\"status\":\"201\",\"responseTime\":\"236.682\"}","timestamp":"2025-11-29T08:21:41.700Z"}
{"level":"\u001b[32minfo\u001b[39m","message":"{\"method\":\"GET\",\"url\":\"/api/v1/notifications/unread-count\",\"status\":\"304\",\"responseTime\":\"113.805\"}","timestamp":"2025-11-29T08:21:41.749Z"}
{"level":"\u001b[32minfo\u001b[39m","message":"{\"method\":\"GET\",\"url\":\"/api/v1/videos/6928961613409b594dc01255\",\"status\":\"201\",\"responseTime\":\"214.760\"}","timestamp":"2025-11-29T08:21:41.921Z"}
{"level":"\u001b[32minfo\u001b[39m","message":"{\"method\":\"GET\",\"url\":\"/api/v1/comments/6928961613409b594dc01255\",\"status\":\"201\",\"responseTime\":\"238.230\"}","timestamp":"2025-11-29T08:21:41.951Z"}
{"level":"\u001b[32minfo\u001b[39m","message":"{\"method\":\"GET\",\"url\":\"/api/v1/comments/6928961613409b594dc01255\",\"status\":\"201\",\"responseTime\":\"284.145\"}","timestamp":"2025-11-29T08:21:42.241Z"}
{"0":"6928961613409b594dc01255","1":"692898da696e5d9c996d3046","2":"6928997c696e5d9c996d304b","level":"\u001b[32minfo\u001b[39m","message":"Updated watch history: ","timestamp":"2025-11-29T08:21:42.242Z"}
{"level":"\u001b[32minfo\u001b[39m","message":"{\"method\":\"PATCH\",\"url\":\"/api/v1/users/history/add/6928961613409b594dc01255\",\"status\":\"200\",\"responseTime\":\"280.599\"}","timestamp":"2025-11-29T08:21:42.243Z"}
{"level":"\u001b[32minfo\u001b[39m","message":"{\"method\":\"PATCH\",\"url\":\"/api/v1/videos/views/6928961613409b594dc01255\",\"status\":\"200\",\"responseTime\":\"289.246\"}","timestamp":"2025-11-29T08:21:42.548Z"}
{"0":"6928961613409b594dc01255","1":"692898da696e5d9c996d3046","2":"6928997c696e5d9c996d304b","level":"\u001b[32minfo\u001b[39m","message":"Updated watch history: ","timestamp":"2025-11-29T08:21:42.586Z"}
{"level":"\u001b[32minfo\u001b[39m","message":"{\"method\":\"PATCH\",\"url\":\"/api/v1/users/history/add/6928961613409b594dc01255\",\"status\":\"200\",\"responseTime\":\"332.229\"}","timestamp":"2025-11-29T08:21:42.587Z"}
{"level":"\u001b[32minfo\u001b[39m","message":"{\"method\":\"PATCH\",\"url\":\"/api/v1/videos/views/6928961613409b594dc01255\",\"status\":\"200\",\"responseTime\":\"237.866\"}","timestamp":"2025-11-29T08:21:42.837Z"}
{"level":"\u001b[32minfo\u001b[39m","message":"{\"method\":\"GET\",\"url\":\"/api/v1/users/current-user\",\"status\":\"200\",\"responseTime\":\"88.326\"}","timestamp":"2025-11-29T08:22:30.679Z"}
{"level":"\u001b[32minfo\u001b[39m","message":"{\"method\":\"GET\",\"url\":\"/api/v1/users/current-user\",\"status\":\"304\",\"responseTime\":\"35.169\"}","timestamp":"2025-11-29T08:22:30.722Z"}
{"level":"\u001b[32minfo\u001b[39m","message":"{\"method\":\"GET\",\"url\":\"/api/v1/users/theme\",\"status\":\"304\",\"responseTime\":\"83.834\"}","timestamp":"2025-11-29T08:22:30.791Z"}
{"level":"\u001b[32minfo\u001b[39m","message":"{\"method\":\"GET\",\"url\":\"/api/v1/users/theme\",\"status\":\"304\",\"responseTime\":\"63.762\"}","timestamp":"2025-11-29T08:22:30.860Z"}
{"level":"\u001b[32minfo\u001b[39m","message":"{\"method\":\"GET\",\"url\":\"/api/v1/notifications/unread-count\",\"status\":\"304\",\"responseTime\":\"127.092\"}","timestamp":"2025-11-29T08:22:30.972Z"}
{"level":"\u001b[32minfo\u001b[39m","message":"{\"method\":\"GET\",\"url\":\"/api/v1/videos/6928961613409b594dc01255\",\"status\":\"201\",\"responseTime\":\"247.786\"}","timestamp":"2025-11-29T08:22:31.093Z"}
{"level":"\u001b[32minfo\u001b[39m","message":"{\"method\":\"GET\",\"url\":\"/api/v1/notifications/unread-count\",\"status\":\"304\",\"responseTime\":\"169.994\"}","timestamp":"2025-11-29T08:22:31.148Z"}
{"level":"\u001b[32minfo\u001b[39m","message":"{\"method\":\"GET\",\"url\":\"/api/v1/videos/6928961613409b594dc01255\",\"status\":\"201\",\"responseTime\":\"203.999\"}","timestamp":"2025-11-29T08:22:31.304Z"}
{"level":"\u001b[32minfo\u001b[39m","message":"{\"method\":\"GET\",\"url\":\"/api/v1/comments/6928961613409b594dc01255\",\"status\":\"201\",\"responseTime\":\"249.031\"}","timestamp":"2025-11-29T08:22:31.353Z"}
{"level":"\u001b[32minfo\u001b[39m","message":"{\"method\":\"GET\",\"url\":\"/api/v1/comments/6928961613409b594dc01255\",\"status\":\"201\",\"responseTime\":\"446.114\"}","timestamp":"2025-11-29T08:22:31.808Z"}
{"0":"6928961613409b594dc01255","1":"692898da696e5d9c996d3046","2":"6928997c696e5d9c996d304b","level":"\u001b[32minfo\u001b[39m","message":"Updated watch history: ","timestamp":"2025-11-29T08:22:31.810Z"}
{"level":"\u001b[32minfo\u001b[39m","message":"{\"method\":\"PATCH\",\"url\":\"/api/v1/users/history/add/6928961613409b594dc01255\",\"status\":\"200\",\"responseTime\":\"445.434\"}","timestamp":"2025-11-29T08:22:31.811Z"}
{"level":"\u001b[32minfo\u001b[39m","message":"{\"method\":\"PATCH\",\"url\":\"/api/v1/videos/views/6928961613409b594dc01255\",\"status\":\"200\",\"responseTime\":\"285.581\"}","timestamp":"2025-11-29T08:22:32.112Z"}
{"0":"6928961613409b594dc01255","1":"692898da696e5d9c996d3046","2":"6928997c696e5d9c996d304b","level":"\u001b[32minfo\u001b[39m","message":"Updated watch history: ","timestamp":"2025-11-29T08:22:32.179Z"}
{"level":"\u001b[32minfo\u001b[39m","message":"{\"method\":\"PATCH\",\"url\":\"/api/v1/users/history/add/6928961613409b594dc01255\",\"status\":\"200\",\"responseTime\":\"358.581\"}","timestamp":"2025-11-29T08:22:32.181Z"}
{"level":"\u001b[32minfo\u001b[39m","message":"{\"method\":\"PATCH\",\"url\":\"/api/v1/videos/views/6928961613409b594dc01255\",\"status\":\"200\",\"responseTime\":\"179.179\"}","timestamp":"2025-11-29T08:22:32.730Z"}
{"level":"\u001b[32minfo\u001b[39m","message":"{\"method\":\"GET\",\"url\":\"/api/v1/notifications/unread-count\",\"status\":\"304\",\"responseTime\":\"291.996\"}","timestamp":"2025-11-29T08:23:31.509Z"}
{"level":"\u001b[32minfo\u001b[39m","message":"{\"method\":\"GET\",\"url\":\"/api/v1/notifications/unread-count\",\"status\":\"304\",\"responseTime\":\"165.052\"}","timestamp":"2025-11-29T08:24:31.417Z"}
{"level":"\u001b[32minfo\u001b[39m","message":"{\"method\":\"GET\",\"url\":\"/api/v1/notifications/unread-count\",\"status\":\"304\",\"responseTime\":\"209.585\"}","timestamp":"2025-11-29T08:25:31.424Z"}
{"level":"\u001b[32minfo\u001b[39m","message":"{\"method\":\"GET\",\"url\":\"/api/v1/notifications/unread-count\",\"status\":\"304\",\"responseTime\":\"91.907\"}","timestamp":"2025-11-29T08:26:31.311Z"}
{"level":"\u001b[32minfo\u001b[39m","message":"{\"method\":\"GET\",\"url\":\"/api/v1/notifications/unread-count\",\"status\":\"304\",\"responseTime\":\"128.354\"}","timestamp":"2025-11-29T08:27:31.336Z"}
{"level":"\u001b[32minfo\u001b[39m","message":"{\"method\":\"GET\",\"url\":\"/api/v1/notifications/unread-count\",\"status\":\"304\",\"responseTime\":\"133.617\"}","timestamp":"2025-11-29T08:28:31.343Z"}
{"level":"\u001b[32minfo\u001b[39m","message":"{\"method\":\"GET\",\"url\":\"/api/v1/notifications/unread-count\",\"status\":\"304\",\"responseTime\":\"174.467\"}","timestamp":"2025-11-29T08:29:40.382Z"}
{"level":"\u001b[32minfo\u001b[39m","message":"{\"method\":\"GET\",\"url\":\"/api/v1/notifications/unread-count\",\"status\":\"304\",\"responseTime\":\"181.141\"}","timestamp":"2025-11-29T08:30:40.391Z"}
{"level":"\u001b[32minfo\u001b[39m","message":"{\"method\":\"GET\",\"url\":\"/api/v1/notifications/unread-count\",\"status\":\"304\",\"responseTime\":\"138.492\"}","timestamp":"2025-11-29T08:31:36.152Z"}
{"level":"\u001b[32minfo\u001b[39m","message":"{\"method\":\"GET\",\"url\":\"/api/v1/notifications/unread-count\",\"status\":\"304\",\"responseTime\":\"188.329\"}","timestamp":"2025-11-29T08:32:31.398Z"}
{"level":"\u001b[32minfo\u001b[39m","message":"{\"method\":\"GET\",\"url\":\"/api/v1/users/current-user\",\"status\":\"200\",\"responseTime\":\"67.014\"}","timestamp":"2025-11-29T08:33:06.119Z"}
{"level":"\u001b[32minfo\u001b[39m","message":"{\"method\":\"GET\",\"url\":\"/api/v1/users/current-user\",\"status\":\"304\",\"responseTime\":\"96.648\"}","timestamp":"2025-11-29T08:33:06.223Z"}
{"level":"\u001b[32minfo\u001b[39m","message":"{\"method\":\"GET\",\"url\":\"/api/v1/users/theme\",\"status\":\"304\",\"responseTime\":\"73.023\"}","timestamp":"2025-11-29T08:33:06.282Z"}
{"level":"\u001b[32minfo\u001b[39m","message":"{\"method\":\"GET\",\"url\":\"/api/v1/users/theme\",\"status\":\"304\",\"responseTime\":\"95.882\"}","timestamp":"2025-11-29T08:33:06.388Z"}
{"level":"\u001b[32minfo\u001b[39m","message":"{\"method\":\"GET\",\"url\":\"/api/v1/notifications/unread-count\",\"status\":\"304\",\"responseTime\":\"166.710\"}","timestamp":"2025-11-29T08:33:06.540Z"}
{"level":"\u001b[32minfo\u001b[39m","message":"{\"method\":\"GET\",\"url\":\"/api/v1/videos/6928961613409b594dc01255\",\"status\":\"201\",\"responseTime\":\"256.793\"}","timestamp":"2025-11-29T08:33:06.630Z"}
{"level":"\u001b[32minfo\u001b[39m","message":"{\"method\":\"GET\",\"url\":\"/api/v1/notifications/unread-count\",\"status\":\"304\",\"responseTime\":\"118.626\"}","timestamp":"2025-11-29T08:33:06.665Z"}
{"level":"\u001b[32minfo\u001b[39m","message":"{\"method\":\"GET\",\"url\":\"/api/v1/videos/6928961613409b594dc01255\",\"status\":\"201\",\"responseTime\":\"206.731\"}","timestamp":"2025-11-29T08:33:06.844Z"}
{"level":"\u001b[32minfo\u001b[39m","message":"{\"method\":\"GET\",\"url\":\"/api/v1/comments/6928961613409b594dc01255\",\"status\":\"201\",\"responseTime\":\"243.375\"}","timestamp":"2025-11-29T08:33:06.888Z"}
{"0":"6928961613409b594dc01255","1":"692898da696e5d9c996d3046","2":"6928997c696e5d9c996d304b","level":"\u001b[32minfo\u001b[39m","message":"Updated watch history: ","timestamp":"2025-11-29T08:33:07.345Z"}
{"level":"\u001b[32minfo\u001b[39m","message":"{\"method\":\"PATCH\",\"url\":\"/api/v1/users/history/add/6928961613409b594dc01255\",\"status\":\"200\",\"responseTime\":\"445.958\"}","timestamp":"2025-11-29T08:33:07.346Z"}
{"level":"\u001b[32minfo\u001b[39m","message":"{\"method\":\"GET\",\"url\":\"/api/v1/comments/6928961613409b594dc01255\",\"status\":\"201\",\"responseTime\":\"558.371\"}","timestamp":"2025-11-29T08:33:07.452Z"}
{"level":"\u001b[32minfo\u001b[39m","message":"{\"method\":\"PATCH\",\"url\":\"/api/v1/videos/views/6928961613409b594dc01255\",\"status\":\"200\",\"responseTime\":\"106.944\"}","timestamp":"2025-11-29T08:33:07.468Z"}
{"0":"6928961613409b594dc01255","1":"692898da696e5d9c996d3046","2":"6928997c696e5d9c996d304b","level":"\u001b[32minfo\u001b[39m","message":"Updated watch history: ","timestamp":"2025-11-29T08:33:07.861Z"}
{"level":"\u001b[32minfo\u001b[39m","message":"{\"method\":\"PATCH\",\"url\":\"/api/v1/users/history/add/6928961613409b594dc01255\",\"status\":\"200\",\"responseTime\":\"413.353\"}","timestamp":"2025-11-29T08:33:07.877Z"}
{"level":"\u001b[32minfo\u001b[39m","message":"{\"method\":\"PATCH\",\"url\":\"/api/v1/videos/views/6928961613409b594dc01255\",\"status\":\"200\",\"responseTime\":\"310.875\"}","timestamp":"2025-11-29T08:33:08.677Z"}
{"level":"\u001b[32minfo\u001b[39m","message":"{\"method\":\"POST\",\"url\":\"/api/v1/like/c/6929f55126e038a2dec313d4\",\"status\":\"200\",\"responseTime\":\"709.671\"}","timestamp":"2025-11-29T08:33:15.744Z"}
{"level":"\u001b[32minfo\u001b[39m","message":"{\"method\":\"GET\",\"url\":\"/api/v1/users/current-user\",\"status\":\"200\",\"responseTime\":\"73.072\"}","timestamp":"2025-11-29T08:33:19.342Z"}
{"level":"\u001b[32minfo\u001b[39m","message":"{\"method\":\"GET\",\"url\":\"/api/v1/users/current-user\",\"status\":\"304\",\"responseTime\":\"92.953\"}","timestamp":"2025-11-29T08:33:19.441Z"}
{"level":"\u001b[32minfo\u001b[39m","message":"{\"method\":\"GET\",\"url\":\"/api/v1/users/theme\",\"status\":\"304\",\"responseTime\":\"140.558\"}","timestamp":"2025-11-29T08:33:19.635Z"}
{"level":"\u001b[32minfo\u001b[39m","message":"{\"method\":\"GET\",\"url\":\"/api/v1/users/theme\",\"status\":\"304\",\"responseTime\":\"67.719\"}","timestamp":"2025-11-29T08:33:19.708Z"}
{"level":"\u001b[32minfo\u001b[39m","message":"{\"method\":\"GET\",\"url\":\"/api/v1/notifications/unread-count\",\"status\":\"304\",\"responseTime\":\"148.868\"}","timestamp":"2025-11-29T08:33:19.839Z"}
{"level":"\u001b[32minfo\u001b[39m","message":"{\"method\":\"GET\",\"url\":\"/api/v1/videos/6928961613409b594dc01255\",\"status\":\"201\",\"responseTime\":\"257.261\"}","timestamp":"2025-11-29T08:33:19.948Z"}
{"level":"\u001b[32minfo\u001b[39m","message":"{\"method\":\"GET\",\"url\":\"/api/v1/notifications/unread-count\",\"status\":\"304\",\"responseTime\":\"137.719\"}","timestamp":"2025-11-29T08:33:19.982Z"}
{"level":"\u001b[32minfo\u001b[39m","message":"{\"method\":\"GET\",\"url\":\"/api/v1/videos/6928961613409b594dc01255\",\"status\":\"201\",\"responseTime\":\"197.073\"}","timestamp":"2025-11-29T08:33:20.152Z"}
{"level":"\u001b[32minfo\u001b[39m","message":"{\"method\":\"GET\",\"url\":\"/api/v1/comments/6928961613409b594dc01255\",\"status\":\"201\",\"responseTime\":\"245.833\"}","timestamp":"2025-11-29T08:33:20.210Z"}
{"level":"\u001b[32minfo\u001b[39m","message":"{\"method\":\"GET\",\"url\":\"/api/v1/comments/6928961613409b594dc01255\",\"status\":\"201\",\"responseTime\":\"339.755\"}","timestamp":"2025-11-29T08:33:20.558Z"}
{"0":"6928961613409b594dc01255","1":"692898da696e5d9c996d3046","2":"6928997c696e5d9c996d304b","level":"\u001b[32minfo\u001b[39m","message":"Updated watch history: ","timestamp":"2025-11-29T08:33:20.559Z"}
{"level":"\u001b[32minfo\u001b[39m","message":"{\"method\":\"PATCH\",\"url\":\"/api/v1/users/history/add/6928961613409b594dc01255\",\"status\":\"200\",\"responseTime\":\"329.625\"}","timestamp":"2025-11-29T08:33:20.560Z"}
{"level":"\u001b[32minfo\u001b[39m","message":"{\"method\":\"PATCH\",\"url\":\"/api/v1/videos/views/6928961613409b594dc01255\",\"status\":\"200\",\"responseTime\":\"146.046\"}","timestamp":"2025-11-29T08:33:20.722Z"}
{"0":"6928961613409b594dc01255","1":"692898da696e5d9c996d3046","2":"6928997c696e5d9c996d304b","level":"\u001b[32minfo\u001b[39m","message":"Updated watch history: ","timestamp":"2025-11-29T08:33:20.780Z"}
{"level":"\u001b[32minfo\u001b[39m","message":"{\"method\":\"PATCH\",\"url\":\"/api/v1/users/history/add/6928961613409b594dc01255\",\"status\":\"200\",\"responseTime\":\"209.319\"}","timestamp":"2025-11-29T08:33:20.782Z"}
{"level":"\u001b[32minfo\u001b[39m","message":"{\"method\":\"PATCH\",\"url\":\"/api/v1/videos/views/6928961613409b594dc01255\",\"status\":\"200\",\"responseTime\":\"201.306\"}","timestamp":"2025-11-29T08:33:21.273Z"}
{"level":"\u001b[32minfo\u001b[39m","message":"{\"method\":\"POST\",\"url\":\"/api/v1/like/c/6929f55126e038a2dec313d4\",\"status\":\"200\",\"responseTime\":\"394.152\"}","timestamp":"2025-11-29T08:33:25.370Z"}
{"level":"\u001b[32minfo\u001b[39m","message":"{\"method\":\"POST\",\"url\":\"/api/v1/like/c/6929f55126e038a2dec313d4\",\"status\":\"200\",\"responseTime\":\"597.020\"}","timestamp":"2025-11-29T08:33:27.531Z"}
{"level":"\u001b[32minfo\u001b[39m","message":"{\"method\":\"POST\",\"url\":\"/api/v1/like/c/6929f55126e038a2dec313d4\",\"status\":\"200\",\"responseTime\":\"355.477\"}","timestamp":"2025-11-29T08:33:28.223Z"}
{"level":"\u001b[32minfo\u001b[39m","message":"{\"method\":\"POST\",\"url\":\"/api/v1/like/c/6929f55126e038a2dec313d4\",\"status\":\"200\",\"responseTime\":\"765.737\"}","timestamp":"2025-11-29T08:33:29.980Z"}
{"level":"\u001b[32minfo\u001b[39m","message":"{\"method\":\"GET\",\"url\":\"/api/v1/users/current-user\",\"status\":\"200\",\"responseTime\":\"126.481\"}","timestamp":"2025-11-29T08:33:32.231Z"}
{"level":"\u001b[32minfo\u001b[39m","message":"{\"method\":\"GET\",\"url\":\"/api/v1/users/current-user\",\"status\":\"304\",\"responseTime\":\"42.102\"}","timestamp":"2025-11-29T08:33:32.279Z"}
{"level":"\u001b[32minfo\u001b[39m","message":"{\"method\":\"GET\",\"url\":\"/api/v1/users/theme\",\"status\":\"304\",\"responseTime\":\"72.567\"}","timestamp":"2025-11-29T08:33:32.335Z"}
{"level":"\u001b[32minfo\u001b[39m","message":"{\"method\":\"GET\",\"url\":\"/api/v1/users/theme\",\"status\":\"304\",\"responseTime\":\"72.099\"}","timestamp":"2025-11-29T08:33:32.415Z"}
{"level":"\u001b[32minfo\u001b[39m","message":"{\"method\":\"GET\",\"url\":\"/api/v1/notifications/unread-count\",\"status\":\"304\",\"responseTime\":\"143.498\"}","timestamp":"2025-11-29T08:33:32.542Z"}
{"level":"\u001b[32minfo\u001b[39m","message":"{\"method\":\"GET\",\"url\":\"/api/v1/videos/6928961613409b594dc01255\",\"status\":\"201\",\"responseTime\":\"247.766\"}","timestamp":"2025-11-29T08:33:32.647Z"}
{"level":"\u001b[32minfo\u001b[39m","message":"{\"method\":\"GET\",\"url\":\"/api/v1/notifications/unread-count\",\"status\":\"304\",\"responseTime\":\"133.563\"}","timestamp":"2025-11-29T08:33:32.682Z"}
{"level":"\u001b[32minfo\u001b[39m","message":"{\"method\":\"GET\",\"url\":\"/api/v1/videos/6928961613409b594dc01255\",\"status\":\"201\",\"responseTime\":\"196.415\"}","timestamp":"2025-11-29T08:33:32.850Z"}
{"level":"\u001b[32minfo\u001b[39m","message":"{\"method\":\"GET\",\"url\":\"/api/v1/comments/6928961613409b594dc01255\",\"status\":\"201\",\"responseTime\":\"235.535\"}","timestamp":"2025-11-29T08:33:32.905Z"}
{"level":"\u001b[32minfo\u001b[39m","message":"{\"method\":\"GET\",\"url\":\"/api/v1/comments/6928961613409b594dc01255\",\"status\":\"201\",\"responseTime\":\"446.716\"}","timestamp":"2025-11-29T08:33:33.357Z"}
{"0":"6928961613409b594dc01255","1":"692898da696e5d9c996d3046","2":"6928997c696e5d9c996d304b","level":"\u001b[32minfo\u001b[39m","message":"Updated watch history: ","timestamp":"2025-11-29T08:33:33.359Z"}
{"level":"\u001b[32minfo\u001b[39m","message":"{\"method\":\"PATCH\",\"url\":\"/api/v1/users/history/add/6928961613409b594dc01255\",\"status\":\"200\",\"responseTime\":\"441.174\"}","timestamp":"2025-11-29T08:33:33.360Z"}
{"level":"\u001b[32minfo\u001b[39m","message":"{\"method\":\"PATCH\",\"url\":\"/api/v1/videos/views/6928961613409b594dc01255\",\"status\":\"200\",\"responseTime\":\"288.385\"}","timestamp":"2025-11-29T08:33:33.665Z"}
{"0":"6928961613409b594dc01255","1":"692898da696e5d9c996d3046","2":"6928997c696e5d9c996d304b","level":"\u001b[32minfo\u001b[39m","message":"Updated watch history: ","timestamp":"2025-11-29T08:33:33.710Z"}
{"level":"\u001b[32minfo\u001b[39m","message":"{\"method\":\"PATCH\",\"url\":\"/api/v1/users/history/add/6928961613409b594dc01255\",\"status\":\"200\",\"responseTime\":\"341.061\"}","timestamp":"2025-11-29T08:33:33.716Z"}
{"level":"\u001b[32minfo\u001b[39m","message":"{\"method\":\"PATCH\",\"url\":\"/api/v1/videos/views/6928961613409b594dc01255\",\"status\":\"200\",\"responseTime\":\"332.313\"}","timestamp":"2025-11-29T08:33:34.078Z"}
{"level":"\u001b[32minfo\u001b[39m","message":"{\"method\":\"GET\",\"url\":\"/api/v1/notifications/unread-count\",\"status\":\"304\",\"responseTime\":\"156.966\"}","timestamp":"2025-11-29T08:34:33.366Z"}
{"level":"\u001b[32minfo\u001b[39m","message":"{\"method\":\"GET\",\"url\":\"/api/v1/notifications/unread-count\",\"status\":\"304\",\"responseTime\":\"172.547\"}","timestamp":"2025-11-29T08:35:33.380Z"}
{"level":"\u001b[32minfo\u001b[39m","message":"{\"method\":\"GET\",\"url\":\"/api/v1/videos/6928961613409b594dc01255\",\"status\":\"201\",\"responseTime\":\"354.702\"}","timestamp":"2025-11-29T08:36:15.575Z"}
{"level":"\u001b[32minfo\u001b[39m","message":"{\"method\":\"GET\",\"url\":\"/api/v1/comments/6928961613409b594dc01255\",\"status\":\"201\",\"responseTime\":\"284.928\"}","timestamp":"2025-11-29T08:36:15.980Z"}
{"0":"6928961613409b594dc01255","1":"692898da696e5d9c996d3046","2":"6928997c696e5d9c996d304b","level":"\u001b[32minfo\u001b[39m","message":"Updated watch history: ","timestamp":"2025-11-29T08:36:16.389Z"}
{"level":"\u001b[32minfo\u001b[39m","message":"{\"method\":\"PATCH\",\"url\":\"/api/v1/users/history/add/6928961613409b594dc01255\",\"status\":\"200\",\"responseTime\":\"392.588\"}","timestamp":"2025-11-29T08:36:16.390Z"}
{"level":"\u001b[32minfo\u001b[39m","message":"{\"method\":\"PATCH\",\"url\":\"/api/v1/videos/views/6928961613409b594dc01255\",\"status\":\"200\",\"responseTime\":\"296.467\"}","timestamp":"2025-11-29T08:36:16.697Z"}
{"level":"\u001b[32minfo\u001b[39m","message":"{\"method\":\"GET\",\"url\":\"/api/v1/videos/6928961613409b594dc01255\",\"status\":\"201\",\"responseTime\":\"295.727\"}","timestamp":"2025-11-29T08:36:17.519Z"}
{"level":"\u001b[32minfo\u001b[39m","message":"{\"method\":\"GET\",\"url\":\"/api/v1/comments/6928961613409b594dc01255\",\"status\":\"201\",\"responseTime\":\"358.483\"}","timestamp":"2025-11-29T08:36:17.925Z"}
{"0":"6928961613409b594dc01255","1":"692898da696e5d9c996d3046","2":"6928997c696e5d9c996d304b","level":"\u001b[32minfo\u001b[39m","message":"Updated watch history: ","timestamp":"2025-11-29T08:36:18.865Z"}
{"level":"\u001b[32minfo\u001b[39m","message":"{\"method\":\"PATCH\",\"url\":\"/api/v1/users/history/add/6928961613409b594dc01255\",\"status\":\"200\",\"responseTime\":\"926.929\"}","timestamp":"2025-11-29T08:36:18.866Z"}
{"level":"\u001b[32minfo\u001b[39m","message":"{\"method\":\"PATCH\",\"url\":\"/api/v1/videos/views/6928961613409b594dc01255\",\"status\":\"200\",\"responseTime\":\"215.665\"}","timestamp":"2025-11-29T08:36:19.094Z"}
{"level":"\u001b[32minfo\u001b[39m","message":"{\"method\":\"GET\",\"url\":\"/api/v1/notifications/unread-count\",\"status\":\"304\",\"responseTime\":\"168.996\"}","timestamp":"2025-11-29T08:36:32.569Z"}
{"level":"\u001b[32minfo\u001b[39m","message":"{\"method\":\"GET\",\"url\":\"/api/v1/videos/6928961613409b594dc01255\",\"status\":\"201\",\"responseTime\":\"314.377\"}","timestamp":"2025-11-29T08:37:01.549Z"}
{"level":"\u001b[32minfo\u001b[39m","message":"{\"method\":\"GET\",\"url\":\"/api/v1/comments/6928961613409b594dc01255\",\"status\":\"201\",\"responseTime\":\"394.567\"}","timestamp":"2025-11-29T08:37:01.958Z"}
{"0":"6928961613409b594dc01255","1":"692898da696e5d9c996d3046","2":"6928997c696e5d9c996d304b","level":"\u001b[32minfo\u001b[39m","message":"Updated watch history: ","timestamp":"2025-11-29T08:37:02.197Z"}
{"level":"\u001b[32minfo\u001b[39m","message":"{\"method\":\"PATCH\",\"url\":\"/api/v1/users/history/add/6928961613409b594dc01255\",\"status\":\"200\",\"responseTime\":\"229.984\"}","timestamp":"2025-11-29T08:37:02.199Z"}
{"level":"\u001b[32minfo\u001b[39m","message":"{\"method\":\"PATCH\",\"url\":\"/api/v1/videos/views/6928961613409b594dc01255\",\"status\":\"200\",\"responseTime\":\"360.524\"}","timestamp":"2025-11-29T08:37:02.572Z"}
{"level":"\u001b[32minfo\u001b[39m","message":"{\"method\":\"GET\",\"url\":\"/api/v1/videos/6928961613409b594dc01255\",\"status\":\"201\",\"responseTime\":\"241.871\"}","timestamp":"2025-11-29T08:37:06.465Z"}
{"level":"\u001b[32minfo\u001b[39m","message":"{\"method\":\"GET\",\"url\":\"/api/v1/comments/6928961613409b594dc01255\",\"status\":\"201\",\"responseTime\":\"397.081\"}","timestamp":"2025-11-29T08:37:06.874Z"}
{"0":"6928961613409b594dc01255","1":"692898da696e5d9c996d3046","2":"6928997c696e5d9c996d304b","level":"\u001b[32minfo\u001b[39m","message":"Updated watch history: ","timestamp":"2025-11-29T08:37:07.271Z"}
{"level":"\u001b[32minfo\u001b[39m","message":"{\"method\":\"PATCH\",\"url\":\"/api/v1/users/history/add/6928961613409b594dc01255\",\"status\":\"200\",\"responseTime\":\"381.071\"}","timestamp":"2025-11-29T08:37:07.272Z"}
{"level":"\u001b[32minfo\u001b[39m","message":"{\"method\":\"PATCH\",\"url\":\"/api/v1/videos/views/6928961613409b594dc01255\",\"status\":\"200\",\"responseTime\":\"303.148\"}","timestamp":"2025-11-29T08:37:07.590Z"}
{"level":"\u001b[32minfo\u001b[39m","message":"{\"method\":\"GET\",\"url\":\"/api/v1/notifications/unread-count\",\"status\":\"304\",\"responseTime\":\"179.566\"}","timestamp":"2025-11-29T08:37:33.396Z"}
{"level":"\u001b[32minfo\u001b[39m","message":"{\"method\":\"GET\",\"url\":\"/api/v1/videos/6928961613409b594dc01255\",\"status\":\"201\",\"responseTime\":\"327.780\"}","timestamp":"2025-11-29T08:37:56.549Z"}
{"level":"\u001b[32minfo\u001b[39m","message":"{\"method\":\"GET\",\"url\":\"/api/v1/comments/6928961613409b594dc01255\",\"status\":\"201\",\"responseTime\":\"383.840\"}","timestamp":"2025-11-29T08:37:56.957Z"}
{"0":"6928961613409b594dc01255","1":"692898da696e5d9c996d3046","2":"6928997c696e5d9c996d304b","level":"\u001b[32minfo\u001b[39m","message":"Updated watch history: ","timestamp":"2025-11-29T08:37:57.365Z"}
{"level":"\u001b[32minfo\u001b[39m","message":"{\"method\":\"PATCH\",\"url\":\"/api/v1/users/history/add/6928961613409b594dc01255\",\"status\":\"200\",\"responseTime\":\"385.430\"}","timestamp":"2025-11-29T08:37:57.366Z"}
{"level":"\u001b[32minfo\u001b[39m","message":"{\"method\":\"PATCH\",\"url\":\"/api/v1/videos/views/6928961613409b594dc01255\",\"status\":\"200\",\"responseTime\":\"305.184\"}","timestamp":"2025-11-29T08:37:57.681Z"}
{"level":"\u001b[32minfo\u001b[39m","message":"{\"method\":\"GET\",\"url\":\"/api/v1/videos/6928961613409b594dc01255\",\"status\":\"201\",\"responseTime\":\"300.360\"}","timestamp":"2025-11-29T08:37:59.518Z"}
{"level":"\u001b[32minfo\u001b[39m","message":"{\"method\":\"GET\",\"url\":\"/api/v1/comments/6928961613409b594dc01255\",\"status\":\"201\",\"responseTime\":\"330.224\"}","timestamp":"2025-11-29T08:37:59.862Z"}
{"0":"6928961613409b594dc01255","1":"692898da696e5d9c996d3046","2":"6928997c696e5d9c996d304b","level":"\u001b[32minfo\u001b[39m","message":"Updated watch history: ","timestamp":"2025-11-29T08:38:00.232Z"}
{"level":"\u001b[32minfo\u001b[39m","message":"{\"method\":\"PATCH\",\"url\":\"/api/v1/users/history/add/6928961613409b594dc01255\",\"status\":\"200\",\"responseTime\":\"346.132\"}","timestamp":"2025-11-29T08:38:00.234Z"}
{"level":"\u001b[32minfo\u001b[39m","message":"{\"method\":\"PATCH\",\"url\":\"/api/v1/videos/views/6928961613409b594dc01255\",\"status\":\"200\",\"responseTime\":\"295.375\"}","timestamp":"2025-11-29T08:38:00.540Z"}
{"level":"\u001b[32minfo\u001b[39m","message":"{\"method\":\"GET\",\"url\":\"/api/v1/videos/6928961613409b594dc01255\",\"status\":\"201\",\"responseTime\":\"197.244\"}","timestamp":"2025-11-29T08:38:29.931Z"}
{"level":"\u001b[32minfo\u001b[39m","message":"{\"method\":\"GET\",\"url\":\"/api/v1/comments/6928961613409b594dc01255\",\"status\":\"201\",\"responseTime\":\"392.609\"}","timestamp":"2025-11-29T08:38:30.598Z"}
{"0":"6928961613409b594dc01255","1":"692898da696e5d9c996d3046","2":"6928997c696e5d9c996d304b","level":"\u001b[32minfo\u001b[39m","message":"Updated watch history: ","timestamp":"2025-11-29T08:38:31.058Z"}
{"level":"\u001b[32minfo\u001b[39m","message":"{\"method\":\"PATCH\",\"url\":\"/api/v1/users/history/add/6928961613409b594dc01255\",\"status\":\"200\",\"responseTime\":\"450.194\"}","timestamp":"2025-11-29T08:38:31.060Z"}
{"level":"\u001b[32minfo\u001b[39m","message":"{\"method\":\"PATCH\",\"url\":\"/api/v1/videos/views/6928961613409b594dc01255\",\"status\":\"200\",\"responseTime\":\"295.180\"}","timestamp":"2025-11-29T08:38:31.365Z"}
{"level":"\u001b[32minfo\u001b[39m","message":"{\"method\":\"GET\",\"url\":\"/api/v1/notifications/unread-count\",\"status\":\"304\",\"responseTime\":\"194.523\"}","timestamp":"2025-11-29T08:38:32.594Z"}
{"level":"\u001b[32minfo\u001b[39m","message":"{\"method\":\"GET\",\"url\":\"/api/v1/users/current-user\",\"status\":\"200\",\"responseTime\":\"114.220\"}","timestamp":"2025-11-29T08:38:35.976Z"}
{"level":"\u001b[32minfo\u001b[39m","message":"{\"method\":\"GET\",\"url\":\"/api/v1/users/current-user\",\"status\":\"304\",\"responseTime\":\"63.823\"}","timestamp":"2025-11-29T08:38:36.046Z"}
{"level":"\u001b[32minfo\u001b[39m","message":"{\"method\":\"GET\",\"url\":\"/api/v1/users/theme\",\"status\":\"304\",\"responseTime\":\"78.809\"}","timestamp":"2025-11-29T08:38:36.103Z"}
{"level":"\u001b[32minfo\u001b[39m","message":"{\"method\":\"GET\",\"url\":\"/api/v1/users/theme\",\"status\":\"304\",\"responseTime\":\"68.421\"}","timestamp":"2025-11-29T08:38:36.179Z"}
{"level":"\u001b[32minfo\u001b[39m","message":"{\"method\":\"GET\",\"url\":\"/api/v1/notifications/unread-count\",\"status\":\"304\",\"responseTime\":\"114.075\"}","timestamp":"2025-11-29T08:38:36.284Z"}
{"level":"\u001b[32minfo\u001b[39m","message":"{\"method\":\"GET\",\"url\":\"/api/v1/videos/6928961613409b594dc01255\",\"status\":\"201\",\"responseTime\":\"144.693\"}","timestamp":"2025-11-29T08:38:36.315Z"}
{"level":"\u001b[32minfo\u001b[39m","message":"{\"method\":\"GET\",\"url\":\"/api/v1/notifications/unread-count\",\"status\":\"304\",\"responseTime\":\"102.038\"}","timestamp":"2025-11-29T08:38:36.393Z"}
{"level":"\u001b[32minfo\u001b[39m","message":"{\"method\":\"GET\",\"url\":\"/api/v1/videos/6928961613409b594dc01255\",\"status\":\"201\",\"responseTime\":\"277.373\"}","timestamp":"2025-11-29T08:38:36.600Z"}
{"level":"\u001b[32minfo\u001b[39m","message":"{\"method\":\"GET\",\"url\":\"/api/v1/comments/6928961613409b594dc01255\",\"status\":\"201\",\"responseTime\":\"316.490\"}","timestamp":"2025-11-29T08:38:36.648Z"}
{"level":"\u001b[32minfo\u001b[39m","message":"{\"method\":\"GET\",\"url\":\"/api/v1/comments/6928961613409b594dc01255\",\"status\":\"201\",\"responseTime\":\"330.984\"}","timestamp":"2025-11-29T08:38:36.997Z"}
{"0":"6928961613409b594dc01255","1":"692898da696e5d9c996d3046","2":"6928997c696e5d9c996d304b","level":"\u001b[32minfo\u001b[39m","message":"Updated watch history: ","timestamp":"2025-11-29T08:38:36.999Z"}
{"level":"\u001b[32minfo\u001b[39m","message":"{\"method\":\"PATCH\",\"url\":\"/api/v1/users/history/add/6928961613409b594dc01255\",\"status\":\"200\",\"responseTime\":\"310.147\"}","timestamp":"2025-11-29T08:38:37.000Z"}
{"level":"\u001b[32minfo\u001b[39m","message":"{\"method\":\"PATCH\",\"url\":\"/api/v1/videos/views/6928961613409b594dc01255\",\"status\":\"200\",\"responseTime\":\"287.566\"}","timestamp":"2025-11-29T08:38:37.306Z"}
{"0":"6928961613409b594dc01255","1":"692898da696e5d9c996d3046","2":"6928997c696e5d9c996d304b","level":"\u001b[32minfo\u001b[39m","message":"Updated watch history: ","timestamp":"2025-11-29T08:38:37.362Z"}
{"level":"\u001b[32minfo\u001b[39m","message":"{\"method\":\"PATCH\",\"url\":\"/api/v1/users/history/add/6928961613409b594dc01255\",\"status\":\"200\",\"responseTime\":\"352.149\"}","timestamp":"2025-11-29T08:38:37.365Z"}
{"level":"\u001b[32minfo\u001b[39m","message":"{\"method\":\"PATCH\",\"url\":\"/api/v1/videos/views/6928961613409b594dc01255\",\"status\":\"200\",\"responseTime\":\"420.232\"}","timestamp":"2025-11-29T08:38:37.817Z"}
{"level":"\u001b[32minfo\u001b[39m","message":"{\"method\":\"POST\",\"url\":\"/api/v1/like/c/6929f55126e038a2dec313d4\",\"status\":\"200\",\"responseTime\":\"473.065\"}","timestamp":"2025-11-29T08:38:53.076Z"}
{"level":"\u001b[32minfo\u001b[39m","message":"{\"method\":\"POST\",\"url\":\"/api/v1/like/c/6929f55126e038a2dec313d4\",\"status\":\"200\",\"responseTime\":\"664.798\"}","timestamp":"2025-11-29T08:38:54.816Z"}
{"level":"\u001b[32minfo\u001b[39m","message":"{\"method\":\"POST\",\"url\":\"/api/v1/like/c/6929f55126e038a2dec313d4\",\"status\":\"200\",\"responseTime\":\"522.969\"}","timestamp":"2025-11-29T08:38:55.635Z"}
{"level":"\u001b[32minfo\u001b[39m","message":"{\"method\":\"POST\",\"url\":\"/api/v1/like/c/6929f55126e038a2dec313d4\",\"status\":\"200\",\"responseTime\":\"853.045\"}","timestamp":"2025-11-29T08:38:57.478Z"}
{"level":"\u001b[32minfo\u001b[39m","message":"{\"method\":\"GET\",\"url\":\"/api/v1/notifications/unread-count\",\"status\":\"304\",\"responseTime\":\"174.306\"}","timestamp":"2025-11-29T08:39:36.394Z"}
{"level":"\u001b[32minfo\u001b[39m","message":"{\"method\":\"GET\",\"url\":\"/api/v1/notifications/unread-count\",\"status\":\"304\",\"responseTime\":\"181.153\"}","timestamp":"2025-11-29T08:40:36.399Z"}
{"level":"\u001b[32minfo\u001b[39m","message":"Environment variables loaded from .env file","timestamp":"2025-11-29T08:40:48.838Z"}
{"level":"\u001b[32minfo\u001b[39m","message":"Connecting to the database...","timestamp":"2025-11-29T08:40:48.841Z"}
{"level":"\u001b[32minfo\u001b[39m","message":"Connected to the database successfully \n Database Name: vidtube \n Host: ac-umfmukq-shard-00-00.vu6akeu.mongodb.net \n Port: 27017","timestamp":"2025-11-29T08:40:49.647Z"}
{"level":"\u001b[32minfo\u001b[39m","message":"Server is running on port 3000","timestamp":"2025-11-29T08:40:49.653Z"}
{"level":"\u001b[32minfo\u001b[39m","message":"Environment variables loaded from .env file","timestamp":"2025-11-29T08:41:09.371Z"}
{"level":"\u001b[32minfo\u001b[39m","message":"Connecting to the database...","timestamp":"2025-11-29T08:41:09.375Z"}
{"level":"\u001b[32minfo\u001b[39m","message":"Connected to the database successfully \n Database Name: vidtube \n Host: ac-umfmukq-shard-00-00.vu6akeu.mongodb.net \n Port: 27017","timestamp":"2025-11-29T08:41:10.608Z"}
{"level":"\u001b[32minfo\u001b[39m","message":"Server is running on port 3000","timestamp":"2025-11-29T08:41:10.613Z"}
{"level":"\u001b[32minfo\u001b[39m","message":"Environment variables loaded from .env file","timestamp":"2025-11-29T08:41:36.810Z"}
{"level":"\u001b[32minfo\u001b[39m","message":"Connecting to the database...","timestamp":"2025-11-29T08:41:36.816Z"}
{"level":"\u001b[32minfo\u001b[39m","message":"Connected to the database successfully \n Database Name: vidtube \n Host: ac-umfmukq-shard-00-02.vu6akeu.mongodb.net \n Port: 27017","timestamp":"2025-11-29T08:41:37.855Z"}
{"level":"\u001b[32minfo\u001b[39m","message":"Server is running on port 3000","timestamp":"2025-11-29T08:41:37.863Z"}
{"level":"\u001b[32minfo\u001b[39m","message":"{\"method\":\"POST\",\"url\":\"/api/v1/users/login\",\"status\":\"200\",\"responseTime\":\"683.149\"}","timestamp":"2025-11-29T08:42:03.664Z"}
{"level":"\u001b[32minfo\u001b[39m","message":"{\"method\":\"GET\",\"url\":\"/api/v1/notifications/unread-count\",\"status\":\"200\",\"responseTime\":\"154.411\"}","timestamp":"2025-11-29T08:42:36.363Z"}
{"level":"\u001b[32minfo\u001b[39m","message":"{\"method\":\"GET\",\"url\":\"/api/v1/notifications/unread-count\",\"status\":\"304\",\"responseTime\":\"220.507\"}","timestamp":"2025-11-29T08:43:36.439Z"}
{"level":"\u001b[32minfo\u001b[39m","message":"{\"method\":\"GET\",\"url\":\"/api/v1/notifications/unread-count\",\"status\":\"304\",\"responseTime\":\"235.679\"}","timestamp":"2025-11-29T08:44:36.449Z"}
{"level":"\u001b[32minfo\u001b[39m","message":"{\"method\":\"GET\",\"url\":\"/api/v1/notifications/unread-count\",\"status\":\"200\",\"responseTime\":\"245.109\"}","timestamp":"2025-11-29T08:45:33.896Z"}
{"level":"\u001b[32minfo\u001b[39m","message":"{\"method\":\"GET\",\"url\":\"/api/v1/notifications/unread-count\",\"status\":\"304\",\"responseTime\":\"239.608\"}","timestamp":"2025-11-29T08:45:36.458Z"}
{"level":"\u001b[32minfo\u001b[39m","message":"{\"method\":\"GET\",\"url\":\"/api/v1/comments/6928961613409b594dc01255\",\"status\":\"-\",\"responseTime\":\"-\"}","timestamp":"2025-11-29T08:45:45.483Z"}
{"level":"\u001b[32minfo\u001b[39m","message":"{\"method\":\"GET\",\"url\":\"/api/v1/comments/6928961613409b594dc01255\",\"status\":\"-\",\"responseTime\":\"-\"}","timestamp":"2025-11-29T08:45:56.719Z"}
{"level":"\u001b[32minfo\u001b[39m","message":"{\"method\":\"GET\",\"url\":\"/api/v1/users/current-user\",\"status\":\"200\",\"responseTime\":\"121.678\"}","timestamp":"2025-11-29T08:46:07.239Z"}
{"level":"\u001b[32minfo\u001b[39m","message":"{\"method\":\"GET\",\"url\":\"/api/v1/users/current-user\",\"status\":\"304\",\"responseTime\":\"115.821\"}","timestamp":"2025-11-29T08:46:07.362Z"}
{"level":"\u001b[32minfo\u001b[39m","message":"{\"method\":\"GET\",\"url\":\"/api/v1/users/theme\",\"status\":\"304\",\"responseTime\":\"85.758\"}","timestamp":"2025-11-29T08:46:07.421Z"}
{"level":"\u001b[32minfo\u001b[39m","message":"{\"method\":\"GET\",\"url\":\"/api/v1/users/theme\",\"status\":\"304\",\"responseTime\":\"49.901\"}","timestamp":"2025-11-29T08:46:07.480Z"}
{"level":"\u001b[32minfo\u001b[39m","message":"{\"method\":\"GET\",\"url\":\"/api/v1/notifications/unread-count\",\"status\":\"304\",\"responseTime\":\"249.320\"}","timestamp":"2025-11-29T08:46:07.791Z"}
{"level":"\u001b[32minfo\u001b[39m","message":"{\"method\":\"GET\",\"url\":\"/api/v1/videos/6928961613409b594dc01255\",\"status\":\"201\",\"responseTime\":\"350.778\"}","timestamp":"2025-11-29T08:46:07.894Z"}
{"level":"\u001b[32minfo\u001b[39m","message":"{\"method\":\"GET\",\"url\":\"/api/v1/notifications/unread-count\",\"status\":\"304\",\"responseTime\":\"607.536\"}","timestamp":"2025-11-29T08:46:08.406Z"}
{"level":"\u001b[32minfo\u001b[39m","message":"{\"method\":\"GET\",\"url\":\"/api/v1/videos/6928961613409b594dc01255\",\"status\":\"201\",\"responseTime\":\"616.867\"}","timestamp":"2025-11-29T08:46:08.517Z"}
{"level":"\u001b[32minfo\u001b[39m","message":"{\"method\":\"GET\",\"url\":\"/api/v1/notifications/unread-count\",\"status\":\"304\",\"responseTime\":\"106.810\"}","timestamp":"2025-11-29T08:47:08.319Z"}
{"level":"\u001b[32minfo\u001b[39m","message":"{\"method\":\"GET\",\"url\":\"/api/v1/notifications/unread-count\",\"status\":\"304\",\"responseTime\":\"116.045\"}","timestamp":"2025-11-29T08:48:08.327Z"}
{"level":"\u001b[32minfo\u001b[39m","message":"{\"method\":\"GET\",\"url\":\"/api/v1/notifications/unread-count\",\"status\":\"304\",\"responseTime\":\"95.793\"}","timestamp":"2025-11-29T08:49:06.333Z"}
{"level":"\u001b[32minfo\u001b[39m","message":"{\"method\":\"GET\",\"url\":\"/api/v1/users/current-user\",\"status\":\"304\",\"responseTime\":\"46.529\"}","timestamp":"2025-11-29T08:49:09.659Z"}
{"level":"\u001b[32minfo\u001b[39m","message":"{\"method\":\"GET\",\"url\":\"/api/v1/users/current-user\",\"status\":\"304\",\"responseTime\":\"80.010\"}","timestamp":"2025-11-29T08:49:09.745Z"}
{"level":"\u001b[32minfo\u001b[39m","message":"{\"method\":\"GET\",\"url\":\"/api/v1/users/theme\",\"status\":\"304\",\"responseTime\":\"100.030\"}","timestamp":"2025-11-29T08:49:09.884Z"}
{"level":"\u001b[32minfo\u001b[39m","message":"{\"method\":\"GET\",\"url\":\"/api/v1/users/theme\",\"status\":\"304\",\"responseTime\":\"36.134\"}","timestamp":"2025-11-29T08:49:09.927Z"}
{"level":"\u001b[32minfo\u001b[39m","message":"{\"method\":\"GET\",\"url\":\"/api/v1/notifications/unread-count\",\"status\":\"304\",\"responseTime\":\"186.270\"}","timestamp":"2025-11-29T08:49:10.132Z"}
{"level":"\u001b[32minfo\u001b[39m","message":"{\"method\":\"GET\",\"url\":\"/api/v1/videos/6928961613409b594dc01255\",\"status\":\"201\",\"responseTime\":\"218.234\"}","timestamp":"2025-11-29T08:49:10.165Z"}
{"level":"\u001b[32minfo\u001b[39m","message":"{\"method\":\"GET\",\"url\":\"/api/v1/notifications/unread-count\",\"status\":\"304\",\"responseTime\":\"107.122\"}","timestamp":"2025-11-29T08:49:10.247Z"}
{"level":"\u001b[32minfo\u001b[39m","message":"{\"method\":\"GET\",\"url\":\"/api/v1/videos/6928961613409b594dc01255\",\"status\":\"201\",\"responseTime\":\"184.189\"}","timestamp":"2025-11-29T08:49:10.358Z"}
{"level":"\u001b[32minfo\u001b[39m","message":"Environment variables loaded from .env file","timestamp":"2025-11-29T08:49:28.594Z"}
{"level":"\u001b[32minfo\u001b[39m","message":"Connecting to the database...","timestamp":"2025-11-29T08:49:28.599Z"}
{"level":"\u001b[32minfo\u001b[39m","message":"Connected to the database successfully \n Database Name: vidtube \n Host: ac-umfmukq-shard-00-00.vu6akeu.mongodb.net \n Port: 27017","timestamp":"2025-11-29T08:49:29.642Z"}
{"level":"\u001b[32minfo\u001b[39m","message":"Server is running on port 3000","timestamp":"2025-11-29T08:49:29.646Z"}
{"level":"\u001b[32minfo\u001b[39m","message":"{\"method\":\"GET\",\"url\":\"/api/v1/users/current-user\",\"status\":\"304\",\"responseTime\":\"185.723\"}","timestamp":"2025-11-29T08:49:33.350Z"}
{"level":"\u001b[32minfo\u001b[39m","message":"{\"method\":\"GET\",\"url\":\"/api/v1/users/current-user\",\"status\":\"304\",\"responseTime\":\"74.608\"}","timestamp":"2025-11-29T08:49:33.429Z"}
{"level":"\u001b[32minfo\u001b[39m","message":"{\"method\":\"GET\",\"url\":\"/api/v1/users/theme\",\"status\":\"304\",\"responseTime\":\"57.691\"}","timestamp":"2025-11-29T08:49:33.434Z"}
{"level":"\u001b[32minfo\u001b[39m","message":"{\"method\":\"GET\",\"url\":\"/api/v1/users/theme\",\"status\":\"304\",\"responseTime\":\"58.797\"}","timestamp":"2025-11-29T08:49:33.499Z"}
{"level":"\u001b[32minfo\u001b[39m","message":"{\"method\":\"GET\",\"url\":\"/api/v1/notifications/unread-count\",\"status\":\"304\",\"responseTime\":\"239.816\"}","timestamp":"2025-11-29T08:49:33.745Z"}
{"level":"\u001b[32minfo\u001b[39m","message":"{\"method\":\"GET\",\"url\":\"/api/v1/videos/6928961613409b594dc01255\",\"status\":\"201\",\"responseTime\":\"334.824\"}","timestamp":"2025-11-29T08:49:33.842Z"}
{"level":"\u001b[32minfo\u001b[39m","message":"{\"method\":\"GET\",\"url\":\"/api/v1/notifications/unread-count\",\"status\":\"304\",\"responseTime\":\"129.147\"}","timestamp":"2025-11-29T08:49:33.881Z"}
{"level":"\u001b[32minfo\u001b[39m","message":"{\"method\":\"GET\",\"url\":\"/api/v1/videos/6928961613409b594dc01255\",\"status\":\"201\",\"responseTime\":\"195.253\"}","timestamp":"2025-11-29T08:49:34.044Z"}
{"level":"\u001b[32minfo\u001b[39m","message":"{\"method\":\"GET\",\"url\":\"/api/v1/comments/6928961613409b594dc01255\",\"status\":\"201\",\"responseTime\":\"242.259\"}","timestamp":"2025-11-29T08:49:34.102Z"}
{"level":"\u001b[32minfo\u001b[39m","message":"{\"method\":\"GET\",\"url\":\"/api/v1/comments/6928961613409b594dc01255\",\"status\":\"201\",\"responseTime\":\"447.227\"}","timestamp":"2025-11-29T08:49:34.556Z"}
{"0":"6928961613409b594dc01255","1":"692898da696e5d9c996d3046","2":"6928997c696e5d9c996d304b","level":"\u001b[32minfo\u001b[39m","message":"Updated watch history: ","timestamp":"2025-11-29T08:49:34.563Z"}
{"level":"\u001b[32minfo\u001b[39m","message":"{\"method\":\"PATCH\",\"url\":\"/api/v1/users/history/add/6928961613409b594dc01255\",\"status\":\"200\",\"responseTime\":\"448.707\"}","timestamp":"2025-11-29T08:49:34.567Z"}
{"level":"\u001b[32minfo\u001b[39m","message":"{\"method\":\"PATCH\",\"url\":\"/api/v1/videos/views/6928961613409b594dc01255\",\"status\":\"200\",\"responseTime\":\"276.115\"}","timestamp":"2025-11-29T08:49:34.862Z"}
{"0":"6928961613409b594dc01255","1":"692898da696e5d9c996d3046","2":"6928997c696e5d9c996d304b","level":"\u001b[32minfo\u001b[39m","message":"Updated watch history: ","timestamp":"2025-11-29T08:49:35.276Z"}
{"level":"\u001b[32minfo\u001b[39m","message":"{\"method\":\"PATCH\",\"url\":\"/api/v1/users/history/add/6928961613409b594dc01255\",\"status\":\"200\",\"responseTime\":\"698.052\"}","timestamp":"2025-11-29T08:49:35.278Z"}
{"level":"\u001b[32minfo\u001b[39m","message":"{\"method\":\"PATCH\",\"url\":\"/api/v1/videos/views/6928961613409b594dc01255\",\"status\":\"200\",\"responseTime\":\"254.509\"}","timestamp":"2025-11-29T08:49:35.579Z"}
{"level":"\u001b[32minfo\u001b[39m","message":"{\"method\":\"GET\",\"url\":\"/api/v1/comments/6928961613409b594dc01255\",\"status\":\"201\",\"responseTime\":\"410.368\"}","timestamp":"2025-11-29T08:49:52.581Z"}
{"level":"\u001b[32minfo\u001b[39m","message":"{\"method\":\"GET\",\"url\":\"/api/v1/notifications/unread-count\",\"status\":\"304\",\"responseTime\":\"244.000\"}","timestamp":"2025-11-29T08:50:34.458Z"}
{"level":"\u001b[32minfo\u001b[39m","message":"{\"method\":\"GET\",\"url\":\"/api/v1/videos/6928961613409b594dc01255\",\"status\":\"201\",\"responseTime\":\"314.213\"}","timestamp":"2025-11-29T08:51:11.532Z"}
{"level":"\u001b[32minfo\u001b[39m","message":"{\"method\":\"GET\",\"url\":\"/api/v1/comments/6928961613409b594dc01255\",\"status\":\"201\",\"responseTime\":\"287.727\"}","timestamp":"2025-11-29T08:51:11.836Z"}
{"0":"6928961613409b594dc01255","1":"692898da696e5d9c996d3046","2":"6928997c696e5d9c996d304b","level":"\u001b[32minfo\u001b[39m","message":"Updated watch history: ","timestamp":"2025-11-29T08:51:12.214Z"}
{"level":"\u001b[32minfo\u001b[39m","message":"{\"method\":\"PATCH\",\"url\":\"/api/v1/users/history/add/6928961613409b594dc01255\",\"status\":\"200\",\"responseTime\":\"365.850\"}","timestamp":"2025-11-29T08:51:12.217Z"}
{"level":"\u001b[32minfo\u001b[39m","message":"{\"method\":\"PATCH\",\"url\":\"/api/v1/videos/views/6928961613409b594dc01255\",\"status\":\"200\",\"responseTime\":\"308.563\"}","timestamp":"2025-11-29T08:51:12.554Z"}
{"level":"\u001b[32minfo\u001b[39m","message":"{\"method\":\"GET\",\"url\":\"/api/v1/videos/6928961613409b594dc01255\",\"status\":\"201\",\"responseTime\":\"234.276\"}","timestamp":"2025-11-29T08:51:24.641Z"}
{"level":"\u001b[32minfo\u001b[39m","message":"{\"method\":\"GET\",\"url\":\"/api/v1/comments/6928961613409b594dc01255\",\"status\":\"201\",\"responseTime\":\"291.237\"}","timestamp":"2025-11-29T08:51:24.946Z"}
{"0":"6928961613409b594dc01255","1":"692898da696e5d9c996d3046","2":"6928997c696e5d9c996d304b","level":"\u001b[32minfo\u001b[39m","message":"Updated watch history: ","timestamp":"2025-11-29T08:51:25.297Z"}
{"level":"\u001b[32minfo\u001b[39m","message":"{\"method\":\"PATCH\",\"url\":\"/api/v1/users/history/add/6928961613409b594dc01255\",\"status\":\"200\",\"responseTime\":\"337.774\"}","timestamp":"2025-11-29T08:51:25.298Z"}
{"level":"\u001b[32minfo\u001b[39m","message":"{\"method\":\"PATCH\",\"url\":\"/api/v1/videos/views/6928961613409b594dc01255\",\"status\":\"200\",\"responseTime\":\"352.210\"}","timestamp":"2025-11-29T08:51:25.662Z"}
{"level":"\u001b[32minfo\u001b[39m","message":"{\"method\":\"GET\",\"url\":\"/api/v1/notifications/unread-count\",\"status\":\"304\",\"responseTime\":\"262.832\"}","timestamp":"2025-11-29T08:51:33.759Z"}
{"level":"\u001b[32minfo\u001b[39m","message":"{\"method\":\"GET\",\"url\":\"/api/v1/notifications/unread-count\",\"status\":\"304\",\"responseTime\":\"988.948\"}","timestamp":"2025-11-29T09:07:40.234Z"}
{"level":"\u001b[32minfo\u001b[39m","message":"{\"method\":\"GET\",\"url\":\"/api/v1/users/current-user\",\"status\":\"200\",\"responseTime\":\"75.993\"}","timestamp":"2025-11-29T09:07:54.821Z"}
{"level":"\u001b[32minfo\u001b[39m","message":"{\"method\":\"GET\",\"url\":\"/api/v1/users/current-user\",\"status\":\"304\",\"responseTime\":\"106.181\"}","timestamp":"2025-11-29T09:07:54.933Z"}
{"level":"\u001b[32minfo\u001b[39m","message":"{\"method\":\"GET\",\"url\":\"/api/v1/users/theme\",\"status\":\"304\",\"responseTime\":\"836.486\"}","timestamp":"2025-11-29T09:07:55.743Z"}
{"level":"\u001b[32minfo\u001b[39m","message":"{\"method\":\"GET\",\"url\":\"/api/v1/users/theme\",\"status\":\"304\",\"responseTime\":\"104.997\"}","timestamp":"2025-11-29T09:07:55.854Z"}
{"level":"\u001b[32minfo\u001b[39m","message":"{\"method\":\"GET\",\"url\":\"/api/v1/notifications/unread-count\",\"status\":\"304\",\"responseTime\":\"220.929\"}","timestamp":"2025-11-29T09:07:56.064Z"}
{"level":"\u001b[32minfo\u001b[39m","message":"{\"method\":\"GET\",\"url\":\"/api/v1/notifications/unread-count\",\"status\":\"304\",\"responseTime\":\"188.210\"}","timestamp":"2025-11-29T09:07:56.261Z"}
{"level":"\u001b[32minfo\u001b[39m","message":"{\"method\":\"GET\",\"url\":\"/api/v1/videos/6928961613409b594dc01255\",\"status\":\"201\",\"responseTime\":\"824.730\"}","timestamp":"2025-11-29T09:07:56.699Z"}
{"level":"\u001b[32minfo\u001b[39m","message":"{\"method\":\"GET\",\"url\":\"/api/v1/comments/6928961613409b594dc01255\",\"status\":\"201\",\"responseTime\":\"151.203\"}","timestamp":"2025-11-29T09:07:56.880Z"}
{"0":"6928961613409b594dc01255","1":"692898da696e5d9c996d3046","2":"6928997c696e5d9c996d304b","level":"\u001b[32minfo\u001b[39m","message":"Updated watch history: ","timestamp":"2025-11-29T09:07:57.176Z"}
{"level":"\u001b[32minfo\u001b[39m","message":"{\"method\":\"PATCH\",\"url\":\"/api/v1/users/history/add/6928961613409b594dc01255\",\"status\":\"200\",\"responseTime\":\"272.796\"}","timestamp":"2025-11-29T09:07:57.177Z"}
{"level":"\u001b[32minfo\u001b[39m","message":"{\"method\":\"GET\",\"url\":\"/api/v1/videos/6928961613409b594dc01255\",\"status\":\"201\",\"responseTime\":\"501.909\"}","timestamp":"2025-11-29T09:07:57.209Z"}
{"level":"\u001b[32minfo\u001b[39m","message":"{\"method\":\"PATCH\",\"url\":\"/api/v1/videos/views/6928961613409b594dc01255\",\"status\":\"200\",\"responseTime\":\"194.200\"}","timestamp":"2025-11-29T09:07:57.383Z"}
{"level":"\u001b[32minfo\u001b[39m","message":"{\"method\":\"GET\",\"url\":\"/api/v1/comments/6928961613409b594dc01255\",\"status\":\"201\",\"responseTime\":\"260.343\"}","timestamp":"2025-11-29T09:07:57.484Z"}
{"0":"6928961613409b594dc01255","1":"692898da696e5d9c996d3046","2":"6928997c696e5d9c996d304b","level":"\u001b[32minfo\u001b[39m","message":"Updated watch history: ","timestamp":"2025-11-29T09:07:58.301Z"}
{"level":"\u001b[32minfo\u001b[39m","message":"{\"method\":\"PATCH\",\"url\":\"/api/v1/users/history/add/6928961613409b594dc01255\",\"status\":\"200\",\"responseTime\":\"374.633\"}","timestamp":"2025-11-29T09:07:58.302Z"}
{"level":"\u001b[32minfo\u001b[39m","message":"{\"method\":\"PATCH\",\"url\":\"/api/v1/videos/views/6928961613409b594dc01255\",\"status\":\"200\",\"responseTime\":\"295.491\"}","timestamp":"2025-11-29T09:07:58.611Z"}
{"level":"\u001b[32minfo\u001b[39m","message":"{\"method\":\"POST\",\"url\":\"/api/v1/comments/6928961613409b594dc01255\",\"status\":\"201\",\"responseTime\":\"583.343\"}","timestamp":"2025-11-29T09:08:05.880Z"}
{"level":"\u001b[32minfo\u001b[39m","message":"{\"method\":\"GET\",\"url\":\"/api/v1/comments/6928961613409b594dc01255\",\"status\":\"201\",\"responseTime\":\"500.093\"}","timestamp":"2025-11-29T09:08:06.394Z"}
{"level":"\u001b[32minfo\u001b[39m","message":"{\"method\":\"PATCH\",\"url\":\"/api/v1/comments/c/692ab7f543aacf56844301fd\",\"status\":\"200\",\"responseTime\":\"338.433\"}","timestamp":"2025-11-29T09:08:16.428Z"}
{"level":"\u001b[32minfo\u001b[39m","message":"{\"method\":\"DELETE\",\"url\":\"/api/v1/comments/c/692ab7f543aacf56844301fd\",\"status\":\"200\",\"responseTime\":\"345.990\"}","timestamp":"2025-11-29T09:08:48.890Z"}
{"level":"\u001b[32minfo\u001b[39m","message":"{\"method\":\"GET\",\"url\":\"/api/v1/notifications/unread-count\",\"status\":\"304\",\"responseTime\":\"213.034\"}","timestamp":"2025-11-29T09:08:56.059Z"}
{"level":"\u001b[32minfo\u001b[39m","message":"{\"method\":\"GET\",\"url\":\"/api/v1/notifications/unread-count\",\"status\":\"304\",\"responseTime\":\"155.286\"}","timestamp":"2025-11-29T09:09:56.364Z"}
{"level":"\u001b[32minfo\u001b[39m","message":"{\"method\":\"GET\",\"url\":\"/api/v1/users/current-user\",\"status\":\"200\",\"responseTime\":\"46.633\"}","timestamp":"2025-11-29T09:10:07.444Z"}
{"level":"\u001b[32minfo\u001b[39m","message":"{\"method\":\"GET\",\"url\":\"/api/v1/users/current-user\",\"status\":\"304\",\"responseTime\":\"79.063\"}","timestamp":"2025-11-29T09:10:07.529Z"}
{"level":"\u001b[32minfo\u001b[39m","message":"{\"method\":\"GET\",\"url\":\"/api/v1/users/theme\",\"status\":\"304\",\"responseTime\":\"67.543\"}","timestamp":"2025-11-29T09:10:07.630Z"}
{"level":"\u001b[32minfo\u001b[39m","message":"{\"method\":\"GET\",\"url\":\"/api/v1/users/theme\",\"status\":\"304\",\"responseTime\":\"90.301\"}","timestamp":"2025-11-29T09:10:07.727Z"}
{"level":"\u001b[32minfo\u001b[39m","message":"{\"method\":\"GET\",\"url\":\"/api/v1/notifications/unread-count\",\"status\":\"304\",\"responseTime\":\"89.801\"}","timestamp":"2025-11-29T09:10:07.796Z"}
{"level":"\u001b[32minfo\u001b[39m","message":"{\"method\":\"GET\",\"url\":\"/api/v1/videos/6928961613409b594dc01255\",\"status\":\"201\",\"responseTime\":\"247.716\"}","timestamp":"2025-11-29T09:10:07.955Z"}
{"level":"\u001b[32minfo\u001b[39m","message":"{\"method\":\"GET\",\"url\":\"/api/v1/notifications/unread-count\",\"status\":\"304\",\"responseTime\":\"193.483\"}","timestamp":"2025-11-29T09:10:07.996Z"}
{"level":"\u001b[32minfo\u001b[39m","message":"{\"method\":\"GET\",\"url\":\"/api/v1/videos/6928961613409b594dc01255\",\"status\":\"201\",\"responseTime\":\"185.442\"}","timestamp":"2025-11-29T09:10:08.149Z"}
{"level":"\u001b[32minfo\u001b[39m","message":"{\"method\":\"GET\",\"url\":\"/api/v1/comments/6928961613409b594dc01255\",\"status\":\"201\",\"responseTime\":\"225.836\"}","timestamp":"2025-11-29T09:10:08.198Z"}
{"level":"\u001b[32minfo\u001b[39m","message":"{\"method\":\"GET\",\"url\":\"/api/v1/comments/6928961613409b594dc01255\",\"status\":\"201\",\"responseTime\":\"444.885\"}","timestamp":"2025-11-29T09:10:08.652Z"}
{"0":"6928961613409b594dc01255","1":"692898da696e5d9c996d3046","2":"6928997c696e5d9c996d304b","level":"\u001b[32minfo\u001b[39m","message":"Updated watch history: ","timestamp":"2025-11-29T09:10:08.654Z"}
{"level":"\u001b[32minfo\u001b[39m","message":"{\"method\":\"PATCH\",\"url\":\"/api/v1/users/history/add/6928961613409b594dc01255\",\"status\":\"200\",\"responseTime\":\"440.029\"}","timestamp":"2025-11-29T09:10:08.656Z"}
{"level":"\u001b[32minfo\u001b[39m","message":"{\"method\":\"PATCH\",\"url\":\"/api/v1/videos/views/6928961613409b594dc01255\",\"status\":\"200\",\"responseTime\":\"281.205\"}","timestamp":"2025-11-29T09:10:08.962Z"}
{"0":"6928961613409b594dc01255","1":"692898da696e5d9c996d3046","2":"6928997c696e5d9c996d304b","level":"\u001b[32minfo\u001b[39m","message":"Updated watch history: ","timestamp":"2025-11-29T09:10:09.016Z"}
{"level":"\u001b[32minfo\u001b[39m","message":"{\"method\":\"PATCH\",\"url\":\"/api/v1/users/history/add/6928961613409b594dc01255\",\"status\":\"200\",\"responseTime\":\"350.947\"}","timestamp":"2025-11-29T09:10:09.032Z"}
{"level":"\u001b[32minfo\u001b[39m","message":"{\"method\":\"PATCH\",\"url\":\"/api/v1/videos/views/6928961613409b594dc01255\",\"status\":\"200\",\"responseTime\":\"360.871\"}","timestamp":"2025-11-29T09:10:09.779Z"}
{"level":"\u001b[32minfo\u001b[39m","message":"{\"method\":\"GET\",\"url\":\"/api/v1/users/current-user\",\"status\":\"200\",\"responseTime\":\"88.152\"}","timestamp":"2025-11-29T09:11:00.280Z"}
{"level":"\u001b[32minfo\u001b[39m","message":"{\"method\":\"GET\",\"url\":\"/api/v1/users/current-user\",\"status\":\"304\",\"responseTime\":\"76.300\"}","timestamp":"2025-11-29T09:11:00.364Z"}
{"level":"\u001b[32minfo\u001b[39m","message":"{\"method\":\"GET\",\"url\":\"/api/v1/users/theme\",\"status\":\"304\",\"responseTime\":\"77.321\"}","timestamp":"2025-11-29T09:11:00.427Z"}
{"level":"\u001b[32minfo\u001b[39m","message":"{\"method\":\"GET\",\"url\":\"/api/v1/users/theme\",\"status\":\"304\",\"responseTime\":\"161.376\"}","timestamp":"2025-11-29T09:11:00.595Z"}
{"level":"\u001b[32minfo\u001b[39m","message":"{\"method\":\"GET\",\"url\":\"/api/v1/notifications/unread-count\",\"status\":\"304\",\"responseTime\":\"297.987\"}","timestamp":"2025-11-29T09:11:00.796Z"}
{"level":"\u001b[32minfo\u001b[39m","message":"{\"method\":\"GET\",\"url\":\"/api/v1/videos/6928961613409b594dc01255\",\"status\":\"201\",\"responseTime\":\"353.158\"}","timestamp":"2025-11-29T09:11:00.853Z"}
{"level":"\u001b[32minfo\u001b[39m","message":"{\"method\":\"GET\",\"url\":\"/api/v1/notifications/unread-count\",\"status\":\"304\",\"responseTime\":\"85.305\"}","timestamp":"2025-11-29T09:11:00.888Z"}
{"level":"\u001b[32minfo\u001b[39m","message":"{\"method\":\"GET\",\"url\":\"/api/v1/videos/6928961613409b594dc01255\",\"status\":\"201\",\"responseTime\":\"139.510\"}","timestamp":"2025-11-29T09:11:00.998Z"}
{"level":"\u001b[32minfo\u001b[39m","message":"{\"method\":\"GET\",\"url\":\"/api/v1/comments/6928961613409b594dc01255\",\"status\":\"201\",\"responseTime\":\"181.487\"}","timestamp":"2025-11-29T09:11:01.050Z"}
{"level":"\u001b[32minfo\u001b[39m","message":"{\"method\":\"GET\",\"url\":\"/api/v1/comments/6928961613409b594dc01255\",\"status\":\"201\",\"responseTime\":\"451.061\"}","timestamp":"2025-11-29T09:11:01.507Z"}
{"0":"6928961613409b594dc01255","1":"692898da696e5d9c996d3046","2":"6928997c696e5d9c996d304b","level":"\u001b[32minfo\u001b[39m","message":"Updated watch history: ","timestamp":"2025-11-29T09:11:01.508Z"}
{"level":"\u001b[32minfo\u001b[39m","message":"{\"method\":\"PATCH\",\"url\":\"/api/v1/users/history/add/6928961613409b594dc01255\",\"status\":\"200\",\"responseTime\":\"446.369\"}","timestamp":"2025-11-29T09:11:01.509Z"}
{"level":"\u001b[32minfo\u001b[39m","message":"{\"method\":\"PATCH\",\"url\":\"/api/v1/videos/views/6928961613409b594dc01255\",\"status\":\"200\",\"responseTime\":\"277.702\"}","timestamp":"2025-11-29T09:11:01.806Z"}
{"0":"6928961613409b594dc01255","1":"692898da696e5d9c996d3046","2":"6928997c696e5d9c996d304b","level":"\u001b[32minfo\u001b[39m","message":"Updated watch history: ","timestamp":"2025-11-29T09:11:01.862Z"}
{"level":"\u001b[32minfo\u001b[39m","message":"{\"method\":\"PATCH\",\"url\":\"/api/v1/users/history/add/6928961613409b594dc01255\",\"status\":\"200\",\"responseTime\":\"345.464\"}","timestamp":"2025-11-29T09:11:01.874Z"}
{"level":"\u001b[32minfo\u001b[39m","message":"{\"method\":\"PATCH\",\"url\":\"/api/v1/videos/views/6928961613409b594dc01255\",\"status\":\"200\",\"responseTime\":\"331.075\"}","timestamp":"2025-11-29T09:11:02.225Z"}
{"level":"\u001b[32minfo\u001b[39m","message":"{\"method\":\"GET\",\"url\":\"/api/v1/notifications/unread-count\",\"status\":\"304\",\"responseTime\":\"205.662\"}","timestamp":"2025-11-29T09:12:01.417Z"}
{"level":"\u001b[32minfo\u001b[39m","message":"Environment variables loaded from .env file","timestamp":"2025-11-29T09:12:19.500Z"}
{"level":"\u001b[32minfo\u001b[39m","message":"Connecting to the database...","timestamp":"2025-11-29T09:12:19.505Z"}
{"level":"\u001b[32minfo\u001b[39m","message":"Connected to the database successfully \n Database Name: vidtube \n Host: ac-umfmukq-shard-00-01.vu6akeu.mongodb.net \n Port: 27017","timestamp":"2025-11-29T09:12:20.672Z"}
{"level":"\u001b[32minfo\u001b[39m","message":"Server is running on port 3000","timestamp":"2025-11-29T09:12:20.679Z"}
{"level":"\u001b[32minfo\u001b[39m","message":"Environment variables loaded from .env file","timestamp":"2025-11-29T09:12:25.285Z"}
{"level":"\u001b[32minfo\u001b[39m","message":"Connecting to the database...","timestamp":"2025-11-29T09:12:25.289Z"}
{"level":"\u001b[32minfo\u001b[39m","message":"Connected to the database successfully \n Database Name: vidtube \n Host: ac-umfmukq-shard-00-01.vu6akeu.mongodb.net \n Port: 27017","timestamp":"2025-11-29T09:12:26.199Z"}
{"level":"\u001b[32minfo\u001b[39m","message":"Server is running on port 3000","timestamp":"2025-11-29T09:12:26.204Z"}
{"level":"\u001b[32minfo\u001b[39m","message":"{\"method\":\"GET\",\"url\":\"/api/v1/users/current-user\",\"status\":\"200\",\"responseTime\":\"159.744\"}","timestamp":"2025-11-29T09:12:30.635Z"}
{"level":"\u001b[32minfo\u001b[39m","message":"{\"method\":\"GET\",\"url\":\"/api/v1/users/current-user\",\"status\":\"304\",\"responseTime\":\"43.760\"}","timestamp":"2025-11-29T09:12:30.686Z"}
{"level":"\u001b[32minfo\u001b[39m","message":"{\"method\":\"GET\",\"url\":\"/api/v1/users/theme\",\"status\":\"304\",\"responseTime\":\"88.393\"}","timestamp":"2025-11-29T09:12:30.749Z"}
{"level":"\u001b[32minfo\u001b[39m","message":"{\"method\":\"GET\",\"url\":\"/api/v1/users/theme\",\"status\":\"304\",\"responseTime\":\"54.294\"}","timestamp":"2025-11-29T09:12:30.809Z"}
{"level":"\u001b[32minfo\u001b[39m","message":"{\"method\":\"GET\",\"url\":\"/api/v1/notifications/unread-count\",\"status\":\"304\",\"responseTime\":\"204.593\"}","timestamp":"2025-11-29T09:12:31.018Z"}
{"level":"\u001b[32minfo\u001b[39m","message":"{\"method\":\"GET\",\"url\":\"/api/v1/videos/6928961613409b594dc01255\",\"status\":\"201\",\"responseTime\":\"235.267\"}","timestamp":"2025-11-29T09:12:31.051Z"}
{"level":"\u001b[32minfo\u001b[39m","message":"{\"method\":\"GET\",\"url\":\"/api/v1/notifications/unread-count\",\"status\":\"304\",\"responseTime\":\"85.006\"}","timestamp":"2025-11-29T09:12:31.110Z"}
{"level":"\u001b[32minfo\u001b[39m","message":"{\"method\":\"GET\",\"url\":\"/api/v1/videos/6928961613409b594dc01255\",\"status\":\"201\",\"responseTime\":\"266.829\"}","timestamp":"2025-11-29T09:12:31.324Z"}
{"level":"\u001b[32minfo\u001b[39m","message":"{\"method\":\"GET\",\"url\":\"/api/v1/comments/6928961613409b594dc01255\",\"status\":\"201\",\"responseTime\":\"305.405\"}","timestamp":"2025-11-29T09:12:31.373Z"}
{"level":"\u001b[32minfo\u001b[39m","message":"{\"method\":\"GET\",\"url\":\"/api/v1/comments/6928961613409b594dc01255\",\"status\":\"201\",\"responseTime\":\"347.980\"}","timestamp":"2025-11-29T09:12:31.727Z"}
{"0":"6928961613409b594dc01255","1":"692898da696e5d9c996d3046","2":"6928997c696e5d9c996d304b","level":"\u001b[32minfo\u001b[39m","message":"Updated watch history: ","timestamp":"2025-11-29T09:12:31.733Z"}
{"level":"\u001b[32minfo\u001b[39m","message":"{\"method\":\"PATCH\",\"url\":\"/api/v1/users/history/add/6928961613409b594dc01255\",\"status\":\"200\",\"responseTime\":\"349.947\"}","timestamp":"2025-11-29T09:12:31.737Z"}
{"level":"\u001b[32minfo\u001b[39m","message":"{\"method\":\"PATCH\",\"url\":\"/api/v1/videos/views/6928961613409b594dc01255\",\"status\":\"200\",\"responseTime\":\"291.958\"}","timestamp":"2025-11-29T09:12:32.046Z"}
{"0":"6928961613409b594dc01255","1":"692898da696e5d9c996d3046","2":"6928997c696e5d9c996d304b","level":"\u001b[32minfo\u001b[39m","message":"Updated watch history: ","timestamp":"2025-11-29T09:12:32.085Z"}
{"level":"\u001b[32minfo\u001b[39m","message":"{\"method\":\"PATCH\",\"url\":\"/api/v1/users/history/add/6928961613409b594dc01255\",\"status\":\"200\",\"responseTime\":\"339.649\"}","timestamp":"2025-11-29T09:12:32.087Z"}
{"level":"\u001b[32minfo\u001b[39m","message":"{\"method\":\"PATCH\",\"url\":\"/api/v1/videos/views/6928961613409b594dc01255\",\"status\":\"200\",\"responseTime\":\"435.145\"}","timestamp":"2025-11-29T09:12:32.547Z"}
{"level":"\u001b[32minfo\u001b[39m","message":"Environment variables loaded from .env file","timestamp":"2025-11-29T09:13:04.553Z"}
{"level":"\u001b[32minfo\u001b[39m","message":"Connecting to the database...","timestamp":"2025-11-29T09:13:04.557Z"}
{"level":"\u001b[32minfo\u001b[39m","message":"Connected to the database successfully \n Database Name: vidtube \n Host: ac-umfmukq-shard-00-01.vu6akeu.mongodb.net \n Port: 27017","timestamp":"2025-11-29T09:13:05.437Z"}
{"level":"\u001b[32minfo\u001b[39m","message":"Server is running on port 3000","timestamp":"2025-11-29T09:13:05.443Z"}
{"level":"\u001b[32minfo\u001b[39m","message":"{\"method\":\"GET\",\"url\":\"/api/v1/users/current-user\",\"status\":\"200\",\"responseTime\":\"100.473\"}","timestamp":"2025-11-29T09:13:08.718Z"}
{"level":"\u001b[32minfo\u001b[39m","message":"{\"method\":\"GET\",\"url\":\"/api/v1/users/current-user\",\"status\":\"304\",\"responseTime\":\"88.358\"}","timestamp":"2025-11-29T09:13:08.812Z"}
{"level":"\u001b[32minfo\u001b[39m","message":"{\"method\":\"GET\",\"url\":\"/api/v1/users/theme\",\"status\":\"304\",\"responseTime\":\"91.525\"}","timestamp":"2025-11-29T09:13:08.871Z"}
{"level":"\u001b[32minfo\u001b[39m","message":"{\"method\":\"GET\",\"url\":\"/api/v1/users/theme\",\"status\":\"304\",\"responseTime\":\"77.064\"}","timestamp":"2025-11-29T09:13:08.954Z"}
{"level":"\u001b[32minfo\u001b[39m","message":"{\"method\":\"GET\",\"url\":\"/api/v1/notifications/unread-count\",\"status\":\"304\",\"responseTime\":\"175.525\"}","timestamp":"2025-11-29T09:13:09.109Z"}
{"level":"\u001b[32minfo\u001b[39m","message":"{\"method\":\"GET\",\"url\":\"/api/v1/videos/6928961613409b594dc01255\",\"status\":\"201\",\"responseTime\":\"278.815\"}","timestamp":"2025-11-29T09:13:09.213Z"}
{"level":"\u001b[32minfo\u001b[39m","message":"{\"method\":\"GET\",\"url\":\"/api/v1/notifications/unread-count\",\"status\":\"304\",\"responseTime\":\"131.982\"}","timestamp":"2025-11-29T09:13:09.253Z"}
{"level":"\u001b[32minfo\u001b[39m","message":"{\"method\":\"GET\",\"url\":\"/api/v1/videos/6928961613409b594dc01255\",\"status\":\"201\",\"responseTime\":\"178.289\"}","timestamp":"2025-11-29T09:13:09.399Z"}
{"level":"\u001b[32minfo\u001b[39m","message":"{\"method\":\"GET\",\"url\":\"/api/v1/comments/6928961613409b594dc01255\",\"status\":\"201\",\"responseTime\":\"223.964\"}","timestamp":"2025-11-29T09:13:09.454Z"}
{"level":"\u001b[32minfo\u001b[39m","message":"{\"method\":\"GET\",\"url\":\"/api/v1/comments/6928961613409b594dc01255\",\"status\":\"201\",\"responseTime\":\"359.803\"}","timestamp":"2025-11-29T09:13:09.824Z"}
{"0":"6928961613409b594dc01255","1":"692898da696e5d9c996d3046","2":"6928997c696e5d9c996d304b","level":"\u001b[32minfo\u001b[39m","message":"Updated watch history: ","timestamp":"2025-11-29T09:13:09.830Z"}
{"level":"\u001b[32minfo\u001b[39m","message":"{\"method\":\"PATCH\",\"url\":\"/api/v1/users/history/add/6928961613409b594dc01255\",\"status\":\"200\",\"responseTime\":\"360.494\"}","timestamp":"2025-11-29T09:13:09.846Z"}
{"level":"\u001b[32minfo\u001b[39m","message":"{\"method\":\"PATCH\",\"url\":\"/api/v1/videos/views/6928961613409b594dc01255\",\"status\":\"200\",\"responseTime\":\"275.723\"}","timestamp":"2025-11-29T09:13:10.134Z"}
{"0":"6928961613409b594dc01255","1":"692898da696e5d9c996d3046","2":"6928997c696e5d9c996d304b","level":"\u001b[32minfo\u001b[39m","message":"Updated watch history: ","timestamp":"2025-11-29T09:13:10.173Z"}
{"level":"\u001b[32minfo\u001b[39m","message":"{\"method\":\"PATCH\",\"url\":\"/api/v1/users/history/add/6928961613409b594dc01255\",\"status\":\"200\",\"responseTime\":\"312.618\"}","timestamp":"2025-11-29T09:13:10.178Z"}
{"level":"\u001b[32minfo\u001b[39m","message":"{\"method\":\"PATCH\",\"url\":\"/api/v1/videos/views/6928961613409b594dc01255\",\"status\":\"200\",\"responseTime\":\"535.925\"}","timestamp":"2025-11-29T09:13:10.746Z"}
{"level":"\u001b[32minfo\u001b[39m","message":"{\"method\":\"GET\",\"url\":\"/api/v1/videos/6928961613409b594dc01255\",\"status\":\"201\",\"responseTime\":\"262.551\"}","timestamp":"2025-11-29T09:13:50.483Z"}
{"level":"\u001b[32minfo\u001b[39m","message":"{\"method\":\"GET\",\"url\":\"/api/v1/comments/6928961613409b594dc01255\",\"status\":\"201\",\"responseTime\":\"392.014\"}","timestamp":"2025-11-29T09:13:50.892Z"}
{"0":"6928961613409b594dc01255","1":"692898da696e5d9c996d3046","2":"6928997c696e5d9c996d304b","level":"\u001b[32minfo\u001b[39m","message":"Updated watch history: ","timestamp":"2025-11-29T09:13:51.299Z"}
{"level":"\u001b[32minfo\u001b[39m","message":"{\"method\":\"PATCH\",\"url\":\"/api/v1/users/history/add/6928961613409b594dc01255\",\"status\":\"200\",\"responseTime\":\"389.825\"}","timestamp":"2025-11-29T09:13:51.300Z"}
{"level":"\u001b[32minfo\u001b[39m","message":"{\"method\":\"PATCH\",\"url\":\"/api/v1/videos/views/6928961613409b594dc01255\",\"status\":\"200\",\"responseTime\":\"294.912\"}","timestamp":"2025-11-29T09:13:51.606Z"}
{"level":"\u001b[32minfo\u001b[39m","message":"{\"method\":\"GET\",\"url\":\"/api/v1/videos/6928961613409b594dc01255\",\"status\":\"201\",\"responseTime\":\"300.902\"}","timestamp":"2025-11-29T09:14:00.519Z"}
{"level":"\u001b[32minfo\u001b[39m","message":"{\"method\":\"GET\",\"url\":\"/api/v1/comments/6928961613409b594dc01255\",\"status\":\"201\",\"responseTime\":\"694.414\"}","timestamp":"2025-11-29T09:14:01.240Z"}
{"0":"6928961613409b594dc01255","1":"692898da696e5d9c996d3046","2":"6928997c696e5d9c996d304b","level":"\u001b[32minfo\u001b[39m","message":"Updated watch history: ","timestamp":"2025-11-29T09:14:01.640Z"}
{"level":"\u001b[32minfo\u001b[39m","message":"{\"method\":\"PATCH\",\"url\":\"/api/v1/users/history/add/6928961613409b594dc01255\",\"status\":\"200\",\"responseTime\":\"386.692\"}","timestamp":"2025-11-29T09:14:01.641Z"}
{"level":"\u001b[32minfo\u001b[39m","message":"{\"method\":\"PATCH\",\"url\":\"/api/v1/videos/views/6928961613409b594dc01255\",\"status\":\"200\",\"responseTime\":\"295.506\"}","timestamp":"2025-11-29T09:14:01.948Z"}
{"level":"\u001b[32minfo\u001b[39m","message":"{\"method\":\"GET\",\"url\":\"/api/v1/notifications/unread-count\",\"status\":\"304\",\"responseTime\":\"1067.788\"}","timestamp":"2025-11-29T09:24:35.306Z"}
{"level":"\u001b[32minfo\u001b[39m","message":"{\"method\":\"GET\",\"url\":\"/api/v1/users/current-user\",\"status\":\"200\",\"responseTime\":\"110.210\"}","timestamp":"2025-11-29T09:24:35.773Z"}
{"level":"\u001b[32minfo\u001b[39m","message":"{\"method\":\"GET\",\"url\":\"/api/v1/users/current-user\",\"status\":\"304\",\"responseTime\":\"50.723\"}","timestamp":"2025-11-29T09:24:35.836Z"}
{"level":"\u001b[32minfo\u001b[39m","message":"{\"method\":\"GET\",\"url\":\"/api/v1/users/theme\",\"status\":\"304\",\"responseTime\":\"109.644\"}","timestamp":"2025-11-29T09:24:36.404Z"}
{"level":"\u001b[32minfo\u001b[39m","message":"{\"method\":\"GET\",\"url\":\"/api/v1/users/theme\",\"status\":\"304\",\"responseTime\":\"108.981\"}","timestamp":"2025-11-29T09:24:36.518Z"}
{"level":"\u001b[32minfo\u001b[39m","message":"{\"method\":\"GET\",\"url\":\"/api/v1/notifications/unread-count\",\"status\":\"200\",\"responseTime\":\"639.863\"}","timestamp":"2025-11-29T09:24:37.119Z"}
{"level":"\u001b[32minfo\u001b[39m","message":"{\"method\":\"GET\",\"url\":\"/api/v1/notifications/unread-count\",\"status\":\"304\",\"responseTime\":\"113.160\"}","timestamp":"2025-11-29T09:24:37.237Z"}
{"level":"\u001b[32minfo\u001b[39m","message":"{\"method\":\"GET\",\"url\":\"/api/v1/videos/6928961613409b594dc01255\",\"status\":\"201\",\"responseTime\":\"1051.257\"}","timestamp":"2025-11-29T09:24:37.536Z"}
{"level":"\u001b[32minfo\u001b[39m","message":"{\"method\":\"GET\",\"url\":\"/api/v1/videos/6928961613409b594dc01255\",\"status\":\"201\",\"responseTime\":\"209.089\"}","timestamp":"2025-11-29T09:24:37.751Z"}
{"level":"\u001b[32minfo\u001b[39m","message":"{\"method\":\"GET\",\"url\":\"/api/v1/comments/6928961613409b594dc01255\",\"status\":\"201\",\"responseTime\":\"324.979\"}","timestamp":"2025-11-29T09:24:37.875Z"}
{"level":"\u001b[32minfo\u001b[39m","message":"{\"method\":\"GET\",\"url\":\"/api/v1/comments/6928961613409b594dc01255\",\"status\":\"201\",\"responseTime\":\"249.628\"}","timestamp":"2025-11-29T09:24:38.129Z"}
{"0":"6928961613409b594dc01255","1":"692898da696e5d9c996d3046","2":"6928997c696e5d9c996d304b","level":"\u001b[32minfo\u001b[39m","message":"Updated watch history: ","timestamp":"2025-11-29T09:24:38.131Z"}
{"level":"\u001b[32minfo\u001b[39m","message":"{\"method\":\"PATCH\",\"url\":\"/api/v1/users/history/add/6928961613409b594dc01255\",\"status\":\"200\",\"responseTime\":\"243.992\"}","timestamp":"2025-11-29T09:24:38.132Z"}
{"level":"\u001b[32minfo\u001b[39m","message":"{\"method\":\"PATCH\",\"url\":\"/api/v1/videos/views/6928961613409b594dc01255\",\"status\":\"200\",\"responseTime\":\"225.530\"}","timestamp":"2025-11-29T09:24:38.375Z"}
{"0":"6928961613409b594dc01255","1":"692898da696e5d9c996d3046","2":"6928997c696e5d9c996d304b","level":"\u001b[32minfo\u001b[39m","message":"Updated watch history: ","timestamp":"2025-11-29T09:24:38.408Z"}
{"level":"\u001b[32minfo\u001b[39m","message":"{\"method\":\"PATCH\",\"url\":\"/api/v1/users/history/add/6928961613409b594dc01255\",\"status\":\"200\",\"responseTime\":\"264.592\"}","timestamp":"2025-11-29T09:24:38.410Z"}
{"level":"\u001b[32minfo\u001b[39m","message":"{\"method\":\"PATCH\",\"url\":\"/api/v1/videos/views/6928961613409b594dc01255\",\"status\":\"200\",\"responseTime\":\"240.335\"}","timestamp":"2025-11-29T09:24:38.677Z"}
{"level":"\u001b[32minfo\u001b[39m","message":"{\"method\":\"GET\",\"url\":\"/api/v1/notifications/unread-count\",\"status\":\"304\",\"responseTime\":\"179.396\"}","timestamp":"2025-11-29T09:25:37.387Z"}
{"level":"\u001b[32minfo\u001b[39m","message":"{\"method\":\"GET\",\"url\":\"/api/v1/notifications/unread-count\",\"status\":\"304\",\"responseTime\":\"182.936\"}","timestamp":"2025-11-29T09:26:37.399Z"}
{"level":"\u001b[32minfo\u001b[39m","message":"{\"method\":\"GET\",\"url\":\"/api/v1/notifications/unread-count\",\"status\":\"304\",\"responseTime\":\"157.661\"}","timestamp":"2025-11-29T09:27:37.377Z"}
{"level":"\u001b[32minfo\u001b[39m","message":"{\"method\":\"GET\",\"url\":\"/api/v1/notifications/unread-count\",\"status\":\"304\",\"responseTime\":\"214.798\"}","timestamp":"2025-11-29T09:28:37.426Z"}
{"level":"\u001b[32minfo\u001b[39m","message":"{\"method\":\"GET\",\"url\":\"/api/v1/videos/6928961613409b594dc01255\",\"status\":\"201\",\"responseTime\":\"291.736\"}","timestamp":"2025-11-29T09:29:32.525Z"}
{"level":"\u001b[32minfo\u001b[39m","message":"{\"method\":\"GET\",\"url\":\"/api/v1/comments/6928961613409b594dc01255\",\"status\":\"201\",\"responseTime\":\"338.630\"}","timestamp":"2025-11-29T09:29:32.934Z"}
{"0":"6928961613409b594dc01255","1":"692898da696e5d9c996d3046","2":"6928997c696e5d9c996d304b","level":"\u001b[32minfo\u001b[39m","message":"Updated watch history: ","timestamp":"2025-11-29T09:29:33.239Z"}
{"level":"\u001b[32minfo\u001b[39m","message":"{\"method\":\"PATCH\",\"url\":\"/api/v1/users/history/add/6928961613409b594dc01255\",\"status\":\"200\",\"responseTime\":\"293.939\"}","timestamp":"2025-11-29T09:29:33.240Z"}
{"level":"\u001b[32minfo\u001b[39m","message":"{\"method\":\"PATCH\",\"url\":\"/api/v1/videos/views/6928961613409b594dc01255\",\"status\":\"200\",\"responseTime\":\"202.700\"}","timestamp":"2025-11-29T09:29:33.458Z"}
{"level":"\u001b[32minfo\u001b[39m","message":"{\"method\":\"GET\",\"url\":\"/api/v1/notifications/unread-count\",\"status\":\"304\",\"responseTime\":\"130.079\"}","timestamp":"2025-11-29T09:29:36.612Z"}
{"level":"\u001b[32minfo\u001b[39m","message":"{\"method\":\"GET\",\"url\":\"/api/v1/notifications/unread-count\",\"status\":\"304\",\"responseTime\":\"240.159\"}","timestamp":"2025-11-29T09:30:37.447Z"}
{"level":"\u001b[32minfo\u001b[39m","message":"{\"method\":\"GET\",\"url\":\"/api/v1/users/current-user\",\"status\":\"200\",\"responseTime\":\"394.711\"}","timestamp":"2025-11-29T09:31:19.743Z"}
{"level":"\u001b[32minfo\u001b[39m","message":"{\"method\":\"GET\",\"url\":\"/api/v1/users/current-user\",\"status\":\"304\",\"responseTime\":\"47.067\"}","timestamp":"2025-11-29T09:31:19.796Z"}
{"level":"\u001b[32minfo\u001b[39m","message":"{\"method\":\"GET\",\"url\":\"/api/v1/users/theme\",\"status\":\"304\",\"responseTime\":\"39.592\"}","timestamp":"2025-11-29T09:31:19.799Z"}
{"level":"\u001b[32minfo\u001b[39m","message":"{\"method\":\"GET\",\"url\":\"/api/v1/users/theme\",\"status\":\"304\",\"responseTime\":\"46.464\"}","timestamp":"2025-11-29T09:31:19.854Z"}
{"level":"\u001b[32minfo\u001b[39m","message":"{\"method\":\"GET\",\"url\":\"/api/v1/notifications/unread-count\",\"status\":\"304\",\"responseTime\":\"193.292\"}","timestamp":"2025-11-29T09:31:20.052Z"}
{"level":"\u001b[32minfo\u001b[39m","message":"{\"method\":\"GET\",\"url\":\"/api/v1/videos/6928961613409b594dc01255\",\"status\":\"201\",\"responseTime\":\"283.600\"}","timestamp":"2025-11-29T09:31:20.143Z"}
{"level":"\u001b[32minfo\u001b[39m","message":"{\"method\":\"GET\",\"url\":\"/api/v1/notifications/unread-count\",\"status\":\"304\",\"responseTime\":\"122.009\"}","timestamp":"2025-11-29T09:31:20.180Z"}
{"level":"\u001b[32minfo\u001b[39m","message":"{\"method\":\"GET\",\"url\":\"/api/v1/videos/6928961613409b594dc01255\",\"status\":\"201\",\"responseTime\":\"209.497\"}","timestamp":"2025-11-29T09:31:20.360Z"}
{"level":"\u001b[32minfo\u001b[39m","message":"{\"method\":\"GET\",\"url\":\"/api/v1/comments/6928961613409b594dc01255\",\"status\":\"201\",\"responseTime\":\"254.932\"}","timestamp":"2025-11-29T09:31:20.413Z"}
{"level":"\u001b[32minfo\u001b[39m","message":"{\"method\":\"GET\",\"url\":\"/api/v1/comments/6928961613409b594dc01255\",\"status\":\"201\",\"responseTime\":\"244.910\"}","timestamp":"2025-11-29T09:31:20.666Z"}
{"0":"6928961613409b594dc01255","1":"692898da696e5d9c996d3046","2":"6928997c696e5d9c996d304b","level":"\u001b[32minfo\u001b[39m","message":"Updated watch history: ","timestamp":"2025-11-29T09:31:20.667Z"}
{"level":"\u001b[32minfo\u001b[39m","message":"{\"method\":\"PATCH\",\"url\":\"/api/v1/users/history/add/6928961613409b594dc01255\",\"status\":\"200\",\"responseTime\":\"241.289\"}","timestamp":"2025-11-29T09:31:20.668Z"}
{"level":"\u001b[32minfo\u001b[39m","message":"{\"method\":\"PATCH\",\"url\":\"/api/v1/videos/views/6928961613409b594dc01255\",\"status\":\"200\",\"responseTime\":\"286.823\"}","timestamp":"2025-11-29T09:31:20.974Z"}
{"0":"6928961613409b594dc01255","1":"692898da696e5d9c996d3046","2":"6928997c696e5d9c996d304b","level":"\u001b[32minfo\u001b[39m","message":"Updated watch history: ","timestamp":"2025-11-29T09:31:21.016Z"}
{"level":"\u001b[32minfo\u001b[39m","message":"{\"method\":\"PATCH\",\"url\":\"/api/v1/users/history/add/6928961613409b594dc01255\",\"status\":\"200\",\"responseTime\":\"334.107\"}","timestamp":"2025-11-29T09:31:21.018Z"}
{"level":"\u001b[32minfo\u001b[39m","message":"{\"method\":\"PATCH\",\"url\":\"/api/v1/videos/views/6928961613409b594dc01255\",\"status\":\"200\",\"responseTime\":\"284.112\"}","timestamp":"2025-11-29T09:31:21.332Z"}
{"level":"\u001b[32minfo\u001b[39m","message":"{\"method\":\"GET\",\"url\":\"/api/v1/notifications/unread-count\",\"status\":\"304\",\"responseTime\":\"203.496\"}","timestamp":"2025-11-29T09:32:20.059Z"}
{"level":"\u001b[32minfo\u001b[39m","message":"{\"method\":\"GET\",\"url\":\"/api/v1/notifications/unread-count\",\"status\":\"304\",\"responseTime\":\"156.976\"}","timestamp":"2025-11-29T09:33:20.378Z"}
{"level":"\u001b[32minfo\u001b[39m","message":"{\"method\":\"GET\",\"url\":\"/api/v1/notifications/unread-count\",\"status\":\"304\",\"responseTime\":\"170.382\"}","timestamp":"2025-11-29T09:34:20.387Z"}
{"level":"\u001b[32minfo\u001b[39m","message":"{\"method\":\"GET\",\"url\":\"/api/v1/notifications/unread-count\",\"status\":\"304\",\"responseTime\":\"183.346\"}","timestamp":"2025-11-29T09:35:20.401Z"}
{"level":"\u001b[32minfo\u001b[39m","message":"{\"method\":\"GET\",\"url\":\"/api/v1/notifications/unread-count\",\"status\":\"304\",\"responseTime\":\"201.921\"}","timestamp":"2025-11-29T09:36:20.409Z"}
{"level":"\u001b[32minfo\u001b[39m","message":"{\"method\":\"GET\",\"url\":\"/api/v1/videos/6928961613409b594dc01255\",\"status\":\"201\",\"responseTime\":\"210.113\"}","timestamp":"2025-11-29T09:37:11.248Z"}
{"level":"\u001b[32minfo\u001b[39m","message":"{\"method\":\"GET\",\"url\":\"/api/v1/comments/6928961613409b594dc01255\",\"status\":\"201\",\"responseTime\":\"283.764\"}","timestamp":"2025-11-29T09:37:11.821Z"}
{"0":"6928961613409b594dc01255","1":"692898da696e5d9c996d3046","2":"6928997c696e5d9c996d304b","level":"\u001b[32minfo\u001b[39m","message":"Updated watch history: ","timestamp":"2025-11-29T09:37:12.128Z"}
{"level":"\u001b[32minfo\u001b[39m","message":"{\"method\":\"PATCH\",\"url\":\"/api/v1/users/history/add/6928961613409b594dc01255\",\"status\":\"200\",\"responseTime\":\"297.546\"}","timestamp":"2025-11-29T09:37:12.129Z"}
{"level":"\u001b[32minfo\u001b[39m","message":"{\"method\":\"PATCH\",\"url\":\"/api/v1/videos/views/6928961613409b594dc01255\",\"status\":\"200\",\"responseTime\":\"296.828\"}","timestamp":"2025-11-29T09:37:12.438Z"}
{"level":"\u001b[32minfo\u001b[39m","message":"{\"method\":\"GET\",\"url\":\"/api/v1/users/current-user\",\"status\":\"200\",\"responseTime\":\"146.133\"}","timestamp":"2025-11-29T09:37:15.816Z"}
{"level":"\u001b[32minfo\u001b[39m","message":"{\"method\":\"GET\",\"url\":\"/api/v1/users/current-user\",\"status\":\"304\",\"responseTime\":\"46.129\"}","timestamp":"2025-11-29T09:37:15.873Z"}
{"level":"\u001b[32minfo\u001b[39m","message":"{\"method\":\"GET\",\"url\":\"/api/v1/users/theme\",\"status\":\"304\",\"responseTime\":\"60.524\"}","timestamp":"2025-11-29T09:37:15.917Z"}
{"level":"\u001b[32minfo\u001b[39m","message":"{\"method\":\"GET\",\"url\":\"/api/v1/users/theme\",\"status\":\"304\",\"responseTime\":\"79.546\"}","timestamp":"2025-11-29T09:37:16.001Z"}
{"level":"\u001b[32minfo\u001b[39m","message":"{\"method\":\"GET\",\"url\":\"/api/v1/notifications/unread-count\",\"status\":\"304\",\"responseTime\":\"137.585\"}","timestamp":"2025-11-29T09:37:16.125Z"}
{"level":"\u001b[32minfo\u001b[39m","message":"{\"method\":\"GET\",\"url\":\"/api/v1/videos/6928961613409b594dc01255\",\"status\":\"201\",\"responseTime\":\"238.080\"}","timestamp":"2025-11-29T09:37:16.226Z"}
{"level":"\u001b[32minfo\u001b[39m","message":"{\"method\":\"GET\",\"url\":\"/api/v1/notifications/unread-count\",\"status\":\"304\",\"responseTime\":\"131.744\"}","timestamp":"2025-11-29T09:37:16.262Z"}
{"level":"\u001b[32minfo\u001b[39m","message":"{\"method\":\"GET\",\"url\":\"/api/v1/videos/6928961613409b594dc01255\",\"status\":\"201\",\"responseTime\":\"198.061\"}","timestamp":"2025-11-29T09:37:16.431Z"}
{"level":"\u001b[32minfo\u001b[39m","message":"{\"method\":\"GET\",\"url\":\"/api/v1/comments/6928961613409b594dc01255\",\"status\":\"201\",\"responseTime\":\"246.737\"}","timestamp":"2025-11-29T09:37:16.489Z"}
{"level":"\u001b[32minfo\u001b[39m","message":"{\"method\":\"GET\",\"url\":\"/api/v1/comments/6928961613409b594dc01255\",\"status\":\"201\",\"responseTime\":\"125.336\"}","timestamp":"2025-11-29T09:37:16.621Z"}
{"0":"6928961613409b594dc01255","1":"692898da696e5d9c996d3046","2":"6928997c696e5d9c996d304b","level":"\u001b[32minfo\u001b[39m","message":"Updated watch history: ","timestamp":"2025-11-29T09:37:16.646Z"}
{"level":"\u001b[32minfo\u001b[39m","message":"{\"method\":\"PATCH\",\"url\":\"/api/v1/users/history/add/6928961613409b594dc01255\",\"status\":\"200\",\"responseTime\":\"142.973\"}","timestamp":"2025-11-29T09:37:16.647Z"}
{"0":"6928961613409b594dc01255","1":"692898da696e5d9c996d3046","2":"6928997c696e5d9c996d304b","level":"\u001b[32minfo\u001b[39m","message":"Updated watch history: ","timestamp":"2025-11-29T09:37:16.941Z"}
{"level":"\u001b[32minfo\u001b[39m","message":"{\"method\":\"PATCH\",\"url\":\"/api/v1/users/history/add/6928961613409b594dc01255\",\"status\":\"200\",\"responseTime\":\"309.888\"}","timestamp":"2025-11-29T09:37:16.943Z"}
{"level":"\u001b[32minfo\u001b[39m","message":"{\"method\":\"PATCH\",\"url\":\"/api/v1/videos/views/6928961613409b594dc01255\",\"status\":\"200\",\"responseTime\":\"283.974\"}","timestamp":"2025-11-29T09:37:16.944Z"}
{"level":"\u001b[32minfo\u001b[39m","message":"{\"method\":\"PATCH\",\"url\":\"/api/v1/videos/views/6928961613409b594dc01255\",\"status\":\"200\",\"responseTime\":\"289.756\"}","timestamp":"2025-11-29T09:37:17.244Z"}
{"level":"\u001b[32minfo\u001b[39m","message":"{\"method\":\"GET\",\"url\":\"/api/v1/videos/\",\"status\":\"200\",\"responseTime\":\"246.805\"}","timestamp":"2025-11-29T09:37:32.612Z"}
{"level":"\u001b[32minfo\u001b[39m","message":"{\"method\":\"GET\",\"url\":\"/api/v1/tweets/\",\"status\":\"304\",\"responseTime\":\"239.421\"}","timestamp":"2025-11-29T09:37:32.614Z"}
{"level":"\u001b[32minfo\u001b[39m","message":"{\"method\":\"GET\",\"url\":\"/api/v1/videos/\",\"status\":\"304\",\"responseTime\":\"93.852\"}","timestamp":"2025-11-29T09:37:32.712Z"}
{"level":"\u001b[32minfo\u001b[39m","message":"{\"method\":\"GET\",\"url\":\"/api/v1/tweets/\",\"status\":\"304\",\"responseTime\":\"95.361\"}","timestamp":"2025-11-29T09:37:32.715Z"}
{"level":"\u001b[32minfo\u001b[39m","message":"{\"method\":\"GET\",\"url\":\"/api/v1/users/current-user\",\"status\":\"200\",\"responseTime\":\"35.154\"}","timestamp":"2025-11-29T09:38:46.017Z"}
{"level":"\u001b[32minfo\u001b[39m","message":"{\"method\":\"GET\",\"url\":\"/api/v1/users/current-user\",\"status\":\"304\",\"responseTime\":\"115.883\"}","timestamp":"2025-11-29T09:38:46.142Z"}
{"level":"\u001b[32minfo\u001b[39m","message":"{\"method\":\"GET\",\"url\":\"/api/v1/users/theme\",\"status\":\"304\",\"responseTime\":\"81.911\"}","timestamp":"2025-11-29T09:38:46.241Z"}
{"level":"\u001b[32minfo\u001b[39m","message":"{\"method\":\"GET\",\"url\":\"/api/v1/users/theme\",\"status\":\"304\",\"responseTime\":\"70.245\"}","timestamp":"2025-11-29T09:38:46.319Z"}
{"level":"\u001b[32minfo\u001b[39m","message":"{\"method\":\"GET\",\"url\":\"/api/v1/videos/\",\"status\":\"304\",\"responseTime\":\"111.597\"}","timestamp":"2025-11-29T09:38:46.419Z"}
{"level":"\u001b[32minfo\u001b[39m","message":"{\"method\":\"GET\",\"url\":\"/api/v1/notifications/unread-count\",\"status\":\"304\",\"responseTime\":\"118.122\"}","timestamp":"2025-11-29T09:38:46.421Z"}
{"level":"\u001b[32minfo\u001b[39m","message":"{\"method\":\"GET\",\"url\":\"/api/v1/tweets/\",\"status\":\"304\",\"responseTime\":\"116.063\"}","timestamp":"2025-11-29T09:38:46.423Z"}
{"level":"\u001b[32minfo\u001b[39m","message":"{\"method\":\"GET\",\"url\":\"/api/v1/tweets/\",\"status\":\"304\",\"responseTime\":\"235.169\"}","timestamp":"2025-11-29T09:38:46.671Z"}
{"level":"\u001b[32minfo\u001b[39m","message":"{\"method\":\"GET\",\"url\":\"/api/v1/notifications/unread-count\",\"status\":\"304\",\"responseTime\":\"243.345\"}","timestamp":"2025-11-29T09:38:46.676Z"}
{"level":"\u001b[32minfo\u001b[39m","message":"{\"method\":\"GET\",\"url\":\"/api/v1/videos/\",\"status\":\"304\",\"responseTime\":\"249.956\"}","timestamp":"2025-11-29T09:38:46.681Z"}
{"level":"\u001b[32minfo\u001b[39m","message":"{\"method\":\"GET\",\"url\":\"/api/v1/like/videos\",\"status\":\"200\",\"responseTime\":\"196.699\"}","timestamp":"2025-11-29T09:39:19.728Z"}
{"level":"\u001b[32minfo\u001b[39m","message":"{\"method\":\"GET\",\"url\":\"/api/v1/like/videos\",\"status\":\"304\",\"responseTime\":\"68.280\"}","timestamp":"2025-11-29T09:39:19.803Z"}
{"level":"\u001b[32minfo\u001b[39m","message":"{\"method\":\"GET\",\"url\":\"/api/v1/users/u/692891628b3cde57350a5bfa\",\"status\":\"304\",\"responseTime\":\"74.319\"}","timestamp":"2025-11-29T09:39:19.827Z"}
{"level":"\u001b[32minfo\u001b[39m","message":"{\"method\":\"GET\",\"url\":\"/api/v1/users/u/692891628b3cde57350a5bfa\",\"status\":\"304\",\"responseTime\":\"103.119\"}","timestamp":"2025-11-29T09:39:19.935Z"}
{"level":"\u001b[32minfo\u001b[39m","message":"{\"method\":\"GET\",\"url\":\"/api/v1/users/u/692891628b3cde57350a5bfa\",\"status\":\"304\",\"responseTime\":\"197.030\"}","timestamp":"2025-11-29T09:39:20.137Z"}
{"level":"\u001b[32minfo\u001b[39m","message":"{\"method\":\"GET\",\"url\":\"/api/v1/users/u/692891628b3cde57350a5bfa\",\"status\":\"304\",\"responseTime\":\"199.358\"}","timestamp":"2025-11-29T09:39:20.342Z"}
{"level":"\u001b[32minfo\u001b[39m","message":"{\"method\":\"GET\",\"url\":\"/api/v1/playlist/user/692894ab13409b594dc01248\",\"status\":\"200\",\"responseTime\":\"564.098\"}","timestamp":"2025-11-29T09:39:21.468Z"}
{"level":"\u001b[32minfo\u001b[39m","message":"{\"method\":\"GET\",\"url\":\"/api/v1/playlist/user/692894ab13409b594dc01248\",\"status\":\"304\",\"responseTime\":\"303.260\"}","timestamp":"2025-11-29T09:39:21.776Z"}
{"level":"\u001b[32minfo\u001b[39m","message":"{\"method\":\"GET\",\"url\":\"/api/v1/notifications/?page=1&limit=20\",\"status\":\"200\",\"responseTime\":\"383.599\"}","timestamp":"2025-11-29T09:39:23.981Z"}
{"level":"\u001b[32minfo\u001b[39m","message":"{\"method\":\"GET\",\"url\":\"/api/v1/notifications/?page=1&limit=20\",\"status\":\"304\",\"responseTime\":\"421.983\"}","timestamp":"2025-11-29T09:39:24.439Z"}
{"level":"\u001b[32minfo\u001b[39m","message":"{\"method\":\"GET\",\"url\":\"/api/v1/videos/\",\"status\":\"304\",\"responseTime\":\"111.387\"}","timestamp":"2025-11-29T09:39:26.043Z"}
{"level":"\u001b[32minfo\u001b[39m","message":"{\"method\":\"GET\",\"url\":\"/api/v1/tweets/\",\"status\":\"304\",\"responseTime\":\"101.153\"}","timestamp":"2025-11-29T09:39:26.045Z"}
{"level":"\u001b[32minfo\u001b[39m","message":"{\"method\":\"GET\",\"url\":\"/api/v1/videos/\",\"status\":\"304\",\"responseTime\":\"232.150\"}","timestamp":"2025-11-29T09:39:26.284Z"}
{"level":"\u001b[32minfo\u001b[39m","message":"{\"method\":\"GET\",\"url\":\"/api/v1/tweets/\",\"status\":\"304\",\"responseTime\":\"229.343\"}","timestamp":"2025-11-29T09:39:26.287Z"}
{"level":"\u001b[32minfo\u001b[39m","message":"{\"method\":\"GET\",\"url\":\"/api/v1/notifications/?page=1&limit=20\",\"status\":\"304\",\"responseTime\":\"301.097\"}","timestamp":"2025-11-29T09:39:32.699Z"}
{"level":"\u001b[32minfo\u001b[39m","message":"{\"method\":\"GET\",\"url\":\"/api/v1/notifications/?page=1&limit=20\",\"status\":\"304\",\"responseTime\":\"403.090\"}","timestamp":"2025-11-29T09:39:33.107Z"}
{"level":"\u001b[32minfo\u001b[39m","message":"{\"method\":\"GET\",\"url\":\"/api/v1/dashboard/videos\",\"status\":\"200\",\"responseTime\":\"106.501\"}","timestamp":"2025-11-29T09:39:33.800Z"}
{"level":"\u001b[32minfo\u001b[39m","message":"{\"method\":\"GET\",\"url\":\"/api/v1/dashboard/stats\",\"status\":\"200\",\"responseTime\":\"223.444\"}","timestamp":"2025-11-29T09:39:33.902Z"}
{"level":"\u001b[32minfo\u001b[39m","message":"{\"method\":\"GET\",\"url\":\"/api/v1/dashboard/videos\",\"status\":\"304\",\"responseTime\":\"157.032\"}","timestamp":"2025-11-29T09:39:33.963Z"}
{"level":"\u001b[32minfo\u001b[39m","message":"{\"method\":\"GET\",\"url\":\"/api/v1/dashboard/stats\",\"status\":\"304\",\"responseTime\":\"489.042\"}","timestamp":"2025-11-29T09:39:34.396Z"}
{"level":"\u001b[32minfo\u001b[39m","message":"{\"method\":\"GET\",\"url\":\"/api/v1/notifications/?page=1&limit=20\",\"status\":\"304\",\"responseTime\":\"458.543\"}","timestamp":"2025-11-29T09:39:35.499Z"}
{"level":"\u001b[32minfo\u001b[39m","message":"{\"method\":\"GET\",\"url\":\"/api/v1/notifications/?page=1&limit=20\",\"status\":\"304\",\"responseTime\":\"300.763\"}","timestamp":"2025-11-29T09:39:35.805Z"}
{"level":"\u001b[32minfo\u001b[39m","message":"{\"method\":\"GET\",\"url\":\"/api/v1/dashboard/videos\",\"status\":\"304\",\"responseTime\":\"314.035\"}","timestamp":"2025-11-29T09:39:37.958Z"}
{"level":"\u001b[32minfo\u001b[39m","message":"{\"method\":\"GET\",\"url\":\"/api/v1/dashboard/videos\",\"status\":\"304\",\"responseTime\":\"299.947\"}","timestamp":"2025-11-29T09:39:38.264Z"}
{"level":"\u001b[32minfo\u001b[39m","message":"{\"method\":\"GET\",\"url\":\"/api/v1/dashboard/stats\",\"status\":\"304\",\"responseTime\":\"633.223\"}","timestamp":"2025-11-29T09:39:38.266Z"}
{"level":"\u001b[32minfo\u001b[39m","message":"{\"method\":\"GET\",\"url\":\"/api/v1/dashboard/stats\",\"status\":\"304\",\"responseTime\":\"607.096\"}","timestamp":"2025-11-29T09:39:38.880Z"}
{"level":"\u001b[32minfo\u001b[39m","message":"{\"method\":\"GET\",\"url\":\"/api/v1/tweets/\",\"status\":\"304\",\"responseTime\":\"221.979\"}","timestamp":"2025-11-29T09:39:44.411Z"}
{"level":"\u001b[32minfo\u001b[39m","message":"{\"method\":\"GET\",\"url\":\"/api/v1/videos/\",\"status\":\"304\",\"responseTime\":\"227.451\"}","timestamp":"2025-11-29T09:39:44.416Z"}
{"level":"\u001b[32minfo\u001b[39m","message":"{\"method\":\"GET\",\"url\":\"/api/v1/tweets/\",\"status\":\"304\",\"responseTime\":\"197.101\"}","timestamp":"2025-11-29T09:39:44.617Z"}
{"level":"\u001b[32minfo\u001b[39m","message":"{\"method\":\"GET\",\"url\":\"/api/v1/videos/\",\"status\":\"304\",\"responseTime\":\"196.072\"}","timestamp":"2025-11-29T09:39:44.621Z"}
{"level":"\u001b[32minfo\u001b[39m","message":"{\"method\":\"GET\",\"url\":\"/api/v1/notifications/unread-count\",\"status\":\"304\",\"responseTime\":\"114.761\"}","timestamp":"2025-11-29T09:39:46.415Z"}
{"level":"\u001b[32minfo\u001b[39m","message":"{\"method\":\"GET\",\"url\":\"/api/v1/dashboard/videos\",\"status\":\"304\",\"responseTime\":\"299.184\"}","timestamp":"2025-11-29T09:40:06.938Z"}
{"level":"\u001b[32minfo\u001b[39m","message":"{\"method\":\"GET\",\"url\":\"/api/v1/dashboard/videos\",\"status\":\"304\",\"responseTime\":\"277.824\"}","timestamp":"2025-11-29T09:40:07.224Z"}
{"level":"\u001b[32minfo\u001b[39m","message":"{\"method\":\"GET\",\"url\":\"/api/v1/dashboard/stats\",\"status\":\"304\",\"responseTime\":\"588.118\"}","timestamp":"2025-11-29T09:40:07.226Z"}
{"level":"\u001b[32minfo\u001b[39m","message":"{\"method\":\"GET\",\"url\":\"/api/v1/dashboard/stats\",\"status\":\"304\",\"responseTime\":\"523.480\"}","timestamp":"2025-11-29T09:40:07.757Z"}
{"level":"\u001b[32minfo\u001b[39m","message":"{\"method\":\"GET\",\"url\":\"/api/v1/notifications/unread-count\",\"status\":\"304\",\"responseTime\":\"157.020\"}","timestamp":"2025-11-29T09:40:46.468Z"}
{"level":"\u001b[32minfo\u001b[39m","message":"{\"method\":\"GET\",\"url\":\"/api/v1/notifications/unread-count\",\"status\":\"304\",\"responseTime\":\"182.937\"}","timestamp":"2025-11-29T09:41:47.399Z"}
{"level":"\u001b[32minfo\u001b[39m","message":"{\"method\":\"GET\",\"url\":\"/api/v1/notifications/unread-count\",\"status\":\"304\",\"responseTime\":\"193.688\"}","timestamp":"2025-11-29T09:42:47.410Z"}
{"level":"\u001b[32minfo\u001b[39m","message":"{\"method\":\"PATCH\",\"url\":\"/api/v1/users/theme\",\"status\":\"200\",\"responseTime\":\"252.293\"}","timestamp":"2025-11-29T09:43:15.473Z"}
{"level":"\u001b[32minfo\u001b[39m","message":"{\"method\":\"GET\",\"url\":\"/api/v1/dashboard/videos\",\"status\":\"304\",\"responseTime\":\"297.178\"}","timestamp":"2025-11-29T09:43:15.524Z"}
{"level":"\u001b[32minfo\u001b[39m","message":"{\"method\":\"GET\",\"url\":\"/api/v1/dashboard/stats\",\"status\":\"304\",\"responseTime\":\"561.417\"}","timestamp":"2025-11-29T09:43:15.787Z"}
{"level":"\u001b[32minfo\u001b[39m","message":"{\"method\":\"PATCH\",\"url\":\"/api/v1/users/theme\",\"status\":\"200\",\"responseTime\":\"249.049\"}","timestamp":"2025-11-29T09:43:16.089Z"}
{"level":"\u001b[32minfo\u001b[39m","message":"{\"method\":\"GET\",\"url\":\"/api/v1/dashboard/videos\",\"status\":\"304\",\"responseTime\":\"300.136\"}","timestamp":"2025-11-29T09:43:16.146Z"}
{"level":"\u001b[32minfo\u001b[39m","message":"{\"method\":\"GET\",\"url\":\"/api/v1/dashboard/stats\",\"status\":\"304\",\"responseTime\":\"484.474\"}","timestamp":"2025-11-29T09:43:16.329Z"}
{"level":"\u001b[32minfo\u001b[39m","message":"{\"method\":\"GET\",\"url\":\"/api/v1/notifications/unread-count\",\"status\":\"304\",\"responseTime\":\"199.319\"}","timestamp":"2025-11-29T09:43:47.421Z"}
{"level":"\u001b[32minfo\u001b[39m","message":"{\"method\":\"GET\",\"url\":\"/api/v1/notifications/unread-count\",\"status\":\"304\",\"responseTime\":\"213.228\"}","timestamp":"2025-11-29T09:44:47.431Z"}
{"level":"\u001b[32minfo\u001b[39m","message":"{\"method\":\"GET\",\"url\":\"/api/v1/notifications/unread-count\",\"status\":\"401\",\"responseTime\":\"30008.352\"}","timestamp":"2025-11-29T09:47:10.218Z"}
{"level":"\u001b[32minfo\u001b[39m","message":"{\"method\":\"GET\",\"url\":\"/api/v1/notifications/unread-count\",\"status\":\"401\",\"responseTime\":\"30014.577\"}","timestamp":"2025-11-29T09:48:10.235Z"}
{"level":"\u001b[32minfo\u001b[39m","message":"{\"method\":\"GET\",\"url\":\"/api/v1/notifications/unread-count\",\"status\":\"401\",\"responseTime\":\"30008.050\"}","timestamp":"2025-11-29T09:48:40.254Z"}
{"level":"\u001b[32minfo\u001b[39m","message":"{\"method\":\"GET\",\"url\":\"/api/v1/notifications/unread-count\",\"status\":\"401\",\"responseTime\":\"30009.816\"}","timestamp":"2025-11-29T09:49:16.312Z"}
{"level":"\u001b[32minfo\u001b[39m","message":"{\"method\":\"GET\",\"url\":\"/api/v1/videos/\",\"status\":\"401\",\"responseTime\":\"30008.211\"}","timestamp":"2025-11-29T09:49:29.103Z"}
{"level":"\u001b[32minfo\u001b[39m","message":"{\"method\":\"GET\",\"url\":\"/api/v1/tweets/\",\"status\":\"401\",\"responseTime\":\"30016.610\"}","timestamp":"2025-11-29T09:49:29.122Z"}
{"level":"\u001b[32minfo\u001b[39m","message":"{\"method\":\"GET\",\"url\":\"/api/v1/videos/\",\"status\":\"401\",\"responseTime\":\"30008.645\"}","timestamp":"2025-11-29T09:49:49.109Z"}
{"level":"\u001b[32minfo\u001b[39m","message":"{\"method\":\"GET\",\"url\":\"/api/v1/tweets/\",\"status\":\"401\",\"responseTime\":\"30010.243\"}","timestamp":"2025-11-29T09:49:49.111Z"}
{"level":"\u001b[32minfo\u001b[39m","message":"{\"method\":\"GET\",\"url\":\"/api/v1/notifications/unread-count\",\"status\":\"304\",\"responseTime\":\"7033.280\"}","timestamp":"2025-11-29T09:49:54.241Z"}
{"level":"\u001b[32minfo\u001b[39m","message":"{\"method\":\"GET\",\"url\":\"/api/v1/notifications/unread-count\",\"status\":\"304\",\"responseTime\":\"409.936\"}","timestamp":"2025-11-29T09:51:40.623Z"}
{"level":"\u001b[32minfo\u001b[39m","message":"{\"method\":\"GET\",\"url\":\"/api/v1/notifications/unread-count\",\"status\":\"304\",\"responseTime\":\"388.080\"}","timestamp":"2025-11-29T09:52:40.606Z"}
{"level":"\u001b[32minfo\u001b[39m","message":"{\"method\":\"GET\",\"url\":\"/api/v1/notifications/unread-count\",\"status\":\"304\",\"responseTime\":\"332.541\"}","timestamp":"2025-11-29T09:53:21.209Z"}
{"level":"\u001b[32minfo\u001b[39m","message":"{\"method\":\"GET\",\"url\":\"/api/v1/users/current-user\",\"status\":\"200\",\"responseTime\":\"210.594\"}","timestamp":"2025-11-29T09:53:31.737Z"}
{"level":"\u001b[32minfo\u001b[39m","message":"{\"method\":\"GET\",\"url\":\"/api/v1/users/current-user\",\"status\":\"304\",\"responseTime\":\"35.235\"}","timestamp":"2025-11-29T09:53:31.778Z"}
{"level":"\u001b[32minfo\u001b[39m","message":"{\"method\":\"GET\",\"url\":\"/api/v1/users/theme\",\"status\":\"200\",\"responseTime\":\"1523.866\"}","timestamp":"2025-11-29T09:53:33.273Z"}
{"level":"\u001b[32minfo\u001b[39m","message":"{\"method\":\"GET\",\"url\":\"/api/v1/users/theme\",\"status\":\"304\",\"responseTime\":\"36.694\"}","timestamp":"2025-11-29T09:53:33.315Z"}
{"level":"\u001b[32minfo\u001b[39m","message":"{\"method\":\"GET\",\"url\":\"/api/v1/videos/\",\"status\":\"304\",\"responseTime\":\"203.437\"}","timestamp":"2025-11-29T09:53:33.576Z"}
{"level":"\u001b[32minfo\u001b[39m","message":"{\"method\":\"GET\",\"url\":\"/api/v1/notifications/unread-count\",\"status\":\"304\",\"responseTime\":\"205.761\"}","timestamp":"2025-11-29T09:53:33.578Z"}
{"level":"\u001b[32minfo\u001b[39m","message":"{\"method\":\"GET\",\"url\":\"/api/v1/notifications/unread-count\",\"status\":\"304\",\"responseTime\":\"67.591\"}","timestamp":"2025-11-29T09:53:33.651Z"}
{"level":"\u001b[32minfo\u001b[39m","message":"{\"method\":\"GET\",\"url\":\"/api/v1/videos/\",\"status\":\"304\",\"responseTime\":\"74.528\"}","timestamp":"2025-11-29T09:53:33.657Z"}
{"level":"\u001b[32minfo\u001b[39m","message":"{\"method\":\"GET\",\"url\":\"/api/v1/tweets/\",\"status\":\"304\",\"responseTime\":\"900.971\"}","timestamp":"2025-11-29T09:53:34.274Z"}
{"level":"\u001b[32minfo\u001b[39m","message":"{\"method\":\"GET\",\"url\":\"/api/v1/tweets/\",\"status\":\"304\",\"responseTime\":\"78.275\"}","timestamp":"2025-11-29T09:53:34.358Z"}
{"level":"\u001b[32minfo\u001b[39m","message":"{\"method\":\"GET\",\"url\":\"/api/v1/like/videos\",\"status\":\"304\",\"responseTime\":\"706.633\"}","timestamp":"2025-11-29T09:53:38.423Z"}
{"level":"\u001b[32minfo\u001b[39m","message":"{\"method\":\"GET\",\"url\":\"/api/v1/like/videos\",\"status\":\"304\",\"responseTime\":\"87.416\"}","timestamp":"2025-11-29T09:53:38.517Z"}
{"level":"\u001b[32minfo\u001b[39m","message":"{\"method\":\"GET\",\"url\":\"/api/v1/users/u/692891628b3cde57350a5bfa\",\"status\":\"304\",\"responseTime\":\"135.343\"}","timestamp":"2025-11-29T09:53:38.586Z"}
{"level":"\u001b[32minfo\u001b[39m","message":"{\"method\":\"GET\",\"url\":\"/api/v1/users/u/692891628b3cde57350a5bfa\",\"status\":\"304\",\"responseTime\":\"105.464\"}","timestamp":"2025-11-29T09:53:38.699Z"}
{"level":"\u001b[32minfo\u001b[39m","message":"{\"method\":\"GET\",\"url\":\"/api/v1/videos/\",\"status\":\"304\",\"responseTime\":\"82.327\"}","timestamp":"2025-11-29T09:53:38.759Z"}
{"level":"\u001b[32minfo\u001b[39m","message":"{\"method\":\"GET\",\"url\":\"/api/v1/tweets/\",\"status\":\"304\",\"responseTime\":\"78.566\"}","timestamp":"2025-11-29T09:53:38.763Z"}
{"level":"\u001b[32minfo\u001b[39m","message":"{\"method\":\"GET\",\"url\":\"/api/v1/users/u/692891628b3cde57350a5bfa\",\"status\":\"304\",\"responseTime\":\"68.846\"}","timestamp":"2025-11-29T09:53:38.778Z"}
{"level":"\u001b[32minfo\u001b[39m","message":"{\"method\":\"GET\",\"url\":\"/api/v1/videos/\",\"status\":\"304\",\"responseTime\":\"70.623\"}","timestamp":"2025-11-29T09:53:38.838Z"}
{"level":"\u001b[32minfo\u001b[39m","message":"{\"method\":\"GET\",\"url\":\"/api/v1/tweets/\",\"status\":\"304\",\"responseTime\":\"78.072\"}","timestamp":"2025-11-29T09:53:38.852Z"}
{"level":"\u001b[32minfo\u001b[39m","message":"{\"method\":\"GET\",\"url\":\"/api/v1/users/u/692891628b3cde57350a5bfa\",\"status\":\"304\",\"responseTime\":\"70.499\"}","timestamp":"2025-11-29T09:53:38.860Z"}
{"level":"\u001b[32minfo\u001b[39m","message":"{\"method\":\"GET\",\"url\":\"/api/v1/like/videos\",\"status\":\"304\",\"responseTime\":\"424.499\"}","timestamp":"2025-11-29T09:53:40.752Z"}
{"level":"\u001b[32minfo\u001b[39m","message":"{\"method\":\"GET\",\"url\":\"/api/v1/like/videos\",\"status\":\"304\",\"responseTime\":\"346.489\"}","timestamp":"2025-11-29T09:53:41.107Z"}
{"level":"\u001b[32minfo\u001b[39m","message":"{\"method\":\"GET\",\"url\":\"/api/v1/users/u/692891628b3cde57350a5bfa\",\"status\":\"304\",\"responseTime\":\"334.689\"}","timestamp":"2025-11-29T09:53:41.110Z"}
{"level":"\u001b[32minfo\u001b[39m","message":"{\"method\":\"GET\",\"url\":\"/api/v1/users/u/692891628b3cde57350a5bfa\",\"status\":\"304\",\"responseTime\":\"97.973\"}","timestamp":"2025-11-29T09:53:41.216Z"}
{"level":"\u001b[32minfo\u001b[39m","message":"{\"method\":\"GET\",\"url\":\"/api/v1/users/u/692891628b3cde57350a5bfa\",\"status\":\"304\",\"responseTime\":\"480.186\"}","timestamp":"2025-11-29T09:53:41.711Z"}
{"level":"\u001b[32minfo\u001b[39m","message":"{\"method\":\"GET\",\"url\":\"/api/v1/users/u/692891628b3cde57350a5bfa\",\"status\":\"304\",\"responseTime\":\"531.603\"}","timestamp":"2025-11-29T09:53:42.253Z"}
{"level":"\u001b[32minfo\u001b[39m","message":"{\"method\":\"GET\",\"url\":\"/api/v1/playlist/user/692894ab13409b594dc01248\",\"status\":\"304\",\"responseTime\":\"593.001\"}","timestamp":"2025-11-29T09:53:42.313Z"}
{"level":"\u001b[32minfo\u001b[39m","message":"{\"method\":\"GET\",\"url\":\"/api/v1/playlist/user/692894ab13409b594dc01248\",\"status\":\"304\",\"responseTime\":\"1001.891\"}","timestamp":"2025-11-29T09:53:43.322Z"}
{"level":"\u001b[32minfo\u001b[39m","message":"{\"method\":\"GET\",\"url\":\"/api/v1/notifications/?page=1&limit=20\",\"status\":\"304\",\"responseTime\":\"618.947\"}","timestamp":"2025-11-29T09:53:44.906Z"}
{"level":"\u001b[32minfo\u001b[39m","message":"{\"method\":\"GET\",\"url\":\"/api/v1/notifications/?page=1&limit=20\",\"status\":\"304\",\"responseTime\":\"846.294\"}","timestamp":"2025-11-29T09:53:45.758Z"}
{"level":"\u001b[32minfo\u001b[39m","message":"{\"method\":\"GET\",\"url\":\"/api/v1/tweets/\",\"status\":\"304\",\"responseTime\":\"768.807\"}","timestamp":"2025-11-29T09:53:48.501Z"}
{"level":"\u001b[32minfo\u001b[39m","message":"{\"method\":\"GET\",\"url\":\"/api/v1/videos/\",\"status\":\"304\",\"responseTime\":\"773.039\"}","timestamp":"2025-11-29T09:53:48.504Z"}
{"level":"\u001b[32minfo\u001b[39m","message":"{\"method\":\"GET\",\"url\":\"/api/v1/tweets/\",\"status\":\"304\",\"responseTime\":\"498.282\"}","timestamp":"2025-11-29T09:53:49.016Z"}
{"level":"\u001b[32minfo\u001b[39m","message":"{\"method\":\"GET\",\"url\":\"/api/v1/videos/\",\"status\":\"304\",\"responseTime\":\"500.167\"}","timestamp":"2025-11-29T09:53:49.019Z"}
{"level":"\u001b[32minfo\u001b[39m","message":"{\"method\":\"GET\",\"url\":\"/api/v1/notifications/?page=1&limit=20\",\"status\":\"304\",\"responseTime\":\"810.074\"}","timestamp":"2025-11-29T09:53:51.447Z"}
{"level":"\u001b[32minfo\u001b[39m","message":"{\"method\":\"GET\",\"url\":\"/api/v1/notifications/?page=1&limit=20\",\"status\":\"304\",\"responseTime\":\"903.161\"}","timestamp":"2025-11-29T09:53:52.356Z"}
{"level":"\u001b[32minfo\u001b[39m","message":"{\"method\":\"GET\",\"url\":\"/api/v1/tweets/\",\"status\":\"304\",\"responseTime\":\"212.744\"}","timestamp":"2025-11-29T09:53:52.418Z"}
{"level":"\u001b[32minfo\u001b[39m","message":"{\"method\":\"GET\",\"url\":\"/api/v1/videos/\",\"status\":\"304\",\"responseTime\":\"221.896\"}","timestamp":"2025-11-29T09:53:52.421Z"}
{"level":"\u001b[32minfo\u001b[39m","message":"{\"method\":\"GET\",\"url\":\"/api/v1/tweets/\",\"status\":\"304\",\"responseTime\":\"364.240\"}","timestamp":"2025-11-29T09:53:52.790Z"}
{"level":"\u001b[32minfo\u001b[39m","message":"{\"method\":\"GET\",\"url\":\"/api/v1/videos/\",\"status\":\"304\",\"responseTime\":\"357.248\"}","timestamp":"2025-11-29T09:53:52.793Z"}
{"level":"\u001b[32minfo\u001b[39m","message":"{\"method\":\"GET\",\"url\":\"/api/v1/notifications/unread-count\",\"status\":\"304\",\"responseTime\":\"186.212\"}","timestamp":"2025-11-29T09:54:34.401Z"}
{"level":"\u001b[32minfo\u001b[39m","message":"{\"method\":\"GET\",\"url\":\"/api/v1/dashboard/videos\",\"status\":\"304\",\"responseTime\":\"594.443\"}","timestamp":"2025-11-29T09:54:43.999Z"}
{"level":"\u001b[32minfo\u001b[39m","message":"{\"method\":\"GET\",\"url\":\"/api/v1/dashboard/stats\",\"status\":\"304\",\"responseTime\":\"696.280\"}","timestamp":"2025-11-29T09:54:44.095Z"}
{"level":"\u001b[32minfo\u001b[39m","message":"{\"method\":\"GET\",\"url\":\"/api/v1/dashboard/videos\",\"status\":\"304\",\"responseTime\":\"102.526\"}","timestamp":"2025-11-29T09:54:44.109Z"}
{"level":"\u001b[32minfo\u001b[39m","message":"{\"method\":\"GET\",\"url\":\"/api/v1/dashboard/stats\",\"status\":\"304\",\"responseTime\":\"1106.210\"}","timestamp":"2025-11-29T09:54:45.207Z"}
{"level":"\u001b[32minfo\u001b[39m","message":"file gotten in multer","timestamp":"2025-11-29T09:55:10.936Z"}
{"level":"\u001b[32minfo\u001b[39m","message":"file gotten in multer","timestamp":"2025-11-29T09:55:11.996Z"}
{"level":"\u001b[32minfo\u001b[39m","message":"all files checked","timestamp":"2025-11-29T09:55:12.127Z"}
{"level":"\u001b[32minfo\u001b[39m","message":"{\"method\":\"GET\",\"url\":\"/api/v1/notifications/unread-count\",\"status\":\"304\",\"responseTime\":\"304.719\"}","timestamp":"2025-11-29T09:55:34.525Z"}
{"level":"\u001b[32minfo\u001b[39m","message":"{\"method\":\"GET\",\"url\":\"/api/v1/notifications/unread-count\",\"status\":\"304\",\"responseTime\":\"407.384\"}","timestamp":"2025-11-29T09:56:34.613Z"}
{"level":"\u001b[32minfo\u001b[39m","message":"{\"method\":\"GET\",\"url\":\"/api/v1/notifications/unread-count\",\"status\":\"304\",\"responseTime\":\"372.889\"}","timestamp":"2025-11-29T09:57:34.572Z"}
{"level":"\u001b[32minfo\u001b[39m","message":"file uploaded successfully","timestamp":"2025-11-29T09:58:02.108Z"}
{"level":"\u001b[32minfo\u001b[39m","message":"video Uploaded","timestamp":"2025-11-29T09:58:02.115Z"}
{"level":"\u001b[32minfo\u001b[39m","message":"file uploaded successfully","timestamp":"2025-11-29T09:58:05.927Z"}
{"level":"\u001b[32minfo\u001b[39m","message":"Thumbnail uploaded","timestamp":"2025-11-29T09:58:05.928Z"}
{"level":"\u001b[32minfo\u001b[39m","message":"Deleted uploaded video due to error","timestamp":"2025-11-29T09:58:06.089Z"}
{"level":"\u001b[32minfo\u001b[39m","message":"Deleted uploaded thumbnail due to error","timestamp":"2025-11-29T09:58:06.092Z"}
{"level":"\u001b[32minfo\u001b[39m","message":"{\"method\":\"POST\",\"url\":\"/api/v1/videos/\",\"status\":\"500\",\"responseTime\":\"175240.623\"}","timestamp":"2025-11-29T09:58:06.096Z"}
{"level":"\u001b[32minfo\u001b[39m","message":"file deleted successfully from Cloudinary","result":"not found","timestamp":"2025-11-29T09:58:06.366Z"}
{"level":"\u001b[32minfo\u001b[39m","message":"file deleted successfully from Cloudinary","result":"ok","timestamp":"2025-11-29T09:58:07.438Z"}
{"level":"\u001b[32minfo\u001b[39m","message":"{\"method\":\"GET\",\"url\":\"/api/v1/notifications/unread-count\",\"status\":\"304\",\"responseTime\":\"69.031\"}","timestamp":"2025-11-29T09:58:34.284Z"}
{"level":"\u001b[32minfo\u001b[39m","message":"Environment variables loaded from .env file","timestamp":"2025-11-29T09:59:18.606Z"}
{"level":"\u001b[32minfo\u001b[39m","message":"Connecting to the database...","timestamp":"2025-11-29T09:59:18.612Z"}
{"level":"\u001b[32minfo\u001b[39m","message":"Connected to the database successfully \n Database Name: vidtube \n Host: ac-umfmukq-shard-00-02.vu6akeu.mongodb.net \n Port: 27017","timestamp":"2025-11-29T09:59:21.774Z"}
{"level":"\u001b[32minfo\u001b[39m","message":"Server is running on port 3000","timestamp":"2025-11-29T09:59:21.780Z"}
{"level":"\u001b[32minfo\u001b[39m","message":"file gotten in multer","timestamp":"2025-11-29T09:59:23.812Z"}
{"level":"\u001b[32minfo\u001b[39m","message":"file gotten in multer","timestamp":"2025-11-29T09:59:24.295Z"}
{"level":"\u001b[32minfo\u001b[39m","message":"all files checked","timestamp":"2025-11-29T09:59:24.396Z"}
{"level":"\u001b[32minfo\u001b[39m","message":"{\"method\":\"GET\",\"url\":\"/api/v1/notifications/unread-count\",\"status\":\"304\",\"responseTime\":\"75.324\"}","timestamp":"2025-11-29T09:59:34.292Z"}
{"level":"\u001b[32minfo\u001b[39m","message":"file uploaded successfully","timestamp":"2025-11-29T10:00:13.372Z"}
{"level":"\u001b[32minfo\u001b[39m","message":"video Uploaded","timestamp":"2025-11-29T10:00:13.383Z"}
{"level":"\u001b[32minfo\u001b[39m","message":"file uploaded successfully","timestamp":"2025-11-29T10:00:14.997Z"}
{"level":"\u001b[32minfo\u001b[39m","message":"Thumbnail uploaded","timestamp":"2025-11-29T10:00:14.999Z"}
{"level":"\u001b[32minfo\u001b[39m","message":"{\"method\":\"POST\",\"url\":\"/api/v1/videos/\",\"status\":\"201\",\"responseTime\":\"51437.318\"}","timestamp":"2025-11-29T10:00:15.178Z"}
{"level":"\u001b[32minfo\u001b[39m","message":"{\"method\":\"GET\",\"url\":\"/api/v1/dashboard/videos\",\"status\":\"200\",\"responseTime\":\"106.185\"}","timestamp":"2025-11-29T10:00:15.294Z"}
{"level":"\u001b[32minfo\u001b[39m","message":"{\"method\":\"GET\",\"url\":\"/api/v1/notifications/unread-count\",\"status\":\"304\",\"responseTime\":\"67.998\"}","timestamp":"2025-11-29T10:00:33.406Z"}
{"level":"\u001b[32minfo\u001b[39m","message":"img id ","timestamp":"2025-11-29T10:00:36.924Z"}
{"level":"\u001b[32minfo\u001b[39m","message":"video id ","timestamp":"2025-11-29T10:00:36.925Z"}
{"level":"\u001b[32minfo\u001b[39m","message":"file deleted successfully from Cloudinary","result":"not found","timestamp":"2025-11-29T10:00:38.694Z"}
{"level":"\u001b[32minfo\u001b[39m","message":"{\"method\":\"DELETE\",\"url\":\"/api/v1/videos/692ac3ade9e09b9a2eeb966b\",\"status\":\"200\",\"responseTime\":\"2013.589\"}","timestamp":"2025-11-29T10:00:38.844Z"}
{"level":"\u001b[32minfo\u001b[39m","message":"{\"method\":\"GET\",\"url\":\"/api/v1/tweets/\",\"status\":\"304\",\"responseTime\":\"202.786\"}","timestamp":"2025-11-29T10:01:14.097Z"}
{"level":"\u001b[32minfo\u001b[39m","message":"{\"method\":\"GET\",\"url\":\"/api/v1/videos/\",\"status\":\"200\",\"responseTime\":\"216.486\"}","timestamp":"2025-11-29T10:01:14.101Z"}
{"level":"\u001b[32minfo\u001b[39m","message":"{\"method\":\"GET\",\"url\":\"/api/v1/tweets/\",\"status\":\"304\",\"responseTime\":\"119.576\"}","timestamp":"2025-11-29T10:01:14.224Z"}
{"level":"\u001b[32minfo\u001b[39m","message":"{\"method\":\"GET\",\"url\":\"/api/v1/videos/\",\"status\":\"304\",\"responseTime\":\"119.131\"}","timestamp":"2025-11-29T10:01:14.228Z"}
{"level":"\u001b[32minfo\u001b[39m","message":"{\"method\":\"GET\",\"url\":\"/api/v1/notifications/unread-count\",\"status\":\"304\",\"responseTime\":\"67.564\"}","timestamp":"2025-11-29T10:01:34.276Z"}
{"level":"\u001b[32minfo\u001b[39m","message":"{\"method\":\"GET\",\"url\":\"/api/v1/notifications/unread-count\",\"status\":\"304\",\"responseTime\":\"580.661\"}","timestamp":"2025-11-29T10:02:40.789Z"}
{"level":"\u001b[32minfo\u001b[39m","message":"{\"method\":\"GET\",\"url\":\"/api/v1/notifications/unread-count\",\"status\":\"304\",\"responseTime\":\"354.455\"}","timestamp":"2025-11-29T10:03:40.562Z"}
{"level":"\u001b[32minfo\u001b[39m","message":"{\"method\":\"GET\",\"url\":\"/api/v1/notifications/unread-count\",\"status\":\"304\",\"responseTime\":\"388.523\"}","timestamp":"2025-11-29T10:04:40.597Z"}
{"level":"\u001b[32minfo\u001b[39m","message":"{\"method\":\"GET\",\"url\":\"/api/v1/notifications/unread-count\",\"status\":\"304\",\"responseTime\":\"597.580\"}","timestamp":"2025-11-29T10:05:40.818Z"}
{"level":"\u001b[32minfo\u001b[39m","message":"{\"method\":\"GET\",\"url\":\"/api/v1/notifications/unread-count\",\"status\":\"304\",\"responseTime\":\"607.195\"}","timestamp":"2025-11-29T10:06:40.816Z"}
{"level":"\u001b[32minfo\u001b[39m","message":"{\"method\":\"GET\",\"url\":\"/api/v1/notifications/unread-count\",\"status\":\"304\",\"responseTime\":\"66.078\"}","timestamp":"2025-11-29T10:07:40.276Z"}
{"level":"\u001b[32minfo\u001b[39m","message":"{\"method\":\"GET\",\"url\":\"/api/v1/notifications/unread-count\",\"status\":\"304\",\"responseTime\":\"578.596\"}","timestamp":"2025-11-29T10:08:40.798Z"}
{"level":"\u001b[32minfo\u001b[39m","message":"{\"method\":\"GET\",\"url\":\"/api/v1/notifications/unread-count\",\"status\":\"304\",\"responseTime\":\"582.977\"}","timestamp":"2025-11-29T10:09:40.803Z"}
{"level":"\u001b[32minfo\u001b[39m","message":"{\"method\":\"GET\",\"url\":\"/api/v1/notifications/unread-count\",\"status\":\"304\",\"responseTime\":\"243.037\"}","timestamp":"2025-11-29T10:10:34.457Z"}
{"level":"\u001b[32minfo\u001b[39m","message":"{\"method\":\"GET\",\"url\":\"/api/v1/notifications/unread-count\",\"status\":\"304\",\"responseTime\":\"377.250\"}","timestamp":"2025-11-29T10:11:40.597Z"}
{"level":"\u001b[32minfo\u001b[39m","message":"{\"method\":\"GET\",\"url\":\"/api/v1/notifications/unread-count\",\"status\":\"304\",\"responseTime\":\"332.466\"}","timestamp":"2025-11-29T10:12:40.540Z"}
{"level":"\u001b[32minfo\u001b[39m","message":"{\"method\":\"GET\",\"url\":\"/api/v1/notifications/unread-count\",\"status\":\"304\",\"responseTime\":\"543.723\"}","timestamp":"2025-11-29T10:13:40.764Z"}
{"level":"\u001b[32minfo\u001b[39m","message":"{\"method\":\"GET\",\"url\":\"/api/v1/notifications/unread-count\",\"status\":\"304\",\"responseTime\":\"669.835\"}","timestamp":"2025-11-29T10:14:40.874Z"}
{"level":"\u001b[32minfo\u001b[39m","message":"{\"method\":\"GET\",\"url\":\"/api/v1/notifications/unread-count\",\"status\":\"304\",\"responseTime\":\"66.796\"}","timestamp":"2025-11-29T10:15:40.278Z"}
{"level":"\u001b[32minfo\u001b[39m","message":"{\"method\":\"GET\",\"url\":\"/api/v1/notifications/unread-count\",\"status\":\"304\",\"responseTime\":\"65.441\"}","timestamp":"2025-11-29T10:16:40.273Z"}
{"level":"\u001b[32minfo\u001b[39m","message":"{\"method\":\"GET\",\"url\":\"/api/v1/notifications/unread-count\",\"status\":\"304\",\"responseTime\":\"63.209\"}","timestamp":"2025-11-29T10:17:40.269Z"}
{"level":"\u001b[32minfo\u001b[39m","message":"{\"method\":\"GET\",\"url\":\"/api/v1/notifications/unread-count\",\"status\":\"304\",\"responseTime\":\"71.291\"}","timestamp":"2025-11-29T10:18:40.279Z"}
{"level":"\u001b[32minfo\u001b[39m","message":"{\"method\":\"GET\",\"url\":\"/api/v1/notifications/unread-count\",\"status\":\"304\",\"responseTime\":\"94.751\"}","timestamp":"2025-11-29T10:19:40.304Z"}
{"level":"\u001b[32minfo\u001b[39m","message":"{\"method\":\"GET\",\"url\":\"/api/v1/notifications/unread-count\",\"status\":\"304\",\"responseTime\":\"67.813\"}","timestamp":"2025-11-29T10:20:34.288Z"}
{"level":"\u001b[32minfo\u001b[39m","message":"Environment variables loaded from .env file","timestamp":"2025-11-29T10:21:47.009Z"}
{"level":"\u001b[32minfo\u001b[39m","message":"Connecting to the database...","timestamp":"2025-11-29T10:21:47.016Z"}
{"level":"\u001b[32minfo\u001b[39m","message":"Connected to the database successfully \n Database Name: vidtube \n Host: ac-umfmukq-shard-00-00.vu6akeu.mongodb.net \n Port: 27017","timestamp":"2025-11-29T10:21:47.684Z"}
{"level":"\u001b[32minfo\u001b[39m","message":"Server is running on port 3000","timestamp":"2025-11-29T10:21:47.689Z"}
{"level":"\u001b[32minfo\u001b[39m","message":"Environment variables loaded from .env file","timestamp":"2025-11-29T10:21:59.135Z"}
{"level":"\u001b[32minfo\u001b[39m","message":"Connecting to the database...","timestamp":"2025-11-29T10:21:59.138Z"}
{"level":"\u001b[32minfo\u001b[39m","message":"Connected to the database successfully \n Database Name: vidtube \n Host: ac-umfmukq-shard-00-01.vu6akeu.mongodb.net \n Port: 27017","timestamp":"2025-11-29T10:21:59.648Z"}
{"level":"\u001b[32minfo\u001b[39m","message":"Server is running on port 3000","timestamp":"2025-11-29T10:21:59.652Z"}
{"level":"\u001b[32minfo\u001b[39m","message":"{\"method\":\"GET\",\"url\":\"/api/v1/notifications/unread-count\",\"status\":\"200\",\"responseTime\":\"101.882\"}","timestamp":"2025-11-29T10:22:40.318Z"}
{"level":"\u001b[32minfo\u001b[39m","message":"{\"method\":\"GET\",\"url\":\"/api/v1/notifications/unread-count\",\"status\":\"304\",\"responseTime\":\"370.575\"}","timestamp":"2025-11-29T10:23:40.589Z"}
{"level":"\u001b[32minfo\u001b[39m","message":"{\"method\":\"GET\",\"url\":\"/api/v1/notifications/unread-count\",\"status\":\"304\",\"responseTime\":\"69.823\"}","timestamp":"2025-11-29T10:24:40.290Z"}
{"level":"\u001b[32minfo\u001b[39m","message":"{\"method\":\"GET\",\"url\":\"/api/v1/notifications/unread-count\",\"status\":\"304\",\"responseTime\":\"125.347\"}","timestamp":"2025-11-29T10:25:40.339Z"}
{"level":"\u001b[32minfo\u001b[39m","message":"{\"method\":\"GET\",\"url\":\"/api/v1/notifications/unread-count\",\"status\":\"304\",\"responseTime\":\"148.912\"}","timestamp":"2025-11-29T10:26:40.367Z"}
{"level":"\u001b[32minfo\u001b[39m","message":"{\"method\":\"GET\",\"url\":\"/api/v1/notifications/unread-count\",\"status\":\"304\",\"responseTime\":\"74.436\"}","timestamp":"2025-11-29T10:27:40.281Z"}
{"level":"\u001b[32minfo\u001b[39m","message":"{\"method\":\"GET\",\"url\":\"/api/v1/notifications/unread-count\",\"status\":\"304\",\"responseTime\":\"333.210\"}","timestamp":"2025-11-29T10:28:40.537Z"}
{"level":"\u001b[32minfo\u001b[39m","message":"{\"method\":\"GET\",\"url\":\"/api/v1/notifications/unread-count\",\"status\":\"304\",\"responseTime\":\"189.586\"}","timestamp":"2025-11-29T10:29:40.407Z"}
{"level":"\u001b[32minfo\u001b[39m","message":"{\"method\":\"GET\",\"url\":\"/api/v1/notifications/unread-count\",\"status\":\"304\",\"responseTime\":\"371.393\"}","timestamp":"2025-11-29T10:30:40.593Z"}
{"level":"\u001b[32minfo\u001b[39m","message":"{\"method\":\"GET\",\"url\":\"/api/v1/notifications/unread-count\",\"status\":\"304\",\"responseTime\":\"327.333\"}","timestamp":"2025-11-29T10:31:40.542Z"}
{"level":"\u001b[32minfo\u001b[39m","message":"{\"method\":\"GET\",\"url\":\"/api/v1/notifications/unread-count\",\"status\":\"304\",\"responseTime\":\"384.981\"}","timestamp":"2025-11-29T10:32:40.601Z"}
{"level":"\u001b[32minfo\u001b[39m","message":"{\"method\":\"GET\",\"url\":\"/api/v1/notifications/unread-count\",\"status\":\"304\",\"responseTime\":\"168.623\"}","timestamp":"2025-11-29T10:33:40.372Z"}
{"level":"\u001b[32minfo\u001b[39m","message":"{\"method\":\"GET\",\"url\":\"/api/v1/notifications/unread-count\",\"status\":\"304\",\"responseTime\":\"64.987\"}","timestamp":"2025-11-29T10:34:40.268Z"}
{"level":"\u001b[32minfo\u001b[39m","message":"{\"method\":\"GET\",\"url\":\"/api/v1/notifications/unread-count\",\"status\":\"304\",\"responseTime\":\"97.121\"}","timestamp":"2025-11-29T10:35:40.309Z"}
{"level":"\u001b[32minfo\u001b[39m","message":"{\"method\":\"GET\",\"url\":\"/api/v1/notifications/unread-count\",\"status\":\"304\",\"responseTime\":\"347.063\"}","timestamp":"2025-11-29T10:36:40.567Z"}
{"level":"\u001b[32minfo\u001b[39m","message":"{\"method\":\"GET\",\"url\":\"/api/v1/notifications/unread-count\",\"status\":\"304\",\"responseTime\":\"176.489\"}","timestamp":"2025-11-29T10:37:40.385Z"}
{"level":"\u001b[32minfo\u001b[39m","message":"{\"method\":\"GET\",\"url\":\"/api/v1/notifications/unread-count\",\"status\":\"304\",\"responseTime\":\"637.306\"}","timestamp":"2025-11-29T10:38:40.853Z"}
{"level":"\u001b[32minfo\u001b[39m","message":"{\"method\":\"GET\",\"url\":\"/api/v1/notifications/unread-count\",\"status\":\"304\",\"responseTime\":\"93.451\"}","timestamp":"2025-11-29T10:39:40.303Z"}
{"level":"\u001b[32minfo\u001b[39m","message":"{\"method\":\"GET\",\"url\":\"/api/v1/notifications/unread-count\",\"status\":\"304\",\"responseTime\":\"348.077\"}","timestamp":"2025-11-29T10:40:40.564Z"}
{"level":"\u001b[32minfo\u001b[39m","message":"{\"method\":\"GET\",\"url\":\"/api/v1/notifications/unread-count\",\"status\":\"304\",\"responseTime\":\"150.587\"}","timestamp":"2025-11-29T10:41:40.362Z"}
{"level":"\u001b[32minfo\u001b[39m","message":"{\"method\":\"GET\",\"url\":\"/api/v1/notifications/unread-count\",\"status\":\"304\",\"responseTime\":\"345.754\"}","timestamp":"2025-11-29T10:42:40.565Z"}
{"level":"\u001b[32minfo\u001b[39m","message":"{\"method\":\"GET\",\"url\":\"/api/v1/notifications/unread-count\",\"status\":\"304\",\"responseTime\":\"147.792\"}","timestamp":"2025-11-29T10:43:40.367Z"}
{"level":"\u001b[32minfo\u001b[39m","message":"{\"method\":\"GET\",\"url\":\"/api/v1/notifications/unread-count\",\"status\":\"304\",\"responseTime\":\"601.614\"}","timestamp":"2025-11-29T10:44:40.819Z"}
{"level":"\u001b[32minfo\u001b[39m","message":"{\"method\":\"GET\",\"url\":\"/api/v1/notifications/unread-count\",\"status\":\"304\",\"responseTime\":\"67.234\"}","timestamp":"2025-11-29T10:45:40.277Z"}
{"level":"\u001b[32minfo\u001b[39m","message":"{\"method\":\"GET\",\"url\":\"/api/v1/notifications/unread-count\",\"status\":\"304\",\"responseTime\":\"332.701\"}","timestamp":"2025-11-29T10:46:40.625Z"}
{"level":"\u001b[32minfo\u001b[39m","message":"{\"method\":\"GET\",\"url\":\"/api/v1/notifications/unread-count\",\"status\":\"304\",\"responseTime\":\"115.696\"}","timestamp":"2025-11-29T10:47:40.324Z"}
{"level":"\u001b[32minfo\u001b[39m","message":"{\"method\":\"GET\",\"url\":\"/api/v1/notifications/unread-count\",\"status\":\"304\",\"responseTime\":\"68.927\"}","timestamp":"2025-11-29T10:48:40.286Z"}
{"level":"\u001b[32minfo\u001b[39m","message":"{\"method\":\"GET\",\"url\":\"/api/v1/notifications/unread-count\",\"status\":\"304\",\"responseTime\":\"310.608\"}","timestamp":"2025-11-29T10:49:40.524Z"}
{"level":"\u001b[32minfo\u001b[39m","message":"{\"method\":\"GET\",\"url\":\"/api/v1/notifications/unread-count\",\"status\":\"304\",\"responseTime\":\"351.251\"}","timestamp":"2025-11-29T10:50:40.567Z"}
{"level":"\u001b[32minfo\u001b[39m","message":"{\"method\":\"GET\",\"url\":\"/api/v1/notifications/unread-count\",\"status\":\"304\",\"responseTime\":\"329.429\"}","timestamp":"2025-11-29T10:51:40.539Z"}
{"level":"\u001b[32minfo\u001b[39m","message":"{\"method\":\"GET\",\"url\":\"/api/v1/notifications/unread-count\",\"status\":\"304\",\"responseTime\":\"516.987\"}","timestamp":"2025-11-29T10:52:40.737Z"}
{"level":"\u001b[32minfo\u001b[39m","message":"{\"method\":\"GET\",\"url\":\"/api/v1/notifications/unread-count\",\"status\":\"304\",\"responseTime\":\"628.038\"}","timestamp":"2025-11-29T10:53:40.841Z"}
{"level":"\u001b[32minfo\u001b[39m","message":"{\"method\":\"GET\",\"url\":\"/api/v1/notifications/unread-count\",\"status\":\"304\",\"responseTime\":\"194.875\"}","timestamp":"2025-11-29T10:54:40.413Z"}
{"level":"\u001b[32minfo\u001b[39m","message":"{\"method\":\"GET\",\"url\":\"/api/v1/notifications/unread-count\",\"status\":\"304\",\"responseTime\":\"347.379\"}","timestamp":"2025-11-29T10:55:40.559Z"}
{"level":"\u001b[32minfo\u001b[39m","message":"{\"method\":\"GET\",\"url\":\"/api/v1/notifications/unread-count\",\"status\":\"304\",\"responseTime\":\"625.502\"}","timestamp":"2025-11-29T10:56:40.846Z"}
{"level":"\u001b[32minfo\u001b[39m","message":"{\"method\":\"GET\",\"url\":\"/api/v1/notifications/unread-count\",\"status\":\"304\",\"responseTime\":\"402.110\"}","timestamp":"2025-11-29T10:57:40.612Z"}
{"level":"\u001b[32minfo\u001b[39m","message":"{\"method\":\"GET\",\"url\":\"/api/v1/notifications/unread-count\",\"status\":\"304\",\"responseTime\":\"361.465\"}","timestamp":"2025-11-29T10:58:40.582Z"}
{"level":"\u001b[32minfo\u001b[39m","message":"{\"method\":\"GET\",\"url\":\"/api/v1/notifications/unread-count\",\"status\":\"304\",\"responseTime\":\"130.028\"}","timestamp":"2025-11-29T10:59:40.345Z"}
{"level":"\u001b[32minfo\u001b[39m","message":"{\"method\":\"GET\",\"url\":\"/api/v1/notifications/unread-count\",\"status\":\"304\",\"responseTime\":\"350.964\"}","timestamp":"2025-11-29T11:00:40.566Z"}
{"level":"\u001b[32minfo\u001b[39m","message":"{\"method\":\"GET\",\"url\":\"/api/v1/notifications/unread-count\",\"status\":\"304\",\"responseTime\":\"364.350\"}","timestamp":"2025-11-29T11:01:40.569Z"}
{"level":"\u001b[32minfo\u001b[39m","message":"{\"method\":\"GET\",\"url\":\"/api/v1/notifications/unread-count\",\"status\":\"304\",\"responseTime\":\"934.742\"}","timestamp":"2025-11-29T11:16:25.661Z"}
{"level":"\u001b[32minfo\u001b[39m","message":"{\"method\":\"GET\",\"url\":\"/api/v1/notifications/unread-count\",\"status\":\"304\",\"responseTime\":\"67.361\"}","timestamp":"2025-11-29T11:16:40.277Z"}
{"level":"\u001b[32minfo\u001b[39m","message":"{\"method\":\"GET\",\"url\":\"/api/v1/notifications/unread-count\",\"status\":\"304\",\"responseTime\":\"638.683\"}","timestamp":"2025-11-29T11:17:40.857Z"}
{"level":"\u001b[32minfo\u001b[39m","message":"{\"method\":\"GET\",\"url\":\"/api/v1/notifications/unread-count\",\"status\":\"304\",\"responseTime\":\"586.871\"}","timestamp":"2025-11-29T11:18:40.800Z"}
{"level":"\u001b[32minfo\u001b[39m","message":"{\"method\":\"GET\",\"url\":\"/api/v1/notifications/unread-count\",\"status\":\"304\",\"responseTime\":\"69.999\"}","timestamp":"2025-11-29T11:19:40.292Z"}
{"level":"\u001b[32minfo\u001b[39m","message":"{\"method\":\"GET\",\"url\":\"/api/v1/notifications/unread-count\",\"status\":\"304\",\"responseTime\":\"67.707\"}","timestamp":"2025-11-29T11:20:40.283Z"}
{"level":"\u001b[32minfo\u001b[39m","message":"{\"method\":\"GET\",\"url\":\"/api/v1/notifications/unread-count\",\"status\":\"304\",\"responseTime\":\"76.129\"}","timestamp":"2025-11-29T11:21:40.286Z"}
{"level":"\u001b[32minfo\u001b[39m","message":"{\"method\":\"GET\",\"url\":\"/api/v1/notifications/unread-count\",\"status\":\"304\",\"responseTime\":\"71.845\"}","timestamp":"2025-11-29T11:22:40.291Z"}
{"level":"\u001b[32minfo\u001b[39m","message":"{\"method\":\"GET\",\"url\":\"/api/v1/notifications/unread-count\",\"status\":\"304\",\"responseTime\":\"65.110\"}","timestamp":"2025-11-29T11:23:40.274Z"}
{"level":"\u001b[32minfo\u001b[39m","message":"{\"method\":\"GET\",\"url\":\"/api/v1/notifications/unread-count\",\"status\":\"304\",\"responseTime\":\"294.510\"}","timestamp":"2025-11-29T11:24:40.515Z"}
{"level":"\u001b[32minfo\u001b[39m","message":"{\"method\":\"GET\",\"url\":\"/api/v1/notifications/unread-count\",\"status\":\"304\",\"responseTime\":\"62.340\"}","timestamp":"2025-11-29T11:25:40.284Z"}
{"level":"\u001b[32minfo\u001b[39m","message":"{\"method\":\"GET\",\"url\":\"/api/v1/notifications/unread-count\",\"status\":\"304\",\"responseTime\":\"234.602\"}","timestamp":"2025-11-29T11:26:40.442Z"}
{"level":"\u001b[32minfo\u001b[39m","message":"{\"method\":\"GET\",\"url\":\"/api/v1/notifications/unread-count\",\"status\":\"304\",\"responseTime\":\"199.864\"}","timestamp":"2025-11-29T11:27:40.425Z"}
{"level":"\u001b[32minfo\u001b[39m","message":"{\"method\":\"GET\",\"url\":\"/api/v1/notifications/unread-count\",\"status\":\"304\",\"responseTime\":\"656.951\"}","timestamp":"2025-11-29T11:28:40.865Z"}
{"level":"\u001b[32minfo\u001b[39m","message":"{\"method\":\"GET\",\"url\":\"/api/v1/notifications/unread-count\",\"status\":\"304\",\"responseTime\":\"677.946\"}","timestamp":"2025-11-29T11:29:40.903Z"}
{"level":"\u001b[32minfo\u001b[39m","message":"{\"method\":\"GET\",\"url\":\"/api/v1/notifications/unread-count\",\"status\":\"304\",\"responseTime\":\"161.182\"}","timestamp":"2025-11-29T11:30:40.376Z"}
{"level":"\u001b[32minfo\u001b[39m","message":"{\"method\":\"GET\",\"url\":\"/api/v1/notifications/unread-count\",\"status\":\"304\",\"responseTime\":\"177.692\"}","timestamp":"2025-11-29T11:33:29.276Z"}
{"level":"\u001b[32minfo\u001b[39m","message":"{\"method\":\"GET\",\"url\":\"/api/v1/notifications/unread-count\",\"status\":\"304\",\"responseTime\":\"675.399\"}","timestamp":"2025-11-29T11:33:40.890Z"}
{"level":"\u001b[32minfo\u001b[39m","message":"{\"method\":\"GET\",\"url\":\"/api/v1/notifications/unread-count\",\"status\":\"304\",\"responseTime\":\"238.003\"}","timestamp":"2025-11-29T11:34:40.459Z"}
{"level":"\u001b[32minfo\u001b[39m","message":"{\"method\":\"GET\",\"url\":\"/api/v1/notifications/unread-count\",\"status\":\"304\",\"responseTime\":\"70.674\"}","timestamp":"2025-11-29T11:35:40.283Z"}
{"level":"\u001b[32minfo\u001b[39m","message":"{\"method\":\"GET\",\"url\":\"/api/v1/notifications/unread-count\",\"status\":\"304\",\"responseTime\":\"169.775\"}","timestamp":"2025-11-29T11:36:40.385Z"}
{"level":"\u001b[32minfo\u001b[39m","message":"{\"method\":\"GET\",\"url\":\"/api/v1/notifications/unread-count\",\"status\":\"304\",\"responseTime\":\"187.068\"}","timestamp":"2025-11-29T11:37:40.401Z"}
{"level":"\u001b[32minfo\u001b[39m","message":"{\"method\":\"GET\",\"url\":\"/api/v1/notifications/unread-count\",\"status\":\"304\",\"responseTime\":\"66.733\"}","timestamp":"2025-11-29T11:38:40.290Z"}
{"level":"\u001b[32minfo\u001b[39m","message":"{\"method\":\"GET\",\"url\":\"/api/v1/notifications/unread-count\",\"status\":\"304\",\"responseTime\":\"135.521\"}","timestamp":"2025-11-29T11:39:40.345Z"}
{"level":"\u001b[32minfo\u001b[39m","message":"{\"method\":\"GET\",\"url\":\"/api/v1/notifications/unread-count\",\"status\":\"304\",\"responseTime\":\"358.458\"}","timestamp":"2025-11-29T11:40:40.580Z"}
{"level":"\u001b[32minfo\u001b[39m","message":"{\"method\":\"GET\",\"url\":\"/api/v1/notifications/unread-count\",\"status\":\"304\",\"responseTime\":\"65.104\"}","timestamp":"2025-11-29T11:41:40.277Z"}
{"level":"\u001b[32minfo\u001b[39m","message":"{\"method\":\"GET\",\"url\":\"/api/v1/notifications/unread-count\",\"status\":\"304\",\"responseTime\":\"168.397\"}","timestamp":"2025-11-29T11:42:40.387Z"}
{"level":"\u001b[32minfo\u001b[39m","message":"{\"method\":\"GET\",\"url\":\"/api/v1/notifications/unread-count\",\"status\":\"304\",\"responseTime\":\"619.051\"}","timestamp":"2025-11-29T11:43:40.830Z"}
{"level":"\u001b[32minfo\u001b[39m","message":"{\"method\":\"GET\",\"url\":\"/api/v1/notifications/unread-count\",\"status\":\"304\",\"responseTime\":\"352.192\"}","timestamp":"2025-11-29T11:44:40.571Z"}
{"level":"\u001b[32minfo\u001b[39m","message":"{\"method\":\"GET\",\"url\":\"/api/v1/notifications/unread-count\",\"status\":\"304\",\"responseTime\":\"517.179\"}","timestamp":"2025-11-29T11:45:40.727Z"}
{"level":"\u001b[32minfo\u001b[39m","message":"{\"method\":\"GET\",\"url\":\"/api/v1/notifications/unread-count\",\"status\":\"304\",\"responseTime\":\"389.802\"}","timestamp":"2025-11-29T11:46:40.607Z"}
{"level":"\u001b[32minfo\u001b[39m","message":"{\"method\":\"GET\",\"url\":\"/api/v1/notifications/unread-count\",\"status\":\"304\",\"responseTime\":\"667.174\"}","timestamp":"2025-11-29T11:47:40.878Z"}
{"level":"\u001b[32minfo\u001b[39m","message":"{\"method\":\"GET\",\"url\":\"/api/v1/notifications/unread-count\",\"status\":\"304\",\"responseTime\":\"64.250\"}","timestamp":"2025-11-29T11:48:40.285Z"}
{"level":"\u001b[32minfo\u001b[39m","message":"{\"method\":\"GET\",\"url\":\"/api/v1/notifications/unread-count\",\"status\":\"304\",\"responseTime\":\"203.730\"}","timestamp":"2025-11-29T11:49:38.615Z"}
{"level":"\u001b[32minfo\u001b[39m","message":"{\"method\":\"GET\",\"url\":\"/api/v1/notifications/unread-count\",\"status\":\"304\",\"responseTime\":\"65.642\"}","timestamp":"2025-11-29T11:50:38.489Z"}
{"level":"\u001b[32minfo\u001b[39m","message":"{\"method\":\"GET\",\"url\":\"/api/v1/notifications/unread-count\",\"status\":\"304\",\"responseTime\":\"348.662\"}","timestamp":"2025-11-29T11:51:38.763Z"}
{"level":"\u001b[32minfo\u001b[39m","message":"{\"method\":\"GET\",\"url\":\"/api/v1/notifications/unread-count\",\"status\":\"304\",\"responseTime\":\"185.763\"}","timestamp":"2025-11-29T11:52:38.606Z"}
{"level":"\u001b[32minfo\u001b[39m","message":"{\"method\":\"GET\",\"url\":\"/api/v1/notifications/unread-count\",\"status\":\"304\",\"responseTime\":\"152.745\"}","timestamp":"2025-11-29T11:53:38.565Z"}
{"level":"\u001b[32minfo\u001b[39m","message":"{\"method\":\"GET\",\"url\":\"/api/v1/notifications/unread-count\",\"status\":\"304\",\"responseTime\":\"242.139\"}","timestamp":"2025-11-29T11:54:38.666Z"}
{"level":"\u001b[32minfo\u001b[39m","message":"{\"method\":\"GET\",\"url\":\"/api/v1/notifications/unread-count\",\"status\":\"304\",\"responseTime\":\"352.634\"}","timestamp":"2025-11-29T11:55:38.767Z"}
{"level":"\u001b[32minfo\u001b[39m","message":"{\"method\":\"GET\",\"url\":\"/api/v1/notifications/unread-count\",\"status\":\"304\",\"responseTime\":\"66.064\"}","timestamp":"2025-11-29T11:56:38.492Z"}
{"level":"\u001b[32minfo\u001b[39m","message":"{\"method\":\"GET\",\"url\":\"/api/v1/notifications/unread-count\",\"status\":\"304\",\"responseTime\":\"127.218\"}","timestamp":"2025-11-29T11:57:38.545Z"}
{"level":"\u001b[32minfo\u001b[39m","message":"{\"method\":\"GET\",\"url\":\"/api/v1/notifications/unread-count\",\"status\":\"304\",\"responseTime\":\"68.157\"}","timestamp":"2025-11-29T11:58:38.481Z"}
{"level":"\u001b[32minfo\u001b[39m","message":"{\"method\":\"GET\",\"url\":\"/api/v1/notifications/unread-count\",\"status\":\"304\",\"responseTime\":\"64.629\"}","timestamp":"2025-11-29T11:59:38.477Z"}
{"level":"\u001b[32minfo\u001b[39m","message":"{\"method\":\"GET\",\"url\":\"/api/v1/notifications/unread-count\",\"status\":\"304\",\"responseTime\":\"127.354\"}","timestamp":"2025-11-29T12:00:38.551Z"}
{"level":"\u001b[32minfo\u001b[39m","message":"{\"method\":\"GET\",\"url\":\"/api/v1/notifications/unread-count\",\"status\":\"304\",\"responseTime\":\"726.702\"}","timestamp":"2025-11-29T12:55:33.327Z"}
{"level":"\u001b[32minfo\u001b[39m","message":"{\"method\":\"GET\",\"url\":\"/api/v1/notifications/unread-count\",\"status\":\"304\",\"responseTime\":\"170.426\"}","timestamp":"2025-11-29T12:56:38.596Z"}
{"level":"\u001b[32minfo\u001b[39m","message":"{\"method\":\"GET\",\"url\":\"/api/v1/notifications/unread-count\",\"status\":\"304\",\"responseTime\":\"354.953\"}","timestamp":"2025-11-29T12:57:38.765Z"}
{"level":"\u001b[32minfo\u001b[39m","message":"{\"method\":\"GET\",\"url\":\"/api/v1/notifications/unread-count\",\"status\":\"304\",\"responseTime\":\"313.697\"}","timestamp":"2025-11-29T12:58:38.737Z"}
{"level":"\u001b[32minfo\u001b[39m","message":"{\"method\":\"GET\",\"url\":\"/api/v1/notifications/unread-count\",\"status\":\"304\",\"responseTime\":\"394.212\"}","timestamp":"2025-11-29T12:59:38.801Z"}
{"level":"\u001b[32minfo\u001b[39m","message":"{\"method\":\"GET\",\"url\":\"/api/v1/notifications/unread-count\",\"status\":\"304\",\"responseTime\":\"67.542\"}","timestamp":"2025-11-29T13:00:38.491Z"}
{"level":"\u001b[32minfo\u001b[39m","message":"{\"method\":\"GET\",\"url\":\"/api/v1/notifications/unread-count\",\"status\":\"304\",\"responseTime\":\"67.856\"}","timestamp":"2025-11-29T13:01:38.485Z"}
{"level":"\u001b[32minfo\u001b[39m","message":"{\"method\":\"GET\",\"url\":\"/api/v1/notifications/unread-count\",\"status\":\"304\",\"responseTime\":\"67.207\"}","timestamp":"2025-11-29T13:02:38.490Z"}
{"level":"\u001b[32minfo\u001b[39m","message":"{\"method\":\"GET\",\"url\":\"/api/v1/notifications/unread-count\",\"status\":\"304\",\"responseTime\":\"143.738\"}","timestamp":"2025-11-29T13:03:38.558Z"}
{"level":"\u001b[32minfo\u001b[39m","message":"{\"method\":\"GET\",\"url\":\"/api/v1/notifications/unread-count\",\"status\":\"304\",\"responseTime\":\"336.653\"}","timestamp":"2025-11-29T13:04:38.757Z"}
{"level":"\u001b[32minfo\u001b[39m","message":"{\"method\":\"GET\",\"url\":\"/api/v1/notifications/unread-count\",\"status\":\"304\",\"responseTime\":\"67.322\"}","timestamp":"2025-11-29T13:05:38.475Z"}
{"level":"\u001b[32minfo\u001b[39m","message":"{\"method\":\"GET\",\"url\":\"/api/v1/notifications/unread-count\",\"status\":\"304\",\"responseTime\":\"72.165\"}","timestamp":"2025-11-29T13:06:38.484Z"}
{"level":"\u001b[32minfo\u001b[39m","message":"{\"method\":\"GET\",\"url\":\"/api/v1/notifications/unread-count\",\"status\":\"304\",\"responseTime\":\"80.577\"}","timestamp":"2025-11-29T13:07:38.496Z"}
{"level":"\u001b[32minfo\u001b[39m","message":"{\"method\":\"GET\",\"url\":\"/api/v1/notifications/unread-count\",\"status\":\"304\",\"responseTime\":\"290.650\"}","timestamp":"2025-11-29T13:08:38.715Z"}
{"level":"\u001b[32minfo\u001b[39m","message":"{\"method\":\"GET\",\"url\":\"/api/v1/notifications/unread-count\",\"status\":\"304\",\"responseTime\":\"676.096\"}","timestamp":"2025-11-29T13:09:39.099Z"}
{"level":"\u001b[32minfo\u001b[39m","message":"{\"method\":\"GET\",\"url\":\"/api/v1/notifications/unread-count\",\"status\":\"304\",\"responseTime\":\"664.928\"}","timestamp":"2025-11-29T13:10:39.089Z"}
{"level":"\u001b[32minfo\u001b[39m","message":"{\"method\":\"GET\",\"url\":\"/api/v1/notifications/unread-count\",\"status\":\"304\",\"responseTime\":\"348.593\"}","timestamp":"2025-11-29T13:11:38.762Z"}
{"level":"\u001b[32minfo\u001b[39m","message":"{\"method\":\"GET\",\"url\":\"/api/v1/notifications/unread-count\",\"status\":\"304\",\"responseTime\":\"401.894\"}","timestamp":"2025-11-29T13:12:38.827Z"}
{"level":"\u001b[32minfo\u001b[39m","message":"{\"method\":\"GET\",\"url\":\"/api/v1/users/current-user\",\"status\":\"304\",\"responseTime\":\"366.870\"}","timestamp":"2025-11-29T13:12:53.297Z"}
{"level":"\u001b[32minfo\u001b[39m","message":"{\"method\":\"GET\",\"url\":\"/api/v1/users/current-user\",\"status\":\"304\",\"responseTime\":\"33.733\"}","timestamp":"2025-11-29T13:12:53.336Z"}
{"level":"\u001b[32minfo\u001b[39m","message":"{\"method\":\"GET\",\"url\":\"/api/v1/users/theme\",\"status\":\"200\",\"responseTime\":\"1396.676\"}","timestamp":"2025-11-29T13:12:54.705Z"}
{"level":"\u001b[32minfo\u001b[39m","message":"{\"method\":\"GET\",\"url\":\"/api/v1/users/theme\",\"status\":\"304\",\"responseTime\":\"66.829\"}","timestamp":"2025-11-29T13:12:54.775Z"}
{"level":"\u001b[32minfo\u001b[39m","message":"{\"method\":\"GET\",\"url\":\"/api/v1/videos/\",\"status\":\"200\",\"responseTime\":\"363.622\"}","timestamp":"2025-11-29T13:12:55.122Z"}
{"level":"\u001b[32minfo\u001b[39m","message":"{\"method\":\"GET\",\"url\":\"/api/v1/videos/\",\"status\":\"304\",\"responseTime\":\"130.726\"}","timestamp":"2025-11-29T13:12:55.263Z"}
{"level":"\u001b[32minfo\u001b[39m","message":"{\"method\":\"GET\",\"url\":\"/api/v1/notifications/unread-count\",\"status\":\"304\",\"responseTime\":\"1004.787\"}","timestamp":"2025-11-29T13:12:55.764Z"}
{"level":"\u001b[32minfo\u001b[39m","message":"{\"method\":\"GET\",\"url\":\"/api/v1/tweets/\",\"status\":\"304\",\"responseTime\":\"1006.405\"}","timestamp":"2025-11-29T13:12:55.767Z"}
{"level":"\u001b[32minfo\u001b[39m","message":"{\"method\":\"GET\",\"url\":\"/api/v1/notifications/unread-count\",\"status\":\"304\",\"responseTime\":\"82.334\"}","timestamp":"2025-11-29T13:12:55.854Z"}
{"level":"\u001b[32minfo\u001b[39m","message":"{\"method\":\"GET\",\"url\":\"/api/v1/tweets/\",\"status\":\"304\",\"responseTime\":\"81.706\"}","timestamp":"2025-11-29T13:12:55.857Z"}
{"level":"\u001b[32minfo\u001b[39m","message":"{\"method\":\"GET\",\"url\":\"/api/v1/playlist/user/692894ab13409b594dc01248\",\"status\":\"304\",\"responseTime\":\"106.221\"}","timestamp":"2025-11-29T13:13:02.181Z"}
{"level":"\u001b[32minfo\u001b[39m","message":"{\"method\":\"GET\",\"url\":\"/api/v1/videos/692ac42f47df639c9b6f7cdb\",\"status\":\"201\",\"responseTime\":\"389.539\"}","timestamp":"2025-11-29T13:13:06.164Z"}
{"level":"\u001b[32minfo\u001b[39m","message":"{\"method\":\"GET\",\"url\":\"/api/v1/comments/692ac42f47df639c9b6f7cdb\",\"status\":\"201\",\"responseTime\":\"231.705\"}","timestamp":"2025-11-29T13:13:06.407Z"}
{"0":"692ac42f47df639c9b6f7cdb","1":"6928961613409b594dc01255","2":"692898da696e5d9c996d3046","3":"6928997c696e5d9c996d304b","level":"\u001b[32minfo\u001b[39m","message":"Updated watch history: ","timestamp":"2025-11-29T13:13:07.192Z"}
{"level":"\u001b[32minfo\u001b[39m","message":"{\"method\":\"PATCH\",\"url\":\"/api/v1/users/history/add/692ac42f47df639c9b6f7cdb\",\"status\":\"200\",\"responseTime\":\"779.326\"}","timestamp":"2025-11-29T13:13:07.194Z"}
{"level":"\u001b[32minfo\u001b[39m","message":"{\"method\":\"GET\",\"url\":\"/api/v1/videos/692ac42f47df639c9b6f7cdb\",\"status\":\"201\",\"responseTime\":\"1077.925\"}","timestamp":"2025-11-29T13:13:07.249Z"}
{"level":"\u001b[32minfo\u001b[39m","message":"{\"method\":\"PATCH\",\"url\":\"/api/v1/videos/views/692ac42f47df639c9b6f7cdb\",\"status\":\"200\",\"responseTime\":\"376.164\"}","timestamp":"2025-11-29T13:13:07.577Z"}
{"level":"\u001b[32minfo\u001b[39m","message":"{\"method\":\"GET\",\"url\":\"/api/v1/comments/692ac42f47df639c9b6f7cdb\",\"status\":\"201\",\"responseTime\":\"351.552\"}","timestamp":"2025-11-29T13:13:07.612Z"}
{"0":"692ac42f47df639c9b6f7cdb","1":"6928961613409b594dc01255","2":"692898da696e5d9c996d3046","3":"6928997c696e5d9c996d304b","level":"\u001b[32minfo\u001b[39m","message":"Updated watch history: ","timestamp":"2025-11-29T13:13:07.994Z"}
{"level":"\u001b[32minfo\u001b[39m","message":"{\"method\":\"PATCH\",\"url\":\"/api/v1/users/history/add/692ac42f47df639c9b6f7cdb\",\"status\":\"200\",\"responseTime\":\"374.385\"}","timestamp":"2025-11-29T13:13:07.995Z"}
{"level":"\u001b[32minfo\u001b[39m","message":"{\"method\":\"PATCH\",\"url\":\"/api/v1/videos/views/692ac42f47df639c9b6f7cdb\",\"status\":\"200\",\"responseTime\":\"108.450\"}","timestamp":"2025-11-29T13:13:08.111Z"}
{"level":"\u001b[32minfo\u001b[39m","message":"{\"method\":\"GET\",\"url\":\"/api/v1/videos/\",\"status\":\"200\",\"responseTime\":\"82.760\"}","timestamp":"2025-11-29T13:13:12.445Z"}
{"level":"\u001b[32minfo\u001b[39m","message":"{\"method\":\"GET\",\"url\":\"/api/v1/tweets/\",\"status\":\"304\",\"responseTime\":\"70.508\"}","timestamp":"2025-11-29T13:13:12.452Z"}
{"level":"\u001b[32minfo\u001b[39m","message":"{\"method\":\"GET\",\"url\":\"/api/v1/videos/\",\"status\":\"304\",\"responseTime\":\"79.105\"}","timestamp":"2025-11-29T13:13:12.569Z"}
{"level":"\u001b[32minfo\u001b[39m","message":"{\"method\":\"GET\",\"url\":\"/api/v1/tweets/\",\"status\":\"304\",\"responseTime\":\"111.777\"}","timestamp":"2025-11-29T13:13:12.603Z"}
{"level":"\u001b[32minfo\u001b[39m","message":"{\"method\":\"GET\",\"url\":\"/api/v1/playlist/user/692894ab13409b594dc01248\",\"status\":\"304\",\"responseTime\":\"99.961\"}","timestamp":"2025-11-29T13:13:15.770Z"}
{"level":"\u001b[32minfo\u001b[39m","message":"{\"method\":\"GET\",\"url\":\"/api/v1/playlist/user/692894ab13409b594dc01248\",\"status\":\"304\",\"responseTime\":\"98.709\"}","timestamp":"2025-11-29T13:13:15.874Z"}
{"level":"\u001b[32minfo\u001b[39m","message":"{\"method\":\"POST\",\"url\":\"/api/v1/playlist/\",\"status\":\"201\",\"responseTime\":\"500.052\"}","timestamp":"2025-11-29T13:13:33.437Z"}
{"level":"\u001b[32minfo\u001b[39m","message":"{\"method\":\"GET\",\"url\":\"/api/v1/notifications/unread-count\",\"status\":\"304\",\"responseTime\":\"74.346\"}","timestamp":"2025-11-29T13:13:46.058Z"}
{"level":"\u001b[32minfo\u001b[39m","message":"{\"method\":\"GET\",\"url\":\"/api/v1/playlist/user/692894ab13409b594dc01248\",\"status\":\"200\",\"responseTime\":\"115.669\"}","timestamp":"2025-11-29T13:13:46.106Z"}
{"level":"\u001b[32minfo\u001b[39m","message":"{\"method\":\"GET\",\"url\":\"/api/v1/notifications/unread-count\",\"status\":\"304\",\"responseTime\":\"325.027\"}","timestamp":"2025-11-29T13:13:46.390Z"}
{"level":"\u001b[32minfo\u001b[39m","message":"{\"method\":\"GET\",\"url\":\"/api/v1/playlist/user/692894ab13409b594dc01248\",\"status\":\"304\",\"responseTime\":\"585.410\"}","timestamp":"2025-11-29T13:13:46.697Z"}
{"level":"\u001b[32minfo\u001b[39m","message":"{\"method\":\"GET\",\"url\":\"/api/v1/notifications/unread-count\",\"status\":\"304\",\"responseTime\":\"73.945\"}","timestamp":"2025-11-29T13:14:01.056Z"}
{"level":"\u001b[32minfo\u001b[39m","message":"{\"method\":\"GET\",\"url\":\"/api/v1/playlist/user/692894ab13409b594dc01248\",\"status\":\"304\",\"responseTime\":\"99.883\"}","timestamp":"2025-11-29T13:14:01.092Z"}
{"level":"\u001b[32minfo\u001b[39m","message":"{\"method\":\"GET\",\"url\":\"/api/v1/notifications/unread-count\",\"status\":\"304\",\"responseTime\":\"67.001\"}","timestamp":"2025-11-29T13:14:01.128Z"}
{"level":"\u001b[32minfo\u001b[39m","message":"{\"method\":\"GET\",\"url\":\"/api/v1/playlist/user/692894ab13409b594dc01248\",\"status\":\"304\",\"responseTime\":\"99.381\"}","timestamp":"2025-11-29T13:14:01.197Z"}
{"level":"\u001b[32minfo\u001b[39m","message":"{\"method\":\"GET\",\"url\":\"/api/v1/videos/\",\"status\":\"304\",\"responseTime\":\"235.429\"}","timestamp":"2025-11-29T13:14:05.737Z"}
{"level":"\u001b[32minfo\u001b[39m","message":"{\"method\":\"GET\",\"url\":\"/api/v1/tweets/\",\"status\":\"304\",\"responseTime\":\"216.927\"}","timestamp":"2025-11-29T13:14:05.738Z"}
{"level":"\u001b[32minfo\u001b[39m","message":"{\"method\":\"GET\",\"url\":\"/api/v1/videos/\",\"status\":\"304\",\"responseTime\":\"331.694\"}","timestamp":"2025-11-29T13:14:06.076Z"}
{"level":"\u001b[32minfo\u001b[39m","message":"{\"method\":\"GET\",\"url\":\"/api/v1/tweets/\",\"status\":\"304\",\"responseTime\":\"332.832\"}","timestamp":"2025-11-29T13:14:06.078Z"}
{"level":"\u001b[32minfo\u001b[39m","message":"{\"method\":\"GET\",\"url\":\"/api/v1/playlist/user/692894ab13409b594dc01248\",\"status\":\"304\",\"responseTime\":\"800.851\"}","timestamp":"2025-11-29T13:14:09.727Z"}
{"level":"\u001b[32minfo\u001b[39m","message":"{\"method\":\"GET\",\"url\":\"/api/v1/videos/692ac42f47df639c9b6f7cdb\",\"status\":\"201\",\"responseTime\":\"417.947\"}","timestamp":"2025-11-29T13:14:11.546Z"}
{"level":"\u001b[32minfo\u001b[39m","message":"{\"method\":\"GET\",\"url\":\"/api/v1/comments/692ac42f47df639c9b6f7cdb\",\"status\":\"201\",\"responseTime\":\"676.651\"}","timestamp":"2025-11-29T13:14:12.233Z"}
{"level":"\u001b[32minfo\u001b[39m","message":"{\"method\":\"GET\",\"url\":\"/api/v1/videos/692ac42f47df639c9b6f7cdb\",\"status\":\"201\",\"responseTime\":\"685.756\"}","timestamp":"2025-11-29T13:14:12.236Z"}
{"level":"\u001b[32minfo\u001b[39m","message":"{\"method\":\"GET\",\"url\":\"/api/v1/comments/692ac42f47df639c9b6f7cdb\",\"status\":\"201\",\"responseTime\":\"107.180\"}","timestamp":"2025-11-29T13:14:12.359Z"}
{"0":"692ac42f47df639c9b6f7cdb","1":"6928961613409b594dc01255","2":"692898da696e5d9c996d3046","3":"6928997c696e5d9c996d304b","level":"\u001b[32minfo\u001b[39m","message":"Updated watch history: ","timestamp":"2025-11-29T13:14:12.380Z"}
{"level":"\u001b[32minfo\u001b[39m","message":"{\"method\":\"PATCH\",\"url\":\"/api/v1/users/history/add/692ac42f47df639c9b6f7cdb\",\"status\":\"200\",\"responseTime\":\"137.055\"}","timestamp":"2025-11-29T13:14:12.382Z"}
{"level":"\u001b[32minfo\u001b[39m","message":"{\"method\":\"PATCH\",\"url\":\"/api/v1/videos/views/692ac42f47df639c9b6f7cdb\",\"status\":\"200\",\"responseTime\":\"240.384\"}","timestamp":"2025-11-29T13:14:12.632Z"}
{"0":"692ac42f47df639c9b6f7cdb","1":"6928961613409b594dc01255","2":"692898da696e5d9c996d3046","3":"6928997c696e5d9c996d304b","level":"\u001b[32minfo\u001b[39m","message":"Updated watch history: ","timestamp":"2025-11-29T13:14:12.637Z"}
{"level":"\u001b[32minfo\u001b[39m","message":"{\"method\":\"PATCH\",\"url\":\"/api/v1/users/history/add/692ac42f47df639c9b6f7cdb\",\"status\":\"200\",\"responseTime\":\"271.099\"}","timestamp":"2025-11-29T13:14:12.638Z"}
{"level":"\u001b[32minfo\u001b[39m","message":"{\"method\":\"PATCH\",\"url\":\"/api/v1/videos/views/692ac42f47df639c9b6f7cdb\",\"status\":\"200\",\"responseTime\":\"108.182\"}","timestamp":"2025-11-29T13:14:12.763Z"}
{"level":"\u001b[32minfo\u001b[39m","message":"{\"method\":\"GET\",\"url\":\"/api/v1/videos/\",\"status\":\"200\",\"responseTime\":\"74.605\"}","timestamp":"2025-11-29T13:14:13.833Z"}
{"level":"\u001b[32minfo\u001b[39m","message":"{\"method\":\"GET\",\"url\":\"/api/v1/tweets/\",\"status\":\"304\",\"responseTime\":\"70.412\"}","timestamp":"2025-11-29T13:14:13.834Z"}
{"level":"\u001b[32minfo\u001b[39m","message":"{\"method\":\"GET\",\"url\":\"/api/v1/videos/\",\"status\":\"304\",\"responseTime\":\"75.506\"}","timestamp":"2025-11-29T13:14:13.917Z"}
{"level":"\u001b[32minfo\u001b[39m","message":"{\"method\":\"GET\",\"url\":\"/api/v1/tweets/\",\"status\":\"304\",\"responseTime\":\"76.710\"}","timestamp":"2025-11-29T13:14:13.919Z"}
{"level":"\u001b[32minfo\u001b[39m","message":"{\"method\":\"GET\",\"url\":\"/api/v1/playlist/user/692894ab13409b594dc01248\",\"status\":\"304\",\"responseTime\":\"345.043\"}","timestamp":"2025-11-29T13:14:16.936Z"}
{"level":"\u001b[32minfo\u001b[39m","message":"{\"method\":\"GET\",\"url\":\"/api/v1/videos/692ac42f47df639c9b6f7cdb\",\"status\":\"201\",\"responseTime\":\"626.865\"}","timestamp":"2025-11-29T13:14:18.863Z"}
{"level":"\u001b[32minfo\u001b[39m","message":"{\"method\":\"GET\",\"url\":\"/api/v1/comments/692ac42f47df639c9b6f7cdb\",\"status\":\"201\",\"responseTime\":\"195.100\"}","timestamp":"2025-11-29T13:14:19.069Z"}
{"level":"\u001b[32minfo\u001b[39m","message":"{\"method\":\"GET\",\"url\":\"/api/v1/videos/692ac42f47df639c9b6f7cdb\",\"status\":\"201\",\"responseTime\":\"415.348\"}","timestamp":"2025-11-29T13:14:19.284Z"}
{"0":"692ac42f47df639c9b6f7cdb","1":"6928961613409b594dc01255","2":"692898da696e5d9c996d3046","3":"6928997c696e5d9c996d304b","level":"\u001b[32minfo\u001b[39m","message":"Updated watch history: ","timestamp":"2025-11-29T13:14:19.642Z"}
{"level":"\u001b[32minfo\u001b[39m","message":"{\"method\":\"PATCH\",\"url\":\"/api/v1/users/history/add/692ac42f47df639c9b6f7cdb\",\"status\":\"200\",\"responseTime\":\"565.815\"}","timestamp":"2025-11-29T13:14:19.643Z"}
{"level":"\u001b[32minfo\u001b[39m","message":"{\"method\":\"GET\",\"url\":\"/api/v1/comments/692ac42f47df639c9b6f7cdb\",\"status\":\"201\",\"responseTime\":\"377.543\"}","timestamp":"2025-11-29T13:14:19.672Z"}
{"level":"\u001b[32minfo\u001b[39m","message":"{\"method\":\"PATCH\",\"url\":\"/api/v1/videos/views/692ac42f47df639c9b6f7cdb\",\"status\":\"200\",\"responseTime\":\"657.568\"}","timestamp":"2025-11-29T13:14:20.310Z"}
{"0":"692ac42f47df639c9b6f7cdb","1":"6928961613409b594dc01255","2":"692898da696e5d9c996d3046","3":"6928997c696e5d9c996d304b","level":"\u001b[32minfo\u001b[39m","message":"Updated watch history: ","timestamp":"2025-11-29T13:14:20.685Z"}
{"level":"\u001b[32minfo\u001b[39m","message":"{\"method\":\"PATCH\",\"url\":\"/api/v1/users/history/add/692ac42f47df639c9b6f7cdb\",\"status\":\"200\",\"responseTime\":\"1003.468\"}","timestamp":"2025-11-29T13:14:20.687Z"}
{"level":"\u001b[32minfo\u001b[39m","message":"{\"method\":\"PATCH\",\"url\":\"/api/v1/videos/views/692ac42f47df639c9b6f7cdb\",\"status\":\"200\",\"responseTime\":\"109.195\"}","timestamp":"2025-11-29T13:14:20.805Z"}
{"level":"\u001b[32minfo\u001b[39m","message":"{\"method\":\"GET\",\"url\":\"/api/v1/playlist/user/692894ab13409b594dc01248\",\"status\":\"304\",\"responseTime\":\"218.982\"}","timestamp":"2025-11-29T13:14:24.747Z"}
{"level":"\u001b[32minfo\u001b[39m","message":"{\"method\":\"GET\",\"url\":\"/api/v1/playlist/user/692894ab13409b594dc01248\",\"status\":\"304\",\"responseTime\":\"104.965\"}","timestamp":"2025-11-29T13:14:24.857Z"}
{"level":"\u001b[32minfo\u001b[39m","message":"{\"method\":\"GET\",\"url\":\"/api/v1/videos/\",\"status\":\"200\",\"responseTime\":\"97.870\"}","timestamp":"2025-11-29T13:14:30.866Z"}
{"level":"\u001b[32minfo\u001b[39m","message":"{\"method\":\"GET\",\"url\":\"/api/v1/tweets/\",\"status\":\"304\",\"responseTime\":\"96.739\"}","timestamp":"2025-11-29T13:14:30.870Z"}
{"level":"\u001b[32minfo\u001b[39m","message":"{\"method\":\"GET\",\"url\":\"/api/v1/videos/\",\"status\":\"304\",\"responseTime\":\"89.902\"}","timestamp":"2025-11-29T13:14:30.962Z"}
{"level":"\u001b[32minfo\u001b[39m","message":"{\"method\":\"GET\",\"url\":\"/api/v1/tweets/\",\"status\":\"304\",\"responseTime\":\"87.446\"}","timestamp":"2025-11-29T13:14:30.966Z"}
{"level":"\u001b[32minfo\u001b[39m","message":"{\"method\":\"GET\",\"url\":\"/api/v1/playlist/user/692894ab13409b594dc01248\",\"status\":\"304\",\"responseTime\":\"376.375\"}","timestamp":"2025-11-29T13:14:33.614Z"}
{"level":"\u001b[32minfo\u001b[39m","message":"{\"method\":\"GET\",\"url\":\"/api/v1/videos/692ac42f47df639c9b6f7cdb\",\"status\":\"201\",\"responseTime\":\"367.446\"}","timestamp":"2025-11-29T13:14:37.547Z"}
{"level":"\u001b[32minfo\u001b[39m","message":"{\"method\":\"GET\",\"url\":\"/api/v1/comments/692ac42f47df639c9b6f7cdb\",\"status\":\"201\",\"responseTime\":\"359.603\"}","timestamp":"2025-11-29T13:14:37.915Z"}
{"level":"\u001b[32minfo\u001b[39m","message":"{\"method\":\"GET\",\"url\":\"/api/v1/videos/692ac42f47df639c9b6f7cdb\",\"status\":\"201\",\"responseTime\":\"368.211\"}","timestamp":"2025-11-29T13:14:37.920Z"}
{"level":"\u001b[32minfo\u001b[39m","message":"{\"method\":\"GET\",\"url\":\"/api/v1/comments/692ac42f47df639c9b6f7cdb\",\"status\":\"201\",\"responseTime\":\"368.702\"}","timestamp":"2025-11-29T13:14:38.305Z"}
{"0":"692ac42f47df639c9b6f7cdb","1":"6928961613409b594dc01255","2":"692898da696e5d9c996d3046","3":"6928997c696e5d9c996d304b","level":"\u001b[32minfo\u001b[39m","message":"Updated watch history: ","timestamp":"2025-11-29T13:14:38.427Z"}
{"level":"\u001b[32minfo\u001b[39m","message":"{\"method\":\"PATCH\",\"url\":\"/api/v1/users/history/add/692ac42f47df639c9b6f7cdb\",\"status\":\"200\",\"responseTime\":\"497.567\"}","timestamp":"2025-11-29T13:14:38.428Z"}
{"level":"\u001b[32minfo\u001b[39m","message":"{\"method\":\"PATCH\",\"url\":\"/api/v1/videos/views/692ac42f47df639c9b6f7cdb\",\"status\":\"200\",\"responseTime\":\"612.946\"}","timestamp":"2025-11-29T13:14:39.051Z"}
{"0":"692ac42f47df639c9b6f7cdb","1":"6928961613409b594dc01255","2":"692898da696e5d9c996d3046","3":"6928997c696e5d9c996d304b","level":"\u001b[32minfo\u001b[39m","message":"Updated watch history: ","timestamp":"2025-11-29T13:14:39.054Z"}
{"level":"\u001b[32minfo\u001b[39m","message":"{\"method\":\"PATCH\",\"url\":\"/api/v1/users/history/add/692ac42f47df639c9b6f7cdb\",\"status\":\"200\",\"responseTime\":\"740.731\"}","timestamp":"2025-11-29T13:14:39.055Z"}
{"level":"\u001b[32minfo\u001b[39m","message":"{\"method\":\"PATCH\",\"url\":\"/api/v1/videos/views/692ac42f47df639c9b6f7cdb\",\"status\":\"200\",\"responseTime\":\"375.620\"}","timestamp":"2025-11-29T13:14:39.452Z"}
{"level":"\u001b[32minfo\u001b[39m","message":"{\"method\":\"GET\",\"url\":\"/api/v1/notifications/?page=1&limit=20\",\"status\":\"304\",\"responseTime\":\"362.851\"}","timestamp":"2025-11-29T13:14:52.840Z"}
{"level":"\u001b[32minfo\u001b[39m","message":"{\"method\":\"GET\",\"url\":\"/api/v1/notifications/?page=1&limit=20\",\"status\":\"304\",\"responseTime\":\"324.149\"}","timestamp":"2025-11-29T13:14:53.169Z"}
{"level":"\u001b[32minfo\u001b[39m","message":"{\"method\":\"GET\",\"url\":\"/api/v1/notifications/unread-count\",\"status\":\"304\",\"responseTime\":\"82.758\"}","timestamp":"2025-11-29T13:15:01.049Z"}
{"level":"\u001b[32minfo\u001b[39m","message":"file gotten in multer","timestamp":"2025-11-29T13:15:15.410Z"}
{"level":"\u001b[32minfo\u001b[39m","message":"all files checked","timestamp":"2025-11-29T13:15:15.741Z"}
{"level":"\u001b[32minfo\u001b[39m","message":"file uploaded successfully","timestamp":"2025-11-29T13:15:31.617Z"}
{"level":"\u001b[32minfo\u001b[39m","message":"video Uploaded","timestamp":"2025-11-29T13:15:31.620Z"}
{"level":"\u001b[32minfo\u001b[39m","message":"{\"method\":\"POST\",\"url\":\"/api/v1/videos/\",\"status\":\"201\",\"responseTime\":\"16680.996\"}","timestamp":"2025-11-29T13:15:31.763Z"}
{"level":"\u001b[32minfo\u001b[39m","message":"{\"method\":\"GET\",\"url\":\"/api/v1/dashboard/videos\",\"status\":\"200\",\"responseTime\":\"628.901\"}","timestamp":"2025-11-29T13:15:55.455Z"}
{"level":"\u001b[32minfo\u001b[39m","message":"{\"method\":\"GET\",\"url\":\"/api/v1/dashboard/videos\",\"status\":\"304\",\"responseTime\":\"398.538\"}","timestamp":"2025-11-29T13:15:55.858Z"}
{"level":"\u001b[32minfo\u001b[39m","message":"{\"method\":\"GET\",\"url\":\"/api/v1/dashboard/stats\",\"status\":\"200\",\"responseTime\":\"1040.789\"}","timestamp":"2025-11-29T13:15:55.863Z"}
{"level":"\u001b[32minfo\u001b[39m","message":"{\"method\":\"GET\",\"url\":\"/api/v1/dashboard/stats\",\"status\":\"304\",\"responseTime\":\"905.678\"}","timestamp":"2025-11-29T13:15:56.775Z"}
{"level":"\u001b[32minfo\u001b[39m","message":"{\"method\":\"GET\",\"url\":\"/api/v1/notifications/unread-count\",\"status\":\"304\",\"responseTime\":\"369.157\"}","timestamp":"2025-11-29T13:16:01.345Z"}
{"level":"\u001b[32minfo\u001b[39m","message":"{\"method\":\"GET\",\"url\":\"/api/v1/notifications/unread-count\",\"status\":\"304\",\"responseTime\":\"386.169\"}","timestamp":"2025-11-29T13:17:01.799Z"}
{"level":"\u001b[32minfo\u001b[39m","message":"{\"method\":\"GET\",\"url\":\"/api/v1/notifications/unread-count\",\"status\":\"304\",\"responseTime\":\"386.972\"}","timestamp":"2025-11-29T13:18:01.799Z"}
{"level":"\u001b[32minfo\u001b[39m","message":"{\"method\":\"GET\",\"url\":\"/api/v1/notifications/unread-count\",\"status\":\"304\",\"responseTime\":\"117.942\"}","timestamp":"2025-11-29T13:19:01.532Z"}
{"level":"\u001b[32minfo\u001b[39m","message":"{\"method\":\"GET\",\"url\":\"/api/v1/notifications/unread-count\",\"status\":\"304\",\"responseTime\":\"68.517\"}","timestamp":"2025-11-29T13:20:01.478Z"}
{"level":"\u001b[32minfo\u001b[39m","message":"{\"method\":\"GET\",\"url\":\"/api/v1/notifications/unread-count\",\"status\":\"304\",\"responseTime\":\"66.036\"}","timestamp":"2025-11-29T13:21:01.481Z"}
{"level":"\u001b[32minfo\u001b[39m","message":"{\"method\":\"GET\",\"url\":\"/api/v1/dashboard/videos\",\"status\":\"304\",\"responseTime\":\"109.888\"}","timestamp":"2025-11-29T13:21:02.542Z"}
{"level":"\u001b[32minfo\u001b[39m","message":"{\"method\":\"GET\",\"url\":\"/api/v1/dashboard/stats\",\"status\":\"304\",\"responseTime\":\"233.554\"}","timestamp":"2025-11-29T13:21:02.664Z"}
{"level":"\u001b[32minfo\u001b[39m","message":"{\"method\":\"GET\",\"url\":\"/api/v1/dashboard/videos\",\"status\":\"304\",\"responseTime\":\"114.561\"}","timestamp":"2025-11-29T13:21:06.534Z"}
{"level":"\u001b[32minfo\u001b[39m","message":"{\"method\":\"GET\",\"url\":\"/api/v1/dashboard/stats\",\"status\":\"304\",\"responseTime\":\"209.902\"}","timestamp":"2025-11-29T13:21:06.629Z"}
{"level":"\u001b[32minfo\u001b[39m","message":"{\"method\":\"GET\",\"url\":\"/api/v1/dashboard/videos\",\"status\":\"304\",\"responseTime\":\"424.806\"}","timestamp":"2025-11-29T13:21:51.855Z"}
{"level":"\u001b[32minfo\u001b[39m","message":"{\"method\":\"GET\",\"url\":\"/api/v1/dashboard/stats\",\"status\":\"304\",\"responseTime\":\"568.464\"}","timestamp":"2025-11-29T13:21:51.997Z"}
{"level":"\u001b[32minfo\u001b[39m","message":"{\"method\":\"GET\",\"url\":\"/api/v1/notifications/unread-count\",\"status\":\"304\",\"responseTime\":\"198.174\"}","timestamp":"2025-11-29T13:22:01.608Z"}
{"level":"\u001b[32minfo\u001b[39m","message":"{\"method\":\"GET\",\"url\":\"/api/v1/dashboard/videos\",\"status\":\"304\",\"responseTime\":\"505.822\"}","timestamp":"2025-11-29T13:22:33.940Z"}
{"level":"\u001b[32minfo\u001b[39m","message":"{\"method\":\"GET\",\"url\":\"/api/v1/dashboard/stats\",\"status\":\"304\",\"responseTime\":\"882.914\"}","timestamp":"2025-11-29T13:22:34.317Z"}
{"level":"\u001b[32minfo\u001b[39m","message":"{\"method\":\"GET\",\"url\":\"/api/v1/notifications/unread-count\",\"status\":\"304\",\"responseTime\":\"66.356\"}","timestamp":"2025-11-29T13:23:01.474Z"}
{"level":"\u001b[32minfo\u001b[39m","message":"{\"method\":\"GET\",\"url\":\"/api/v1/notifications/unread-count\",\"status\":\"304\",\"responseTime\":\"297.578\"}","timestamp":"2025-11-29T13:24:38.717Z"}
{"level":"\u001b[32minfo\u001b[39m","message":"{\"method\":\"GET\",\"url\":\"/api/v1/notifications/unread-count\",\"status\":\"304\",\"responseTime\":\"67.863\"}","timestamp":"2025-11-29T13:25:38.491Z"}
{"level":"\u001b[32minfo\u001b[39m","message":"{\"method\":\"GET\",\"url\":\"/api/v1/notifications/unread-count\",\"status\":\"304\",\"responseTime\":\"71.751\"}","timestamp":"2025-11-29T13:26:38.483Z"}
{"level":"\u001b[32minfo\u001b[39m","message":"{\"method\":\"GET\",\"url\":\"/api/v1/notifications/unread-count\",\"status\":\"304\",\"responseTime\":\"74.989\"}","timestamp":"2025-11-29T13:27:28.942Z"}
{"level":"\u001b[32minfo\u001b[39m","message":"{\"method\":\"GET\",\"url\":\"/api/v1/notifications/unread-count\",\"status\":\"304\",\"responseTime\":\"65.358\"}","timestamp":"2025-11-29T13:28:01.489Z"}
{"level":"\u001b[32minfo\u001b[39m","message":"{\"method\":\"GET\",\"url\":\"/api/v1/notifications/unread-count\",\"status\":\"304\",\"responseTime\":\"615.033\"}","timestamp":"2025-11-29T13:29:39.034Z"}
{"level":"\u001b[32minfo\u001b[39m","message":"{\"method\":\"GET\",\"url\":\"/api/v1/notifications/unread-count\",\"status\":\"304\",\"responseTime\":\"69.417\"}","timestamp":"2025-11-29T13:30:38.487Z"}
{"level":"\u001b[32minfo\u001b[39m","message":"{\"method\":\"GET\",\"url\":\"/api/v1/notifications/unread-count\",\"status\":\"304\",\"responseTime\":\"139.459\"}","timestamp":"2025-11-29T13:31:38.565Z"}
{"level":"\u001b[32minfo\u001b[39m","message":"{\"method\":\"GET\",\"url\":\"/api/v1/notifications/unread-count\",\"status\":\"304\",\"responseTime\":\"70.420\"}","timestamp":"2025-11-29T13:32:38.486Z"}
{"level":"\u001b[32minfo\u001b[39m","message":"{\"method\":\"GET\",\"url\":\"/api/v1/notifications/unread-count\",\"status\":\"304\",\"responseTime\":\"535.968\"}","timestamp":"2025-11-29T13:33:18.191Z"}
{"level":"\u001b[32minfo\u001b[39m","message":"{\"method\":\"GET\",\"url\":\"/api/v1/notifications/unread-count\",\"status\":\"304\",\"responseTime\":\"101.821\"}","timestamp":"2025-11-29T13:34:01.073Z"}
{"level":"\u001b[32minfo\u001b[39m","message":"file gotten in multer","timestamp":"2025-11-29T13:34:28.907Z"}
{"level":"\u001b[32minfo\u001b[39m","message":"{\"method\":\"GET\",\"url\":\"/api/v1/users/current-user\",\"status\":\"200\",\"responseTime\":\"36.118\"}","timestamp":"2025-11-29T13:34:32.891Z"}
{"level":"\u001b[32minfo\u001b[39m","message":"{\"method\":\"GET\",\"url\":\"/api/v1/users/current-user\",\"status\":\"304\",\"responseTime\":\"42.115\"}","timestamp":"2025-11-29T13:34:32.939Z"}
{"level":"\u001b[32minfo\u001b[39m","message":"{\"method\":\"GET\",\"url\":\"/api/v1/users/theme\",\"status\":\"304\",\"responseTime\":\"37.299\"}","timestamp":"2025-11-29T13:34:33.013Z"}
{"level":"\u001b[32minfo\u001b[39m","message":"{\"method\":\"GET\",\"url\":\"/api/v1/users/theme\",\"status\":\"304\",\"responseTime\":\"38.569\"}","timestamp":"2025-11-29T13:34:33.056Z"}
{"level":"\u001b[32minfo\u001b[39m","message":"{\"method\":\"GET\",\"url\":\"/api/v1/notifications/unread-count\",\"status\":\"304\",\"responseTime\":\"74.738\"}","timestamp":"2025-11-29T13:34:33.146Z"}
{"level":"\u001b[32minfo\u001b[39m","message":"{\"method\":\"GET\",\"url\":\"/api/v1/dashboard/videos\",\"status\":\"304\",\"responseTime\":\"111.597\"}","timestamp":"2025-11-29T13:34:33.192Z"}
{"level":"\u001b[32minfo\u001b[39m","message":"{\"method\":\"GET\",\"url\":\"/api/v1/notifications/unread-count\",\"status\":\"304\",\"responseTime\":\"69.858\"}","timestamp":"2025-11-29T13:34:33.222Z"}
{"level":"\u001b[32minfo\u001b[39m","message":"{\"method\":\"GET\",\"url\":\"/api/v1/dashboard/videos\",\"status\":\"304\",\"responseTime\":\"98.957\"}","timestamp":"2025-11-29T13:34:33.296Z"}
{"level":"\u001b[32minfo\u001b[39m","message":"{\"method\":\"GET\",\"url\":\"/api/v1/dashboard/stats\",\"status\":\"304\",\"responseTime\":\"217.886\"}","timestamp":"2025-11-29T13:34:33.297Z"}
{"level":"\u001b[32minfo\u001b[39m","message":"{\"method\":\"GET\",\"url\":\"/api/v1/dashboard/stats\",\"status\":\"304\",\"responseTime\":\"199.116\"}","timestamp":"2025-11-29T13:34:33.501Z"}
{"level":"\u001b[32minfo\u001b[39m","message":"file uploaded successfully","timestamp":"2025-11-29T13:34:36.386Z"}
{"level":"\u001b[32minfo\u001b[39m","message":"{\"method\":\"PATCH\",\"url\":\"/api/v1/users/cover-image\",\"status\":\"200\",\"responseTime\":\"7637.611\"}","timestamp":"2025-11-29T13:34:36.437Z"}
{"level":"\u001b[32minfo\u001b[39m","message":"{\"method\":\"GET\",\"url\":\"/api/v1/users/current-user\",\"status\":\"200\",\"responseTime\":\"290.783\"}","timestamp":"2025-11-29T13:34:58.123Z"}
{"level":"\u001b[32minfo\u001b[39m","message":"{\"method\":\"GET\",\"url\":\"/api/v1/users/current-user\",\"status\":\"304\",\"responseTime\":\"35.024\"}","timestamp":"2025-11-29T13:34:58.164Z"}
{"level":"\u001b[32minfo\u001b[39m","message":"{\"method\":\"GET\",\"url\":\"/api/v1/users/theme\",\"status\":\"304\",\"responseTime\":\"32.104\"}","timestamp":"2025-11-29T13:34:58.167Z"}
{"level":"\u001b[32minfo\u001b[39m","message":"{\"method\":\"GET\",\"url\":\"/api/v1/users/theme\",\"status\":\"304\",\"responseTime\":\"54.785\"}","timestamp":"2025-11-29T13:34:58.227Z"}
{"level":"\u001b[32minfo\u001b[39m","message":"{\"method\":\"GET\",\"url\":\"/api/v1/notifications/unread-count\",\"status\":\"304\",\"responseTime\":\"245.365\"}","timestamp":"2025-11-29T13:34:58.457Z"}
{"level":"\u001b[32minfo\u001b[39m","message":"{\"method\":\"GET\",\"url\":\"/api/v1/dashboard/videos\",\"status\":\"304\",\"responseTime\":\"273.243\"}","timestamp":"2025-11-29T13:34:58.486Z"}
{"level":"\u001b[32minfo\u001b[39m","message":"{\"method\":\"GET\",\"url\":\"/api/v1/notifications/unread-count\",\"status\":\"304\",\"responseTime\":\"253.730\"}","timestamp":"2025-11-29T13:34:58.716Z"}
{"level":"\u001b[32minfo\u001b[39m","message":"{\"method\":\"GET\",\"url\":\"/api/v1/dashboard/videos\",\"status\":\"304\",\"responseTime\":\"288.034\"}","timestamp":"2025-11-29T13:34:58.778Z"}
{"level":"\u001b[32minfo\u001b[39m","message":"{\"method\":\"GET\",\"url\":\"/api/v1/dashboard/stats\",\"status\":\"304\",\"responseTime\":\"568.134\"}","timestamp":"2025-11-29T13:34:58.781Z"}
{"level":"\u001b[32minfo\u001b[39m","message":"{\"method\":\"GET\",\"url\":\"/api/v1/dashboard/stats\",\"status\":\"304\",\"responseTime\":\"203.886\"}","timestamp":"2025-11-29T13:34:58.989Z"}
{"level":"\u001b[32minfo\u001b[39m","message":"{\"method\":\"POST\",\"url\":\"/api/v1/users/logout\",\"status\":\"200\",\"responseTime\":\"79.886\"}","timestamp":"2025-11-29T13:35:44.914Z"}
{"level":"\u001b[32minfo\u001b[39m","message":"{\"method\":\"POST\",\"url\":\"/api/v1/users/login\",\"status\":\"200\",\"responseTime\":\"1055.870\"}","timestamp":"2025-11-29T13:36:42.818Z"}
{"level":"\u001b[32minfo\u001b[39m","message":"{\"method\":\"GET\",\"url\":\"/api/v1/users/theme\",\"status\":\"200\",\"responseTime\":\"39.527\"}","timestamp":"2025-11-29T13:36:42.869Z"}
{"level":"\u001b[32minfo\u001b[39m","message":"{\"method\":\"GET\",\"url\":\"/api/v1/users/current-user\",\"status\":\"200\",\"responseTime\":\"40.834\"}","timestamp":"2025-11-29T13:36:42.917Z"}
{"level":"\u001b[32minfo\u001b[39m","message":"{\"method\":\"GET\",\"url\":\"/api/v1/users/theme\",\"status\":\"304\",\"responseTime\":\"295.180\"}","timestamp":"2025-11-29T13:36:43.256Z"}
{"level":"\u001b[32minfo\u001b[39m","message":"{\"method\":\"GET\",\"url\":\"/api/v1/notifications/unread-count\",\"status\":\"200\",\"responseTime\":\"76.826\"}","timestamp":"2025-11-29T13:36:43.389Z"}
{"level":"\u001b[32minfo\u001b[39m","message":"{\"method\":\"GET\",\"url\":\"/api/v1/videos/\",\"status\":\"200\",\"responseTime\":\"79.231\"}","timestamp":"2025-11-29T13:36:43.392Z"}
{"level":"\u001b[32minfo\u001b[39m","message":"{\"method\":\"GET\",\"url\":\"/api/v1/tweets/\",\"status\":\"304\",\"responseTime\":\"82.053\"}","timestamp":"2025-11-29T13:36:43.395Z"}
{"level":"\u001b[32minfo\u001b[39m","message":"{\"method\":\"GET\",\"url\":\"/api/v1/notifications/unread-count\",\"status\":\"304\",\"responseTime\":\"67.659\"}","timestamp":"2025-11-29T13:36:43.467Z"}
{"level":"\u001b[32minfo\u001b[39m","message":"{\"method\":\"GET\",\"url\":\"/api/v1/videos/\",\"status\":\"304\",\"responseTime\":\"99.386\"}","timestamp":"2025-11-29T13:36:43.503Z"}
{"level":"\u001b[32minfo\u001b[39m","message":"{\"method\":\"GET\",\"url\":\"/api/v1/tweets/\",\"status\":\"304\",\"responseTime\":\"100.141\"}","timestamp":"2025-11-29T13:36:43.510Z"}
{"level":"\u001b[32minfo\u001b[39m","message":"{\"method\":\"GET\",\"url\":\"/api/v1/tweets/\",\"status\":\"304\",\"responseTime\":\"337.297\"}","timestamp":"2025-11-29T13:36:46.421Z"}
{"level":"\u001b[32minfo\u001b[39m","message":"{\"method\":\"GET\",\"url\":\"/api/v1/videos/\",\"status\":\"304\",\"responseTime\":\"346.103\"}","timestamp":"2025-11-29T13:36:46.429Z"}
{"level":"\u001b[32minfo\u001b[39m","message":"{\"method\":\"PATCH\",\"url\":\"/api/v1/users/theme\",\"status\":\"200\",\"responseTime\":\"355.367\"}","timestamp":"2025-11-29T13:36:46.432Z"}
{"level":"\u001b[32minfo\u001b[39m","message":"{\"method\":\"GET\",\"url\":\"/api/v1/videos/692ac42f47df639c9b6f7cdb\",\"status\":\"201\",\"responseTime\":\"849.299\"}","timestamp":"2025-11-29T13:36:51.053Z"}
{"level":"\u001b[32minfo\u001b[39m","message":"{\"method\":\"GET\",\"url\":\"/api/v1/videos/692ac42f47df639c9b6f7cdb\",\"status\":\"201\",\"responseTime\":\"162.843\"}","timestamp":"2025-11-29T13:36:51.220Z"}
{"level":"\u001b[32minfo\u001b[39m","message":"{\"method\":\"GET\",\"url\":\"/api/v1/comments/692ac42f47df639c9b6f7cdb\",\"status\":\"201\",\"responseTime\":\"159.829\"}","timestamp":"2025-11-29T13:36:51.222Z"}
{"level":"\u001b[32minfo\u001b[39m","message":"{\"method\":\"GET\",\"url\":\"/api/v1/comments/692ac42f47df639c9b6f7cdb\",\"status\":\"201\",\"responseTime\":\"587.321\"}","timestamp":"2025-11-29T13:36:51.816Z"}
{"0":"692ac42f47df639c9b6f7cdb","1":"6928961613409b594dc01255","level":"\u001b[32minfo\u001b[39m","message":"Updated watch history: ","timestamp":"2025-11-29T13:36:51.847Z"}
{"level":"\u001b[32minfo\u001b[39m","message":"{\"method\":\"PATCH\",\"url\":\"/api/v1/users/history/add/692ac42f47df639c9b6f7cdb\",\"status\":\"200\",\"responseTime\":\"616.364\"}","timestamp":"2025-11-29T13:36:51.849Z"}
{"0":"692ac42f47df639c9b6f7cdb","1":"6928961613409b594dc01255","level":"\u001b[32minfo\u001b[39m","message":"Updated watch history: ","timestamp":"2025-11-29T13:36:52.488Z"}
{"level":"\u001b[32minfo\u001b[39m","message":"{\"method\":\"PATCH\",\"url\":\"/api/v1/users/history/add/692ac42f47df639c9b6f7cdb\",\"status\":\"200\",\"responseTime\":\"661.451\"}","timestamp":"2025-11-29T13:36:52.489Z"}
{"level":"\u001b[32minfo\u001b[39m","message":"{\"method\":\"PATCH\",\"url\":\"/api/v1/videos/views/692ac42f47df639c9b6f7cdb\",\"status\":\"200\",\"responseTime\":\"632.557\"}","timestamp":"2025-11-29T13:36:52.491Z"}
{"level":"\u001b[32minfo\u001b[39m","message":"{\"method\":\"PATCH\",\"url\":\"/api/v1/videos/views/692ac42f47df639c9b6f7cdb\",\"status\":\"200\",\"responseTime\":\"183.204\"}","timestamp":"2025-11-29T13:36:52.681Z"}
{"level":"\u001b[32minfo\u001b[39m","message":"{\"method\":\"GET\",\"url\":\"/api/v1/notifications/?page=1&limit=20\",\"status\":\"200\",\"responseTime\":\"836.361\"}","timestamp":"2025-11-29T13:37:05.066Z"}
{"level":"\u001b[32minfo\u001b[39m","message":"{\"method\":\"GET\",\"url\":\"/api/v1/notifications/?page=1&limit=20\",\"status\":\"304\",\"responseTime\":\"523.256\"}","timestamp":"2025-11-29T13:37:05.594Z"}
{"level":"\u001b[32minfo\u001b[39m","message":"{\"method\":\"PATCH\",\"url\":\"/api/v1/notifications/read\",\"status\":\"200\",\"responseTime\":\"89.981\"}","timestamp":"2025-11-29T13:37:07.193Z"}
{"level":"\u001b[32minfo\u001b[39m","message":"{\"method\":\"PATCH\",\"url\":\"/api/v1/notifications/read\",\"status\":\"200\",\"responseTime\":\"542.445\"}","timestamp":"2025-11-29T13:37:08.563Z"}
{"level":"\u001b[32minfo\u001b[39m","message":"{\"method\":\"PATCH\",\"url\":\"/api/v1/notifications/read\",\"status\":\"200\",\"responseTime\":\"685.818\"}","timestamp":"2025-11-29T13:37:09.996Z"}
{"level":"\u001b[32minfo\u001b[39m","message":"{\"method\":\"PATCH\",\"url\":\"/api/v1/notifications/read\",\"status\":\"200\",\"responseTime\":\"735.908\"}","timestamp":"2025-11-29T13:37:13.182Z"}
{"level":"\u001b[32minfo\u001b[39m","message":"{\"method\":\"GET\",\"url\":\"/api/v1/videos/6928961613409b594dc01255\",\"status\":\"201\",\"responseTime\":\"191.037\"}","timestamp":"2025-11-29T13:37:18.474Z"}
{"level":"\u001b[32minfo\u001b[39m","message":"{\"method\":\"GET\",\"url\":\"/api/v1/videos/6928961613409b594dc01255\",\"status\":\"201\",\"responseTime\":\"155.604\"}","timestamp":"2025-11-29T13:37:18.637Z"}
{"level":"\u001b[32minfo\u001b[39m","message":"{\"method\":\"GET\",\"url\":\"/api/v1/comments/6928961613409b594dc01255\",\"status\":\"201\",\"responseTime\":\"204.391\"}","timestamp":"2025-11-29T13:37:18.691Z"}
{"level":"\u001b[32minfo\u001b[39m","message":"{\"method\":\"GET\",\"url\":\"/api/v1/comments/6928961613409b594dc01255\",\"status\":\"201\",\"responseTime\":\"771.237\"}","timestamp":"2025-11-29T13:37:19.469Z"}
{"0":"6928961613409b594dc01255","1":"692ac42f47df639c9b6f7cdb","level":"\u001b[32minfo\u001b[39m","message":"Updated watch history: ","timestamp":"2025-11-29T13:37:19.485Z"}
{"level":"\u001b[32minfo\u001b[39m","message":"{\"method\":\"PATCH\",\"url\":\"/api/v1/users/history/add/6928961613409b594dc01255\",\"status\":\"200\",\"responseTime\":\"783.912\"}","timestamp":"2025-11-29T13:37:19.487Z"}
{"level":"\u001b[32minfo\u001b[39m","message":"{\"method\":\"PATCH\",\"url\":\"/api/v1/videos/views/6928961613409b594dc01255\",\"status\":\"200\",\"responseTime\":\"97.885\"}","timestamp":"2025-11-29T13:37:19.593Z"}
{"0":"6928961613409b594dc01255","1":"692ac42f47df639c9b6f7cdb","level":"\u001b[32minfo\u001b[39m","message":"Updated watch history: ","timestamp":"2025-11-29T13:37:19.623Z"}
{"level":"\u001b[32minfo\u001b[39m","message":"{\"method\":\"PATCH\",\"url\":\"/api/v1/users/history/add/6928961613409b594dc01255\",\"status\":\"200\",\"responseTime\":\"147.391\"}","timestamp":"2025-11-29T13:37:19.624Z"}
{"level":"\u001b[32minfo\u001b[39m","message":"{\"method\":\"PATCH\",\"url\":\"/api/v1/videos/views/6928961613409b594dc01255\",\"status\":\"200\",\"responseTime\":\"125.415\"}","timestamp":"2025-11-29T13:37:19.761Z"}
{"level":"\u001b[32minfo\u001b[39m","message":"{\"method\":\"POST\",\"url\":\"/api/v1/like/c/6929f55126e038a2dec313d4\",\"status\":\"200\",\"responseTime\":\"1093.247\"}","timestamp":"2025-11-29T13:37:26.689Z"}
{"level":"\u001b[32minfo\u001b[39m","message":"{\"method\":\"POST\",\"url\":\"/api/v1/like/c/6929f55126e038a2dec313d4\",\"status\":\"200\",\"responseTime\":\"771.715\"}","timestamp":"2025-11-29T13:37:32.361Z"}
{"level":"\u001b[32minfo\u001b[39m","message":"{\"method\":\"POST\",\"url\":\"/api/v1/like/c/6929f55126e038a2dec313d4\",\"status\":\"200\",\"responseTime\":\"450.614\"}","timestamp":"2025-11-29T13:37:32.443Z"}
{"level":"\u001b[32minfo\u001b[39m","message":"{\"method\":\"GET\",\"url\":\"/api/v1/users/current-user\",\"status\":\"200\",\"responseTime\":\"140.178\"}","timestamp":"2025-11-29T13:37:33.931Z"}
{"level":"\u001b[32minfo\u001b[39m","message":"{\"method\":\"GET\",\"url\":\"/api/v1/users/current-user\",\"status\":\"304\",\"responseTime\":\"43.740\"}","timestamp":"2025-11-29T13:37:33.979Z"}
{"level":"\u001b[32minfo\u001b[39m","message":"{\"method\":\"GET\",\"url\":\"/api/v1/users/theme\",\"status\":\"200\",\"responseTime\":\"78.811\"}","timestamp":"2025-11-29T13:37:34.038Z"}
{"level":"\u001b[32minfo\u001b[39m","message":"{\"method\":\"GET\",\"url\":\"/api/v1/users/theme\",\"status\":\"304\",\"responseTime\":\"53.587\"}","timestamp":"2025-11-29T13:37:34.096Z"}
{"level":"\u001b[32minfo\u001b[39m","message":"{\"method\":\"GET\",\"url\":\"/api/v1/notifications/unread-count\",\"status\":\"200\",\"responseTime\":\"395.087\"}","timestamp":"2025-11-29T13:37:34.478Z"}
{"level":"\u001b[32minfo\u001b[39m","message":"{\"method\":\"GET\",\"url\":\"/api/v1/videos/6928961613409b594dc01255\",\"status\":\"201\",\"responseTime\":\"489.151\"}","timestamp":"2025-11-29T13:37:34.573Z"}
{"level":"\u001b[32minfo\u001b[39m","message":"{\"method\":\"GET\",\"url\":\"/api/v1/notifications/unread-count\",\"status\":\"304\",\"responseTime\":\"123.937\"}","timestamp":"2025-11-29T13:37:34.608Z"}
{"level":"\u001b[32minfo\u001b[39m","message":"{\"method\":\"GET\",\"url\":\"/api/v1/videos/6928961613409b594dc01255\",\"status\":\"201\",\"responseTime\":\"99.360\"}","timestamp":"2025-11-29T13:37:34.678Z"}
{"level":"\u001b[32minfo\u001b[39m","message":"{\"method\":\"GET\",\"url\":\"/api/v1/comments/6928961613409b594dc01255\",\"status\":\"201\",\"responseTime\":\"496.842\"}","timestamp":"2025-11-29T13:37:35.090Z"}
{"level":"\u001b[32minfo\u001b[39m","message":"{\"method\":\"GET\",\"url\":\"/api/v1/comments/6928961613409b594dc01255\",\"status\":\"201\",\"responseTime\":\"931.735\"}","timestamp":"2025-11-29T13:37:36.026Z"}
{"0":"6928961613409b594dc01255","1":"692ac42f47df639c9b6f7cdb","level":"\u001b[32minfo\u001b[39m","message":"Updated watch history: ","timestamp":"2025-11-29T13:37:36.028Z"}
{"level":"\u001b[32minfo\u001b[39m","message":"{\"method\":\"PATCH\",\"url\":\"/api/v1/users/history/add/6928961613409b594dc01255\",\"status\":\"200\",\"responseTime\":\"929.604\"}","timestamp":"2025-11-29T13:37:36.029Z"}
{"level":"\u001b[32minfo\u001b[39m","message":"{\"method\":\"PATCH\",\"url\":\"/api/v1/videos/views/6928961613409b594dc01255\",\"status\":\"200\",\"responseTime\":\"911.921\"}","timestamp":"2025-11-29T13:37:36.953Z"}
{"0":"6928961613409b594dc01255","1":"692ac42f47df639c9b6f7cdb","level":"\u001b[32minfo\u001b[39m","message":"Updated watch history: ","timestamp":"2025-11-29T13:37:36.985Z"}
{"level":"\u001b[32minfo\u001b[39m","message":"{\"method\":\"PATCH\",\"url\":\"/api/v1/users/history/add/6928961613409b594dc01255\",\"status\":\"200\",\"responseTime\":\"949.897\"}","timestamp":"2025-11-29T13:37:36.986Z"}
{"level":"\u001b[32minfo\u001b[39m","message":"{\"method\":\"PATCH\",\"url\":\"/api/v1/videos/views/6928961613409b594dc01255\",\"status\":\"200\",\"responseTime\":\"473.443\"}","timestamp":"2025-11-29T13:37:37.476Z"}
{"level":"\u001b[32minfo\u001b[39m","message":"{\"method\":\"GET\",\"url\":\"/api/v1/dashboard/videos\",\"status\":\"200\",\"responseTime\":\"515.562\"}","timestamp":"2025-11-29T13:37:52.914Z"}
{"level":"\u001b[32minfo\u001b[39m","message":"{\"method\":\"GET\",\"url\":\"/api/v1/dashboard/videos\",\"status\":\"304\",\"responseTime\":\"680.587\"}","timestamp":"2025-11-29T13:37:53.600Z"}
{"level":"\u001b[32minfo\u001b[39m","message":"{\"method\":\"GET\",\"url\":\"/api/v1/dashboard/stats\",\"status\":\"200\",\"responseTime\":\"1203.478\"}","timestamp":"2025-11-29T13:37:53.601Z"}
{"level":"\u001b[32minfo\u001b[39m","message":"{\"method\":\"GET\",\"url\":\"/api/v1/dashboard/stats\",\"status\":\"304\",\"responseTime\":\"901.567\"}","timestamp":"2025-11-29T13:37:54.507Z"}
{"level":"\u001b[32minfo\u001b[39m","message":"{\"method\":\"GET\",\"url\":\"/api/v1/users/current-user\",\"status\":\"200\",\"responseTime\":\"33.882\"}","timestamp":"2025-11-29T13:38:07.593Z"}
{"level":"\u001b[32minfo\u001b[39m","message":"{\"method\":\"GET\",\"url\":\"/api/v1/users/current-user\",\"status\":\"304\",\"responseTime\":\"122.060\"}","timestamp":"2025-11-29T13:38:07.720Z"}
{"level":"\u001b[32minfo\u001b[39m","message":"{\"method\":\"GET\",\"url\":\"/api/v1/users/theme\",\"status\":\"304\",\"responseTime\":\"64.881\"}","timestamp":"2025-11-29T13:38:07.769Z"}
{"level":"\u001b[32minfo\u001b[39m","message":"{\"method\":\"GET\",\"url\":\"/api/v1/users/theme\",\"status\":\"304\",\"responseTime\":\"58.018\"}","timestamp":"2025-11-29T13:38:07.830Z"}
{"level":"\u001b[32minfo\u001b[39m","message":"{\"method\":\"GET\",\"url\":\"/api/v1/notifications/unread-count\",\"status\":\"304\",\"responseTime\":\"83.293\"}","timestamp":"2025-11-29T13:38:07.899Z"}
{"level":"\u001b[32minfo\u001b[39m","message":"{\"method\":\"GET\",\"url\":\"/api/v1/dashboard/videos\",\"status\":\"304\",\"responseTime\":\"379.438\"}","timestamp":"2025-11-29T13:38:08.200Z"}
{"level":"\u001b[32minfo\u001b[39m","message":"{\"method\":\"GET\",\"url\":\"/api/v1/notifications/unread-count\",\"status\":\"304\",\"responseTime\":\"327.748\"}","timestamp":"2025-11-29T13:38:08.233Z"}
{"level":"\u001b[32minfo\u001b[39m","message":"{\"method\":\"GET\",\"url\":\"/api/v1/dashboard/stats\",\"status\":\"304\",\"responseTime\":\"470.344\"}","timestamp":"2025-11-29T13:38:08.290Z"}
{"level":"\u001b[32minfo\u001b[39m","message":"{\"method\":\"GET\",\"url\":\"/api/v1/dashboard/videos\",\"status\":\"304\",\"responseTime\":\"103.416\"}","timestamp":"2025-11-29T13:38:08.308Z"}
{"level":"\u001b[32minfo\u001b[39m","message":"{\"method\":\"GET\",\"url\":\"/api/v1/dashboard/stats\",\"status\":\"304\",\"responseTime\":\"219.171\"}","timestamp":"2025-11-29T13:38:08.514Z"}
{"level":"\u001b[32minfo\u001b[39m","message":"{\"method\":\"GET\",\"url\":\"/api/v1/playlist/user/692891628b3cde57350a5bfa\",\"status\":\"200\",\"responseTime\":\"618.122\"}","timestamp":"2025-11-29T13:38:56.429Z"}
{"level":"\u001b[32minfo\u001b[39m","message":"{\"method\":\"GET\",\"url\":\"/api/v1/playlist/user/692891628b3cde57350a5bfa\",\"status\":\"304\",\"responseTime\":\"977.422\"}","timestamp":"2025-11-29T13:38:57.410Z"}
{"level":"\u001b[32minfo\u001b[39m","message":"{\"method\":\"GET\",\"url\":\"/api/v1/notifications/unread-count\",\"status\":\"304\",\"responseTime\":\"637.018\"}","timestamp":"2025-11-29T13:39:08.466Z"}
{"level":"\u001b[32minfo\u001b[39m","message":"{\"method\":\"POST\",\"url\":\"/api/v1/playlist/\",\"status\":\"201\",\"responseTime\":\"199.028\"}","timestamp":"2025-11-29T13:39:10.569Z"}
{"level":"\u001b[32minfo\u001b[39m","message":"{\"method\":\"GET\",\"url\":\"/api/v1/notifications/unread-count\",\"status\":\"304\",\"responseTime\":\"325.366\"}","timestamp":"2025-11-29T13:39:47.867Z"}
{"level":"\u001b[32minfo\u001b[39m","message":"{\"method\":\"GET\",\"url\":\"/api/v1/playlist/user/692891628b3cde57350a5bfa\",\"status\":\"200\",\"responseTime\":\"354.111\"}","timestamp":"2025-11-29T13:39:47.897Z"}
{"level":"\u001b[32minfo\u001b[39m","message":"{\"method\":\"GET\",\"url\":\"/api/v1/notifications/unread-count\",\"status\":\"304\",\"responseTime\":\"318.483\"}","timestamp":"2025-11-29T13:39:48.190Z"}
{"level":"\u001b[32minfo\u001b[39m","message":"{\"method\":\"GET\",\"url\":\"/api/v1/playlist/user/692891628b3cde57350a5bfa\",\"status\":\"304\",\"responseTime\":\"632.653\"}","timestamp":"2025-11-29T13:39:48.534Z"}
{"level":"\u001b[32minfo\u001b[39m","message":"{\"method\":\"GET\",\"url\":\"/api/v1/tweets/\",\"status\":\"304\",\"responseTime\":\"549.583\"}","timestamp":"2025-11-29T13:39:50.336Z"}
{"level":"\u001b[32minfo\u001b[39m","message":"{\"method\":\"GET\",\"url\":\"/api/v1/videos/\",\"status\":\"200\",\"responseTime\":\"564.952\"}","timestamp":"2025-11-29T13:39:50.339Z"}
{"level":"\u001b[32minfo\u001b[39m","message":"{\"method\":\"GET\",\"url\":\"/api/v1/videos/\",\"status\":\"304\",\"responseTime\":\"100.018\"}","timestamp":"2025-11-29T13:39:50.448Z"}
{"level":"\u001b[32minfo\u001b[39m","message":"{\"method\":\"GET\",\"url\":\"/api/v1/tweets/\",\"status\":\"304\",\"responseTime\":\"124.515\"}","timestamp":"2025-11-29T13:39:50.468Z"}
{"level":"\u001b[32minfo\u001b[39m","message":"{\"method\":\"GET\",\"url\":\"/api/v1/playlist/user/692891628b3cde57350a5bfa\",\"status\":\"304\",\"responseTime\":\"641.668\"}","timestamp":"2025-11-29T13:39:53.520Z"}
{"level":"\u001b[32minfo\u001b[39m","message":"{\"method\":\"GET\",\"url\":\"/api/v1/videos/692af1f38c717288f603c206\",\"status\":\"201\",\"responseTime\":\"834.918\"}","timestamp":"2025-11-29T13:39:55.439Z"}
{"level":"\u001b[32minfo\u001b[39m","message":"{\"method\":\"GET\",\"url\":\"/api/v1/videos/692af1f38c717288f603c206\",\"status\":\"201\",\"responseTime\":\"400.351\"}","timestamp":"2025-11-29T13:39:55.845Z"}
{"level":"\u001b[32minfo\u001b[39m","message":"{\"method\":\"GET\",\"url\":\"/api/v1/comments/692af1f38c717288f603c206\",\"status\":\"201\",\"responseTime\":\"395.503\"}","timestamp":"2025-11-29T13:39:55.846Z"}
{"level":"\u001b[32minfo\u001b[39m","message":"{\"method\":\"GET\",\"url\":\"/api/v1/comments/692af1f38c717288f603c206\",\"status\":\"201\",\"responseTime\":\"509.201\"}","timestamp":"2025-11-29T13:39:56.366Z"}
{"0":"692af1f38c717288f603c206","1":"6928961613409b594dc01255","2":"692ac42f47df639c9b6f7cdb","level":"\u001b[32minfo\u001b[39m","message":"Updated watch history: ","timestamp":"2025-11-29T13:39:56.413Z"}
{"level":"\u001b[32minfo\u001b[39m","message":"{\"method\":\"PATCH\",\"url\":\"/api/v1/users/history/add/692af1f38c717288f603c206\",\"status\":\"200\",\"responseTime\":\"554.147\"}","timestamp":"2025-11-29T13:39:56.414Z"}
{"level":"\u001b[32minfo\u001b[39m","message":"{\"method\":\"PATCH\",\"url\":\"/api/v1/videos/views/692af1f38c717288f603c206\",\"status\":\"200\",\"responseTime\":\"857.373\"}","timestamp":"2025-11-29T13:39:57.281Z"}
{"0":"692af1f38c717288f603c206","1":"6928961613409b594dc01255","2":"692ac42f47df639c9b6f7cdb","level":"\u001b[32minfo\u001b[39m","message":"Updated watch history: ","timestamp":"2025-11-29T13:39:57.283Z"}
{"level":"\u001b[32minfo\u001b[39m","message":"{\"method\":\"PATCH\",\"url\":\"/api/v1/users/history/add/692af1f38c717288f603c206\",\"status\":\"200\",\"responseTime\":\"907.211\"}","timestamp":"2025-11-29T13:39:57.283Z"}
{"level":"\u001b[32minfo\u001b[39m","message":"{\"method\":\"PATCH\",\"url\":\"/api/v1/videos/views/692af1f38c717288f603c206\",\"status\":\"200\",\"responseTime\":\"544.901\"}","timestamp":"2025-11-29T13:39:57.847Z"}
{"level":"\u001b[32minfo\u001b[39m","message":"{\"method\":\"POST\",\"url\":\"/api/v1/like/v/692af1f38c717288f603c206\",\"status\":\"200\",\"responseTime\":\"2306.902\"}","timestamp":"2025-11-29T13:40:26.240Z"}
{"level":"\u001b[32minfo\u001b[39m","message":"{\"method\":\"GET\",\"url\":\"/api/v1/videos/\",\"status\":\"200\",\"responseTime\":\"457.983\"}","timestamp":"2025-11-29T13:40:29.939Z"}
{"level":"\u001b[32minfo\u001b[39m","message":"{\"method\":\"GET\",\"url\":\"/api/v1/tweets/\",\"status\":\"304\",\"responseTime\":\"457.996\"}","timestamp":"2025-11-29T13:40:29.940Z"}
{"level":"\u001b[32minfo\u001b[39m","message":"{\"method\":\"GET\",\"url\":\"/api/v1/tweets/\",\"status\":\"304\",\"responseTime\":\"402.732\"}","timestamp":"2025-11-29T13:40:30.348Z"}
{"level":"\u001b[32minfo\u001b[39m","message":"{\"method\":\"GET\",\"url\":\"/api/v1/videos/\",\"status\":\"304\",\"responseTime\":\"404.889\"}","timestamp":"2025-11-29T13:40:30.351Z"}
{"level":"\u001b[32minfo\u001b[39m","message":"{\"method\":\"GET\",\"url\":\"/api/v1/playlist/user/692891628b3cde57350a5bfa\",\"status\":\"304\",\"responseTime\":\"1517.231\"}","timestamp":"2025-11-29T13:40:35.860Z"}
{"level":"\u001b[32minfo\u001b[39m","message":"{\"method\":\"GET\",\"url\":\"/api/v1/videos/692af1f38c717288f603c206\",\"status\":\"201\",\"responseTime\":\"857.786\"}","timestamp":"2025-11-29T13:40:38.288Z"}
{"level":"\u001b[32minfo\u001b[39m","message":"{\"method\":\"GET\",\"url\":\"/api/v1/comments/692af1f38c717288f603c206\",\"status\":\"201\",\"responseTime\":\"450.848\"}","timestamp":"2025-11-29T13:40:38.750Z"}
{"level":"\u001b[32minfo\u001b[39m","message":"{\"method\":\"GET\",\"url\":\"/api/v1/videos/692af1f38c717288f603c206\",\"status\":\"201\",\"responseTime\":\"459.418\"}","timestamp":"2025-11-29T13:40:38.753Z"}
{"level":"\u001b[32minfo\u001b[39m","message":"{\"method\":\"GET\",\"url\":\"/api/v1/comments/692af1f38c717288f603c206\",\"status\":\"201\",\"responseTime\":\"498.644\"}","timestamp":"2025-11-29T13:40:39.263Z"}
{"0":"692af1f38c717288f603c206","1":"6928961613409b594dc01255","2":"692ac42f47df639c9b6f7cdb","level":"\u001b[32minfo\u001b[39m","message":"Updated watch history: ","timestamp":"2025-11-29T13:40:39.308Z"}
{"level":"\u001b[32minfo\u001b[39m","message":"{\"method\":\"PATCH\",\"url\":\"/api/v1/users/history/add/692af1f38c717288f603c206\",\"status\":\"200\",\"responseTime\":\"549.057\"}","timestamp":"2025-11-29T13:40:39.310Z"}
{"0":"692af1f38c717288f603c206","1":"6928961613409b594dc01255","2":"692ac42f47df639c9b6f7cdb","level":"\u001b[32minfo\u001b[39m","message":"Updated watch history: ","timestamp":"2025-11-29T13:40:39.413Z"}
{"level":"\u001b[32minfo\u001b[39m","message":"{\"method\":\"PATCH\",\"url\":\"/api/v1/users/history/add/692af1f38c717288f603c206\",\"status\":\"200\",\"responseTime\":\"137.101\"}","timestamp":"2025-11-29T13:40:39.415Z"}
{"level":"\u001b[32minfo\u001b[39m","message":"{\"method\":\"PATCH\",\"url\":\"/api/v1/videos/views/692af1f38c717288f603c206\",\"status\":\"200\",\"responseTime\":\"100.141\"}","timestamp":"2025-11-29T13:40:39.435Z"}
{"level":"\u001b[32minfo\u001b[39m","message":"{\"method\":\"PATCH\",\"url\":\"/api/v1/videos/views/692af1f38c717288f603c206\",\"status\":\"200\",\"responseTime\":\"101.062\"}","timestamp":"2025-11-29T13:40:39.524Z"}
{"level":"\u001b[32minfo\u001b[39m","message":"{\"method\":\"GET\",\"url\":\"/api/v1/playlist/user/692891628b3cde57350a5bfa\",\"status\":\"304\",\"responseTime\":\"103.913\"}","timestamp":"2025-11-29T13:40:41.259Z"}
{"level":"\u001b[32minfo\u001b[39m","message":"{\"method\":\"GET\",\"url\":\"/api/v1/playlist/user/692891628b3cde57350a5bfa\",\"status\":\"304\",\"responseTime\":\"437.229\"}","timestamp":"2025-11-29T13:40:41.704Z"}
{"level":"\u001b[32minfo\u001b[39m","message":"{\"method\":\"GET\",\"url\":\"/api/v1/notifications/unread-count\",\"status\":\"304\",\"responseTime\":\"385.348\"}","timestamp":"2025-11-29T13:40:44.974Z"}
{"level":"\u001b[32minfo\u001b[39m","message":"{\"method\":\"GET\",\"url\":\"/api/v1/playlist/user/692891628b3cde57350a5bfa\",\"status\":\"304\",\"responseTime\":\"468.873\"}","timestamp":"2025-11-29T13:40:45.058Z"}
{"level":"\u001b[32minfo\u001b[39m","message":"{\"method\":\"GET\",\"url\":\"/api/v1/notifications/unread-count\",\"status\":\"304\",\"responseTime\":\"413.051\"}","timestamp":"2025-11-29T13:40:45.391Z"}
{"level":"\u001b[32minfo\u001b[39m","message":"{\"method\":\"GET\",\"url\":\"/api/v1/playlist/user/692891628b3cde57350a5bfa\",\"status\":\"304\",\"responseTime\":\"481.718\"}","timestamp":"2025-11-29T13:40:45.545Z"}
{"level":"\u001b[32minfo\u001b[39m","message":"{\"method\":\"GET\",\"url\":\"/api/v1/tweets/\",\"status\":\"304\",\"responseTime\":\"512.972\"}","timestamp":"2025-11-29T13:40:46.286Z"}
{"level":"\u001b[32minfo\u001b[39m","message":"{\"method\":\"GET\",\"url\":\"/api/v1/videos/\",\"status\":\"200\",\"responseTime\":\"532.465\"}","timestamp":"2025-11-29T13:40:46.294Z"}
{"level":"\u001b[32minfo\u001b[39m","message":"{\"method\":\"GET\",\"url\":\"/api/v1/tweets/\",\"status\":\"304\",\"responseTime\":\"282.248\"}","timestamp":"2025-11-29T13:40:46.579Z"}
{"level":"\u001b[32minfo\u001b[39m","message":"{\"method\":\"GET\",\"url\":\"/api/v1/videos/\",\"status\":\"304\",\"responseTime\":\"278.268\"}","timestamp":"2025-11-29T13:40:46.582Z"}
{"level":"\u001b[32minfo\u001b[39m","message":"{\"method\":\"GET\",\"url\":\"/api/v1/playlist/user/692891628b3cde57350a5bfa\",\"status\":\"304\",\"responseTime\":\"746.401\"}","timestamp":"2025-11-29T13:40:50.678Z"}
{"level":"\u001b[32minfo\u001b[39m","message":"{\"method\":\"GET\",\"url\":\"/api/v1/videos/692af1f38c717288f603c206\",\"status\":\"201\",\"responseTime\":\"485.575\"}","timestamp":"2025-11-29T13:40:53.448Z"}
{"level":"\u001b[32minfo\u001b[39m","message":"{\"method\":\"GET\",\"url\":\"/api/v1/videos/692af1f38c717288f603c206\",\"status\":\"201\",\"responseTime\":\"453.548\"}","timestamp":"2025-11-29T13:40:53.907Z"}
{"level":"\u001b[32minfo\u001b[39m","message":"{\"method\":\"GET\",\"url\":\"/api/v1/comments/692af1f38c717288f603c206\",\"status\":\"201\",\"responseTime\":\"840.044\"}","timestamp":"2025-11-29T13:40:54.405Z"}
{"level":"\u001b[32minfo\u001b[39m","message":"{\"method\":\"GET\",\"url\":\"/api/v1/comments/692af1f38c717288f603c206\",\"status\":\"201\",\"responseTime\":\"931.812\"}","timestamp":"2025-11-29T13:40:55.342Z"}
{"0":"692af1f38c717288f603c206","1":"6928961613409b594dc01255","2":"692ac42f47df639c9b6f7cdb","level":"\u001b[32minfo\u001b[39m","message":"Updated watch history: ","timestamp":"2025-11-29T13:40:55.373Z"}
{"level":"\u001b[32minfo\u001b[39m","message":"{\"method\":\"PATCH\",\"url\":\"/api/v1/users/history/add/692af1f38c717288f603c206\",\"status\":\"200\",\"responseTime\":\"956.697\"}","timestamp":"2025-11-29T13:40:55.374Z"}
{"level":"\u001b[32minfo\u001b[39m","message":"{\"method\":\"PATCH\",\"url\":\"/api/v1/videos/views/692af1f38c717288f603c206\",\"status\":\"200\",\"responseTime\":\"1222.757\"}","timestamp":"2025-11-29T13:40:56.608Z"}
{"0":"692af1f38c717288f603c206","1":"6928961613409b594dc01255","2":"692ac42f47df639c9b6f7cdb","level":"\u001b[32minfo\u001b[39m","message":"Updated watch history: ","timestamp":"2025-11-29T13:40:56.609Z"}
{"level":"\u001b[32minfo\u001b[39m","message":"{\"method\":\"PATCH\",\"url\":\"/api/v1/users/history/add/692af1f38c717288f603c206\",\"status\":\"200\",\"responseTime\":\"1259.106\"}","timestamp":"2025-11-29T13:40:56.610Z"}
{"level":"\u001b[32minfo\u001b[39m","message":"{\"method\":\"PATCH\",\"url\":\"/api/v1/videos/views/692af1f38c717288f603c206\",\"status\":\"200\",\"responseTime\":\"698.688\"}","timestamp":"2025-11-29T13:40:57.324Z"}
{"level":"\u001b[32minfo\u001b[39m","message":"{\"method\":\"GET\",\"url\":\"/api/v1/videos/\",\"status\":\"200\",\"responseTime\":\"73.882\"}","timestamp":"2025-11-29T13:41:00.558Z"}
{"level":"\u001b[32minfo\u001b[39m","message":"{\"method\":\"GET\",\"url\":\"/api/v1/tweets/\",\"status\":\"304\",\"responseTime\":\"69.040\"}","timestamp":"2025-11-29T13:41:00.564Z"}
{"level":"\u001b[32minfo\u001b[39m","message":"{\"method\":\"GET\",\"url\":\"/api/v1/videos/\",\"status\":\"304\",\"responseTime\":\"368.824\"}","timestamp":"2025-11-29T13:41:00.935Z"}
{"level":"\u001b[32minfo\u001b[39m","message":"{\"method\":\"GET\",\"url\":\"/api/v1/tweets/\",\"status\":\"304\",\"responseTime\":\"365.161\"}","timestamp":"2025-11-29T13:41:00.937Z"}
{"level":"\u001b[32minfo\u001b[39m","message":"{\"method\":\"GET\",\"url\":\"/api/v1/playlist/user/692891628b3cde57350a5bfa\",\"status\":\"304\",\"responseTime\":\"922.254\"}","timestamp":"2025-11-29T13:41:04.720Z"}
{"level":"\u001b[32minfo\u001b[39m","message":"{\"method\":\"GET\",\"url\":\"/api/v1/videos/692af1f38c717288f603c206\",\"status\":\"201\",\"responseTime\":\"422.899\"}","timestamp":"2025-11-29T13:41:06.431Z"}
{"level":"\u001b[32minfo\u001b[39m","message":"{\"method\":\"GET\",\"url\":\"/api/v1/videos/692af1f38c717288f603c206\",\"status\":\"201\",\"responseTime\":\"775.848\"}","timestamp":"2025-11-29T13:41:07.212Z"}
{"level":"\u001b[32minfo\u001b[39m","message":"{\"method\":\"GET\",\"url\":\"/api/v1/comments/692af1f38c717288f603c206\",\"status\":\"201\",\"responseTime\":\"774.915\"}","timestamp":"2025-11-29T13:41:07.216Z"}
{"level":"\u001b[32minfo\u001b[39m","message":"{\"method\":\"GET\",\"url\":\"/api/v1/comments/692af1f38c717288f603c206\",\"status\":\"201\",\"responseTime\":\"276.214\"}","timestamp":"2025-11-29T13:41:07.502Z"}
{"0":"692af1f38c717288f603c206","1":"6928961613409b594dc01255","2":"692ac42f47df639c9b6f7cdb","level":"\u001b[32minfo\u001b[39m","message":"Updated watch history: ","timestamp":"2025-11-29T13:41:07.541Z"}
{"level":"\u001b[32minfo\u001b[39m","message":"{\"method\":\"PATCH\",\"url\":\"/api/v1/users/history/add/692af1f38c717288f603c206\",\"status\":\"200\",\"responseTime\":\"315.459\"}","timestamp":"2025-11-29T13:41:07.542Z"}
{"level":"\u001b[32minfo\u001b[39m","message":"{\"method\":\"GET\",\"url\":\"/api/v1/tweets/\",\"status\":\"304\",\"responseTime\":\"73.866\"}","timestamp":"2025-11-29T13:41:07.568Z"}
{"level":"\u001b[32minfo\u001b[39m","message":"{\"method\":\"GET\",\"url\":\"/api/v1/videos/\",\"status\":\"200\",\"responseTime\":\"78.132\"}","timestamp":"2025-11-29T13:41:07.571Z"}
{"0":"692af1f38c717288f603c206","1":"6928961613409b594dc01255","2":"692ac42f47df639c9b6f7cdb","level":"\u001b[32minfo\u001b[39m","message":"Updated watch history: ","timestamp":"2025-11-29T13:41:07.961Z"}
{"level":"\u001b[32minfo\u001b[39m","message":"{\"method\":\"PATCH\",\"url\":\"/api/v1/users/history/add/692af1f38c717288f603c206\",\"status\":\"200\",\"responseTime\":\"452.422\"}","timestamp":"2025-11-29T13:41:07.962Z"}
{"level":"\u001b[32minfo\u001b[39m","message":"{\"method\":\"GET\",\"url\":\"/api/v1/tweets/\",\"status\":\"304\",\"responseTime\":\"390.062\"}","timestamp":"2025-11-29T13:41:07.964Z"}
{"level":"\u001b[32minfo\u001b[39m","message":"{\"method\":\"PATCH\",\"url\":\"/api/v1/videos/views/692af1f38c717288f603c206\",\"status\":\"200\",\"responseTime\":\"413.731\"}","timestamp":"2025-11-29T13:41:07.968Z"}
{"level":"\u001b[32minfo\u001b[39m","message":"{\"method\":\"GET\",\"url\":\"/api/v1/videos/\",\"status\":\"200\",\"responseTime\":\"394.828\"}","timestamp":"2025-11-29T13:41:07.974Z"}
{"level":"\u001b[32minfo\u001b[39m","message":"{\"method\":\"PATCH\",\"url\":\"/api/v1/videos/views/692af1f38c717288f603c206\",\"status\":\"200\",\"responseTime\":\"1110.569\"}","timestamp":"2025-11-29T13:41:09.422Z"}
{"level":"\u001b[32minfo\u001b[39m","message":"{\"method\":\"GET\",\"url\":\"/api/v1/playlist/user/692891628b3cde57350a5bfa\",\"status\":\"304\",\"responseTime\":\"688.191\"}","timestamp":"2025-11-29T13:41:11.314Z"}
{"level":"\u001b[32minfo\u001b[39m","message":"{\"method\":\"GET\",\"url\":\"/api/v1/videos/692ac42f47df639c9b6f7cdb\",\"status\":\"201\",\"responseTime\":\"578.686\"}","timestamp":"2025-11-29T13:41:12.559Z"}
{"level":"\u001b[32minfo\u001b[39m","message":"{\"method\":\"GET\",\"url\":\"/api/v1/videos/692ac42f47df639c9b6f7cdb\",\"status\":\"201\",\"responseTime\":\"336.950\"}","timestamp":"2025-11-29T13:41:12.902Z"}
{"level":"\u001b[32minfo\u001b[39m","message":"{\"method\":\"GET\",\"url\":\"/api/v1/comments/692ac42f47df639c9b6f7cdb\",\"status\":\"201\",\"responseTime\":\"333.852\"}","timestamp":"2025-11-29T13:41:12.903Z"}
{"level":"\u001b[32minfo\u001b[39m","message":"{\"method\":\"GET\",\"url\":\"/api/v1/comments/692ac42f47df639c9b6f7cdb\",\"status\":\"201\",\"responseTime\":\"233.082\"}","timestamp":"2025-11-29T13:41:13.146Z"}
{"0":"692ac42f47df639c9b6f7cdb","1":"692af1f38c717288f603c206","2":"6928961613409b594dc01255","level":"\u001b[32minfo\u001b[39m","message":"Updated watch history: ","timestamp":"2025-11-29T13:41:13.248Z"}
{"level":"\u001b[32minfo\u001b[39m","message":"{\"method\":\"PATCH\",\"url\":\"/api/v1/users/history/add/692ac42f47df639c9b6f7cdb\",\"status\":\"200\",\"responseTime\":\"332.348\"}","timestamp":"2025-11-29T13:41:13.249Z"}
{"level":"\u001b[32minfo\u001b[39m","message":"{\"method\":\"PATCH\",\"url\":\"/api/v1/videos/views/692ac42f47df639c9b6f7cdb\",\"status\":\"200\",\"responseTime\":\"365.265\"}","timestamp":"2025-11-29T13:41:13.626Z"}
{"0":"692ac42f47df639c9b6f7cdb","1":"692af1f38c717288f603c206","2":"6928961613409b594dc01255","level":"\u001b[32minfo\u001b[39m","message":"Updated watch history: ","timestamp":"2025-11-29T13:41:13.630Z"}
{"level":"\u001b[32minfo\u001b[39m","message":"{\"method\":\"PATCH\",\"url\":\"/api/v1/users/history/add/692ac42f47df639c9b6f7cdb\",\"status\":\"200\",\"responseTime\":\"472.787\"}","timestamp":"2025-11-29T13:41:13.631Z"}
{"level":"\u001b[32minfo\u001b[39m","message":"{\"method\":\"PATCH\",\"url\":\"/api/v1/videos/views/692ac42f47df639c9b6f7cdb\",\"status\":\"200\",\"responseTime\":\"107.112\"}","timestamp":"2025-11-29T13:41:13.773Z"}
{"level":"\u001b[32minfo\u001b[39m","message":"{\"method\":\"GET\",\"url\":\"/api/v1/notifications/unread-count\",\"status\":\"304\",\"responseTime\":\"376.347\"}","timestamp":"2025-11-29T13:41:45.791Z"}
{"level":"\u001b[32minfo\u001b[39m","message":"{\"method\":\"GET\",\"url\":\"/api/v1/notifications/unread-count\",\"status\":\"304\",\"responseTime\":\"453.419\"}","timestamp":"2025-11-29T13:42:45.024Z"}
{"level":"\u001b[32minfo\u001b[39m","message":"{\"method\":\"GET\",\"url\":\"/api/v1/videos/\",\"status\":\"200\",\"responseTime\":\"694.418\"}","timestamp":"2025-11-29T13:43:12.865Z"}
{"level":"\u001b[32minfo\u001b[39m","message":"{\"method\":\"GET\",\"url\":\"/api/v1/tweets/\",\"status\":\"304\",\"responseTime\":\"695.008\"}","timestamp":"2025-11-29T13:43:12.866Z"}
{"level":"\u001b[32minfo\u001b[39m","message":"{\"method\":\"GET\",\"url\":\"/api/v1/videos/\",\"status\":\"304\",\"responseTime\":\"98.565\"}","timestamp":"2025-11-29T13:43:12.969Z"}
{"level":"\u001b[32minfo\u001b[39m","message":"{\"method\":\"GET\",\"url\":\"/api/v1/tweets/\",\"status\":\"304\",\"responseTime\":\"100.018\"}","timestamp":"2025-11-29T13:43:12.971Z"}
{"level":"\u001b[32minfo\u001b[39m","message":"{\"method\":\"GET\",\"url\":\"/api/v1/playlist/user/692891628b3cde57350a5bfa\",\"status\":\"304\",\"responseTime\":\"731.876\"}","timestamp":"2025-11-29T13:43:17.440Z"}
{"level":"\u001b[32minfo\u001b[39m","message":"{\"method\":\"GET\",\"url\":\"/api/v1/notifications/unread-count\",\"status\":\"304\",\"responseTime\":\"509.376\"}","timestamp":"2025-11-29T13:43:45.075Z"}
{"level":"\u001b[32minfo\u001b[39m","message":"{\"method\":\"GET\",\"url\":\"/api/v1/videos/692af1f38c717288f603c206\",\"status\":\"201\",\"responseTime\":\"619.972\"}","timestamp":"2025-11-29T13:44:42.745Z"}
{"level":"\u001b[32minfo\u001b[39m","message":"{\"method\":\"GET\",\"url\":\"/api/v1/videos/692af1f38c717288f603c206\",\"status\":\"201\",\"responseTime\":\"821.611\"}","timestamp":"2025-11-29T13:44:43.572Z"}
{"level":"\u001b[32minfo\u001b[39m","message":"{\"method\":\"GET\",\"url\":\"/api/v1/comments/692af1f38c717288f603c206\",\"status\":\"201\",\"responseTime\":\"819.182\"}","timestamp":"2025-11-29T13:44:43.574Z"}
{"level":"\u001b[32minfo\u001b[39m","message":"{\"method\":\"GET\",\"url\":\"/api/v1/comments/692af1f38c717288f603c206\",\"status\":\"201\",\"responseTime\":\"905.506\"}","timestamp":"2025-11-29T13:44:44.490Z"}
{"0":"692af1f38c717288f603c206","1":"692ac42f47df639c9b6f7cdb","2":"6928961613409b594dc01255","level":"\u001b[32minfo\u001b[39m","message":"Updated watch history: ","timestamp":"2025-11-29T13:44:44.533Z"}
{"level":"\u001b[32minfo\u001b[39m","message":"{\"method\":\"PATCH\",\"url\":\"/api/v1/users/history/add/692af1f38c717288f603c206\",\"status\":\"200\",\"responseTime\":\"945.088\"}","timestamp":"2025-11-29T13:44:44.535Z"}
{"level":"\u001b[32minfo\u001b[39m","message":"{\"method\":\"GET\",\"url\":\"/api/v1/notifications/unread-count\",\"status\":\"304\",\"responseTime\":\"700.879\"}","timestamp":"2025-11-29T13:44:45.269Z"}
{"level":"\u001b[32minfo\u001b[39m","message":"{\"method\":\"PATCH\",\"url\":\"/api/v1/videos/views/692af1f38c717288f603c206\",\"status\":\"200\",\"responseTime\":\"728.824\"}","timestamp":"2025-11-29T13:44:45.271Z"}
{"0":"692af1f38c717288f603c206","1":"692ac42f47df639c9b6f7cdb","2":"6928961613409b594dc01255","level":"\u001b[32minfo\u001b[39m","message":"Updated watch history: ","timestamp":"2025-11-29T13:44:45.272Z"}
{"level":"\u001b[32minfo\u001b[39m","message":"{\"method\":\"PATCH\",\"url\":\"/api/v1/users/history/add/692af1f38c717288f603c206\",\"status\":\"200\",\"responseTime\":\"772.123\"}","timestamp":"2025-11-29T13:44:45.273Z"}
{"level":"\u001b[32minfo\u001b[39m","message":"{\"method\":\"PATCH\",\"url\":\"/api/v1/videos/views/692af1f38c717288f603c206\",\"status\":\"200\",\"responseTime\":\"112.541\"}","timestamp":"2025-11-29T13:44:45.406Z"}
{"level":"\u001b[32minfo\u001b[39m","message":"{\"method\":\"GET\",\"url\":\"/api/v1/notifications/unread-count\",\"status\":\"304\",\"responseTime\":\"240.678\"}","timestamp":"2025-11-29T13:45:45.647Z"}
{"level":"\u001b[32minfo\u001b[39m","message":"{\"method\":\"GET\",\"url\":\"/api/v1/notifications/unread-count\",\"status\":\"304\",\"responseTime\":\"67.057\"}","timestamp":"2025-11-29T13:46:45.477Z"}
{"level":"\u001b[32minfo\u001b[39m","message":"{\"method\":\"GET\",\"url\":\"/api/v1/notifications/unread-count\",\"status\":\"304\",\"responseTime\":\"67.957\"}","timestamp":"2025-11-29T13:48:38.495Z"}
{"level":"\u001b[32minfo\u001b[39m","message":"{\"method\":\"GET\",\"url\":\"/api/v1/notifications/unread-count\",\"status\":\"304\",\"responseTime\":\"66.843\"}","timestamp":"2025-11-29T13:49:38.478Z"}
{"level":"\u001b[32minfo\u001b[39m","message":"{\"method\":\"GET\",\"url\":\"/api/v1/notifications/unread-count\",\"status\":\"304\",\"responseTime\":\"66.394\"}","timestamp":"2025-11-29T13:50:38.479Z"}
{"level":"\u001b[32minfo\u001b[39m","message":"{\"method\":\"GET\",\"url\":\"/api/v1/notifications/unread-count\",\"status\":\"304\",\"responseTime\":\"130.648\"}","timestamp":"2025-11-29T13:51:38.558Z"}
{"level":"\u001b[32minfo\u001b[39m","message":"{\"method\":\"GET\",\"url\":\"/api/v1/notifications/unread-count\",\"status\":\"304\",\"responseTime\":\"446.720\"}","timestamp":"2025-11-29T13:52:38.866Z"}
{"level":"\u001b[32minfo\u001b[39m","message":"{\"method\":\"GET\",\"url\":\"/api/v1/notifications/unread-count\",\"status\":\"304\",\"responseTime\":\"750.519\"}","timestamp":"2025-11-29T13:53:39.173Z"}
{"level":"\u001b[32minfo\u001b[39m","message":"{\"method\":\"GET\",\"url\":\"/api/v1/notifications/unread-count\",\"status\":\"304\",\"responseTime\":\"416.601\"}","timestamp":"2025-11-29T13:54:38.835Z"}
{"level":"\u001b[32minfo\u001b[39m","message":"{\"method\":\"GET\",\"url\":\"/api/v1/notifications/unread-count\",\"status\":\"304\",\"responseTime\":\"70.505\"}","timestamp":"2025-11-29T13:55:38.494Z"}
{"level":"\u001b[32minfo\u001b[39m","message":"{\"method\":\"GET\",\"url\":\"/api/v1/notifications/unread-count\",\"status\":\"304\",\"responseTime\":\"430.139\"}","timestamp":"2025-11-29T13:56:38.851Z"}
{"level":"\u001b[32minfo\u001b[39m","message":"{\"method\":\"GET\",\"url\":\"/api/v1/notifications/unread-count\",\"status\":\"304\",\"responseTime\":\"256.770\"}","timestamp":"2025-11-29T13:57:38.684Z"}
{"level":"\u001b[32minfo\u001b[39m","message":"{\"method\":\"GET\",\"url\":\"/api/v1/notifications/unread-count\",\"status\":\"304\",\"responseTime\":\"277.665\"}","timestamp":"2025-11-29T13:58:38.694Z"}
{"level":"\u001b[32minfo\u001b[39m","message":"{\"method\":\"GET\",\"url\":\"/api/v1/notifications/unread-count\",\"status\":\"304\",\"responseTime\":\"479.340\"}","timestamp":"2025-11-29T13:59:38.901Z"}
{"level":"\u001b[32minfo\u001b[39m","message":"{\"method\":\"GET\",\"url\":\"/api/v1/notifications/unread-count\",\"status\":\"304\",\"responseTime\":\"70.579\"}","timestamp":"2025-11-29T14:00:38.486Z"}
{"level":"\u001b[32minfo\u001b[39m","message":"{\"method\":\"GET\",\"url\":\"/api/v1/notifications/unread-count\",\"status\":\"304\",\"responseTime\":\"117.602\"}","timestamp":"2025-11-29T14:01:38.541Z"}
{"level":"\u001b[32minfo\u001b[39m","message":"{\"method\":\"GET\",\"url\":\"/api/v1/notifications/unread-count\",\"status\":\"304\",\"responseTime\":\"251.266\"}","timestamp":"2025-11-29T14:02:38.666Z"}
{"level":"\u001b[32minfo\u001b[39m","message":"{\"method\":\"GET\",\"url\":\"/api/v1/notifications/unread-count\",\"status\":\"304\",\"responseTime\":\"80.537\"}","timestamp":"2025-11-29T14:03:38.500Z"}
{"level":"\u001b[32minfo\u001b[39m","message":"{\"method\":\"GET\",\"url\":\"/api/v1/notifications/unread-count\",\"status\":\"304\",\"responseTime\":\"227.793\"}","timestamp":"2025-11-29T14:04:38.645Z"}
{"level":"\u001b[32minfo\u001b[39m","message":"{\"method\":\"GET\",\"url\":\"/api/v1/notifications/unread-count\",\"status\":\"304\",\"responseTime\":\"68.298\"}","timestamp":"2025-11-29T14:05:38.494Z"}
{"level":"\u001b[32minfo\u001b[39m","message":"{\"method\":\"GET\",\"url\":\"/api/v1/notifications/unread-count\",\"status\":\"304\",\"responseTime\":\"125.560\"}","timestamp":"2025-11-29T14:06:38.546Z"}
{"level":"\u001b[32minfo\u001b[39m","message":"{\"method\":\"GET\",\"url\":\"/api/v1/notifications/unread-count\",\"status\":\"304\",\"responseTime\":\"156.550\"}","timestamp":"2025-11-29T14:07:38.581Z"}
{"level":"\u001b[32minfo\u001b[39m","message":"{\"method\":\"GET\",\"url\":\"/api/v1/notifications/unread-count\",\"status\":\"304\",\"responseTime\":\"353.362\"}","timestamp":"2025-11-29T14:08:38.767Z"}
{"level":"\u001b[32minfo\u001b[39m","message":"{\"method\":\"GET\",\"url\":\"/api/v1/notifications/unread-count\",\"status\":\"304\",\"responseTime\":\"129.491\"}","timestamp":"2025-11-29T14:09:38.538Z"}
{"level":"\u001b[32minfo\u001b[39m","message":"{\"method\":\"GET\",\"url\":\"/api/v1/notifications/unread-count\",\"status\":\"304\",\"responseTime\":\"102.160\"}","timestamp":"2025-11-29T14:10:38.514Z"}
{"level":"\u001b[32minfo\u001b[39m","message":"{\"method\":\"GET\",\"url\":\"/api/v1/notifications/unread-count\",\"status\":\"304\",\"responseTime\":\"264.295\"}","timestamp":"2025-11-29T14:11:38.690Z"}
{"level":"\u001b[32minfo\u001b[39m","message":"{\"method\":\"GET\",\"url\":\"/api/v1/notifications/unread-count\",\"status\":\"304\",\"responseTime\":\"400.428\"}","timestamp":"2025-11-29T14:12:38.819Z"}
{"level":"\u001b[32minfo\u001b[39m","message":"{\"method\":\"GET\",\"url\":\"/api/v1/notifications/unread-count\",\"status\":\"304\",\"responseTime\":\"114.112\"}","timestamp":"2025-11-29T14:13:38.536Z"}
{"level":"\u001b[32minfo\u001b[39m","message":"{\"method\":\"GET\",\"url\":\"/api/v1/notifications/unread-count\",\"status\":\"304\",\"responseTime\":\"136.552\"}","timestamp":"2025-11-29T14:14:38.548Z"}
{"level":"\u001b[32minfo\u001b[39m","message":"{\"method\":\"GET\",\"url\":\"/api/v1/notifications/unread-count\",\"status\":\"304\",\"responseTime\":\"72.150\"}","timestamp":"2025-11-29T14:15:38.483Z"}
{"level":"\u001b[32minfo\u001b[39m","message":"{\"method\":\"GET\",\"url\":\"/api/v1/notifications/unread-count\",\"status\":\"304\",\"responseTime\":\"130.740\"}","timestamp":"2025-11-29T14:16:38.548Z"}
{"level":"\u001b[32minfo\u001b[39m","message":"{\"method\":\"GET\",\"url\":\"/api/v1/notifications/unread-count\",\"status\":\"304\",\"responseTime\":\"83.689\"}","timestamp":"2025-11-29T14:17:38.507Z"}
{"level":"\u001b[32minfo\u001b[39m","message":"{\"method\":\"GET\",\"url\":\"/api/v1/notifications/unread-count\",\"status\":\"304\",\"responseTime\":\"199.624\"}","timestamp":"2025-11-29T14:18:38.617Z"}
{"level":"\u001b[32minfo\u001b[39m","message":"{\"method\":\"GET\",\"url\":\"/api/v1/notifications/unread-count\",\"status\":\"304\",\"responseTime\":\"72.662\"}","timestamp":"2025-11-29T14:19:38.493Z"}
{"level":"\u001b[32minfo\u001b[39m","message":"{\"method\":\"GET\",\"url\":\"/api/v1/notifications/unread-count\",\"status\":\"304\",\"responseTime\":\"187.668\"}","timestamp":"2025-11-29T14:20:38.608Z"}
{"level":"\u001b[32minfo\u001b[39m","message":"{\"method\":\"GET\",\"url\":\"/api/v1/notifications/unread-count\",\"status\":\"304\",\"responseTime\":\"79.243\"}","timestamp":"2025-11-29T14:21:38.501Z"}
{"level":"\u001b[32minfo\u001b[39m","message":"{\"method\":\"GET\",\"url\":\"/api/v1/notifications/unread-count\",\"status\":\"304\",\"responseTime\":\"68.178\"}","timestamp":"2025-11-29T14:22:38.482Z"}
{"level":"\u001b[32minfo\u001b[39m","message":"{\"method\":\"GET\",\"url\":\"/api/v1/notifications/unread-count\",\"status\":\"304\",\"responseTime\":\"346.713\"}","timestamp":"2025-11-29T14:23:38.753Z"}
{"level":"\u001b[32minfo\u001b[39m","message":"{\"method\":\"GET\",\"url\":\"/api/v1/notifications/unread-count\",\"status\":\"304\",\"responseTime\":\"599.507\"}","timestamp":"2025-11-29T14:24:39.015Z"}
{"level":"\u001b[32minfo\u001b[39m","message":"{\"method\":\"GET\",\"url\":\"/api/v1/notifications/unread-count\",\"status\":\"304\",\"responseTime\":\"200.668\"}","timestamp":"2025-11-29T14:25:38.622Z"}
{"level":"\u001b[32minfo\u001b[39m","message":"{\"method\":\"GET\",\"url\":\"/api/v1/notifications/unread-count\",\"status\":\"304\",\"responseTime\":\"624.911\"}","timestamp":"2025-11-29T14:26:39.041Z"}
{"level":"\u001b[32minfo\u001b[39m","message":"{\"method\":\"GET\",\"url\":\"/api/v1/notifications/unread-count\",\"status\":\"304\",\"responseTime\":\"64.164\"}","timestamp":"2025-11-29T14:27:38.486Z"}
{"level":"\u001b[32minfo\u001b[39m","message":"{\"method\":\"GET\",\"url\":\"/api/v1/notifications/unread-count\",\"status\":\"304\",\"responseTime\":\"603.596\"}","timestamp":"2025-11-29T14:28:39.018Z"}
{"level":"\u001b[32minfo\u001b[39m","message":"{\"method\":\"GET\",\"url\":\"/api/v1/notifications/unread-count\",\"status\":\"304\",\"responseTime\":\"601.168\"}","timestamp":"2025-11-29T14:29:39.023Z"}
{"level":"\u001b[32minfo\u001b[39m","message":"{\"method\":\"GET\",\"url\":\"/api/v1/notifications/unread-count\",\"status\":\"304\",\"responseTime\":\"445.212\"}","timestamp":"2025-11-29T14:30:38.865Z"}
{"level":"\u001b[32minfo\u001b[39m","message":"{\"method\":\"GET\",\"url\":\"/api/v1/notifications/unread-count\",\"status\":\"304\",\"responseTime\":\"516.190\"}","timestamp":"2025-11-29T14:31:38.936Z"}
{"level":"\u001b[32minfo\u001b[39m","message":"Environment variables loaded from .env file","timestamp":"2025-12-01T11:08:32.215Z"}
{"level":"\u001b[32minfo\u001b[39m","message":"Connecting to the database...","timestamp":"2025-12-01T11:08:32.220Z"}
{"level":"\u001b[32minfo\u001b[39m","message":"Connected to the database successfully \n Database Name: vidtube \n Host: ac-umfmukq-shard-00-00.vu6akeu.mongodb.net \n Port: 27017","timestamp":"2025-12-01T11:08:34.065Z"}
{"level":"\u001b[32minfo\u001b[39m","message":"Server is running on port 3000","timestamp":"2025-12-01T11:08:34.070Z"}
{"level":"\u001b[32minfo\u001b[39m","message":"{\"method\":\"POST\",\"url\":\"/api/v1/users/login\",\"status\":\"404\",\"responseTime\":\"77.607\"}","timestamp":"2025-12-01T11:08:42.611Z"}
{"level":"\u001b[32minfo\u001b[39m","message":"{\"method\":\"POST\",\"url\":\"/api/v1/users/login\",\"status\":\"400\",\"responseTime\":\"2.295\"}","timestamp":"2025-12-01T11:08:58.497Z"}
{"level":"\u001b[32minfo\u001b[39m","message":"{\"method\":\"POST\",\"url\":\"/api/v1/users/login\",\"status\":\"400\",\"responseTime\":\"1.553\"}","timestamp":"2025-12-01T11:08:59.266Z"}
{"level":"\u001b[32minfo\u001b[39m","message":"{\"method\":\"POST\",\"url\":\"/api/v1/users/login\",\"status\":\"200\",\"responseTime\":\"482.917\"}","timestamp":"2025-12-01T11:24:46.928Z"}
{"level":"\u001b[32minfo\u001b[39m","message":"{\"method\":\"GET\",\"url\":\"/api/v1/users/theme\",\"status\":\"304\",\"responseTime\":\"59.389\"}","timestamp":"2025-12-01T11:24:47.007Z"}
{"level":"\u001b[32minfo\u001b[39m","message":"{\"method\":\"GET\",\"url\":\"/api/v1/users/current-user\",\"status\":\"200\",\"responseTime\":\"57.147\"}","timestamp":"2025-12-01T11:24:47.058Z"}
{"level":"\u001b[32minfo\u001b[39m","message":"{\"method\":\"GET\",\"url\":\"/api/v1/users/theme\",\"status\":\"304\",\"responseTime\":\"162.361\"}","timestamp":"2025-12-01T11:24:47.242Z"}
{"level":"\u001b[32minfo\u001b[39m","message":"{\"method\":\"GET\",\"url\":\"/api/v1/tweets/\",\"status\":\"200\",\"responseTime\":\"142.576\"}","timestamp":"2025-12-01T11:24:47.437Z"}
{"level":"\u001b[32minfo\u001b[39m","message":"{\"method\":\"GET\",\"url\":\"/api/v1/notifications/unread-count\",\"status\":\"200\",\"responseTime\":\"148.392\"}","timestamp":"2025-12-01T11:24:47.440Z"}
{"level":"\u001b[32minfo\u001b[39m","message":"{\"method\":\"GET\",\"url\":\"/api/v1/videos/\",\"status\":\"200\",\"responseTime\":\"154.902\"}","timestamp":"2025-12-01T11:24:47.448Z"}
{"level":"\u001b[32minfo\u001b[39m","message":"{\"method\":\"GET\",\"url\":\"/api/v1/videos/\",\"status\":\"304\",\"responseTime\":\"180.438\"}","timestamp":"2025-12-01T11:24:47.655Z"}
{"level":"\u001b[32minfo\u001b[39m","message":"{\"method\":\"GET\",\"url\":\"/api/v1/tweets/\",\"status\":\"304\",\"responseTime\":\"189.304\"}","timestamp":"2025-12-01T11:24:47.660Z"}
{"level":"\u001b[32minfo\u001b[39m","message":"{\"method\":\"GET\",\"url\":\"/api/v1/notifications/unread-count\",\"status\":\"304\",\"responseTime\":\"193.666\"}","timestamp":"2025-12-01T11:24:47.666Z"}
{"level":"\u001b[32minfo\u001b[39m","message":"{\"method\":\"GET\",\"url\":\"/api/v1/videos/6928997c696e5d9c996d304b\",\"status\":\"201\",\"responseTime\":\"354.954\"}","timestamp":"2025-12-01T11:24:50.408Z"}
{"level":"\u001b[32minfo\u001b[39m","message":"{\"method\":\"GET\",\"url\":\"/api/v1/videos/6928997c696e5d9c996d304b\",\"status\":\"201\",\"responseTime\":\"198.598\"}","timestamp":"2025-12-01T11:24:50.613Z"}
{"level":"\u001b[32minfo\u001b[39m","message":"{\"method\":\"GET\",\"url\":\"/api/v1/comments/6928997c696e5d9c996d304b\",\"status\":\"201\",\"responseTime\":\"247.658\"}","timestamp":"2025-12-01T11:24:50.666Z"}
{"level":"\u001b[32minfo\u001b[39m","message":"{\"method\":\"GET\",\"url\":\"/api/v1/comments/6928997c696e5d9c996d304b\",\"status\":\"201\",\"responseTime\":\"448.440\"}","timestamp":"2025-12-01T11:24:51.124Z"}
{"0":"6928997c696e5d9c996d304b","1":"692af1f38c717288f603c206","2":"692ac42f47df639c9b6f7cdb","3":"6928961613409b594dc01255","level":"\u001b[32minfo\u001b[39m","message":"Updated watch history: ","timestamp":"2025-12-01T11:24:51.127Z"}
{"level":"\u001b[32minfo\u001b[39m","message":"{\"method\":\"PATCH\",\"url\":\"/api/v1/users/history/add/6928997c696e5d9c996d304b\",\"status\":\"200\",\"responseTime\":\"447.504\"}","timestamp":"2025-12-01T11:24:51.128Z"}
{"level":"\u001b[32minfo\u001b[39m","message":"{\"method\":\"PATCH\",\"url\":\"/api/v1/videos/views/6928997c696e5d9c996d304b\",\"status\":\"200\",\"responseTime\":\"287.291\"}","timestamp":"2025-12-01T11:24:51.433Z"}
{"0":"6928997c696e5d9c996d304b","1":"692af1f38c717288f603c206","2":"692ac42f47df639c9b6f7cdb","3":"6928961613409b594dc01255","level":"\u001b[32minfo\u001b[39m","message":"Updated watch history: ","timestamp":"2025-12-01T11:24:51.465Z"}
{"level":"\u001b[32minfo\u001b[39m","message":"{\"method\":\"PATCH\",\"url\":\"/api/v1/users/history/add/6928997c696e5d9c996d304b\",\"status\":\"200\",\"responseTime\":\"327.567\"}","timestamp":"2025-12-01T11:24:51.467Z"}
{"level":"\u001b[32minfo\u001b[39m","message":"{\"method\":\"GET\",\"url\":\"/api/v1/videos/\",\"status\":\"200\",\"responseTime\":\"164.194\"}","timestamp":"2025-12-01T11:24:51.636Z"}
{"level":"\u001b[32minfo\u001b[39m","message":"{\"method\":\"GET\",\"url\":\"/api/v1/tweets/\",\"status\":\"304\",\"responseTime\":\"154.891\"}","timestamp":"2025-12-01T11:24:51.639Z"}
{"level":"\u001b[32minfo\u001b[39m","message":"{\"method\":\"PATCH\",\"url\":\"/api/v1/videos/views/6928997c696e5d9c996d304b\",\"status\":\"200\",\"responseTime\":\"190.379\"}","timestamp":"2025-12-01T11:24:51.685Z"}
{"level":"\u001b[32minfo\u001b[39m","message":"{\"method\":\"GET\",\"url\":\"/api/v1/videos/\",\"status\":\"304\",\"responseTime\":\"86.286\"}","timestamp":"2025-12-01T11:24:51.736Z"}
{"level":"\u001b[32minfo\u001b[39m","message":"{\"method\":\"GET\",\"url\":\"/api/v1/tweets/\",\"status\":\"304\",\"responseTime\":\"89.939\"}","timestamp":"2025-12-01T11:24:51.741Z"}
{"level":"\u001b[32minfo\u001b[39m","message":"{\"method\":\"GET\",\"url\":\"/api/v1/notifications/?page=1&limit=20\",\"status\":\"200\",\"responseTime\":\"446.853\"}","timestamp":"2025-12-01T11:25:00.136Z"}
{"level":"\u001b[32minfo\u001b[39m","message":"{\"method\":\"GET\",\"url\":\"/api/v1/notifications/?page=1&limit=20\",\"status\":\"304\",\"responseTime\":\"401.942\"}","timestamp":"2025-12-01T11:25:00.544Z"}
{"level":"\u001b[32minfo\u001b[39m","message":"{\"method\":\"DELETE\",\"url\":\"/api/v1/notifications/delete/692ab121dde4ce91ce0da810\",\"status\":\"200\",\"responseTime\":\"192.188\"}","timestamp":"2025-12-01T11:25:05.562Z"}
{"level":"\u001b[32minfo\u001b[39m","message":"{\"method\":\"DELETE\",\"url\":\"/api/v1/notifications/delete/692ab11edde4ce91ce0da802\",\"status\":\"200\",\"responseTime\":\"214.492\"}","timestamp":"2025-12-01T11:25:06.586Z"}
{"level":"\u001b[32minfo\u001b[39m","message":"{\"method\":\"DELETE\",\"url\":\"/api/v1/notifications/delete/692aafd9dde4ce91ce0da71f\",\"status\":\"200\",\"responseTime\":\"223.586\"}","timestamp":"2025-12-01T11:25:07.201Z"}
{"level":"\u001b[32minfo\u001b[39m","message":"{\"method\":\"DELETE\",\"url\":\"/api/v1/notifications/delete/692aafd7dde4ce91ce0da711\",\"status\":\"200\",\"responseTime\":\"196.485\"}","timestamp":"2025-12-01T11:25:07.818Z"}
{"level":"\u001b[32minfo\u001b[39m","message":"{\"method\":\"DELETE\",\"url\":\"/api/v1/notifications/delete/692aafcbdde4ce91ce0da6d9\",\"status\":\"200\",\"responseTime\":\"226.925\"}","timestamp":"2025-12-01T11:25:08.319Z"}
{"level":"\u001b[32minfo\u001b[39m","message":"{\"method\":\"DELETE\",\"url\":\"/api/v1/notifications/delete/692aafcbdde4ce91ce0da6d9\",\"status\":\"404\",\"responseTime\":\"126.929\"}","timestamp":"2025-12-01T11:25:08.430Z"}
{"level":"\u001b[32minfo\u001b[39m","message":"{\"method\":\"DELETE\",\"url\":\"/api/v1/notifications/delete/692a9a2dedcdf261fc0d4145\",\"status\":\"200\",\"responseTime\":\"206.652\"}","timestamp":"2025-12-01T11:25:08.726Z"}
{"level":"\u001b[32minfo\u001b[39m","message":"{\"method\":\"DELETE\",\"url\":\"/api/v1/notifications/delete/692a9a2dedcdf261fc0d4145\",\"status\":\"404\",\"responseTime\":\"214.364\"}","timestamp":"2025-12-01T11:25:08.943Z"}
{"level":"\u001b[32minfo\u001b[39m","message":"{\"method\":\"DELETE\",\"url\":\"/api/v1/notifications/delete/6929fca45acdeedb13110685\",\"status\":\"200\",\"responseTime\":\"164.026\"}","timestamp":"2025-12-01T11:25:09.111Z"}
{"level":"\u001b[32minfo\u001b[39m","message":"{\"method\":\"DELETE\",\"url\":\"/api/v1/notifications/delete/6929fca25acdeedb13110677\",\"status\":\"200\",\"responseTime\":\"183.727\"}","timestamp":"2025-12-01T11:25:09.556Z"}
{"level":"\u001b[32minfo\u001b[39m","message":"{\"method\":\"DELETE\",\"url\":\"/api/v1/notifications/delete/6929fc425acdeedb13110637\",\"status\":\"200\",\"responseTime\":\"155.037\"}","timestamp":"2025-12-01T11:25:10.170Z"}
{"level":"\u001b[32minfo\u001b[39m","message":"{\"method\":\"DELETE\",\"url\":\"/api/v1/notifications/delete/6929fb5776c7c7cd437cf69d\",\"status\":\"200\",\"responseTime\":\"255.403\"}","timestamp":"2025-12-01T11:25:10.888Z"}
{"level":"\u001b[32minfo\u001b[39m","message":"{\"method\":\"DELETE\",\"url\":\"/api/v1/notifications/delete/6929f7c576c7c7cd437cf546\",\"status\":\"200\",\"responseTime\":\"223.776\"}","timestamp":"2025-12-01T11:25:11.502Z"}
{"level":"\u001b[32minfo\u001b[39m","message":"{\"method\":\"GET\",\"url\":\"/api/v1/tweets/\",\"status\":\"304\",\"responseTime\":\"194.880\"}","timestamp":"2025-12-01T11:25:12.743Z"}
{"level":"\u001b[32minfo\u001b[39m","message":"{\"method\":\"GET\",\"url\":\"/api/v1/videos/\",\"status\":\"304\",\"responseTime\":\"208.874\"}","timestamp":"2025-12-01T11:25:12.755Z"}
{"level":"\u001b[32minfo\u001b[39m","message":"{\"method\":\"GET\",\"url\":\"/api/v1/videos/\",\"status\":\"304\",\"responseTime\":\"177.731\"}","timestamp":"2025-12-01T11:25:12.943Z"}
{"level":"\u001b[32minfo\u001b[39m","message":"{\"method\":\"GET\",\"url\":\"/api/v1/tweets/\",\"status\":\"304\",\"responseTime\":\"196.298\"}","timestamp":"2025-12-01T11:25:12.947Z"}
{"level":"\u001b[32minfo\u001b[39m","message":"{\"method\":\"GET\",\"url\":\"/api/v1/playlist/user/692891628b3cde57350a5bfa\",\"status\":\"304\",\"responseTime\":\"294.652\"}","timestamp":"2025-12-01T11:25:17.851Z"}
{"level":"\u001b[32minfo\u001b[39m","message":"{\"method\":\"GET\",\"url\":\"/api/v1/videos/692898da696e5d9c996d3046\",\"status\":\"201\",\"responseTime\":\"316.373\"}","timestamp":"2025-12-01T11:25:21.032Z"}
{"level":"\u001b[32minfo\u001b[39m","message":"{\"method\":\"PATCH\",\"url\":\"/api/v1/playlist/add/692898da696e5d9c996d3046/692af77e8c717288f603c37c\",\"status\":\"200\",\"responseTime\":\"336.600\"}","timestamp":"2025-12-01T11:25:21.036Z"}
{"level":"\u001b[32minfo\u001b[39m","message":"{\"method\":\"GET\",\"url\":\"/api/v1/videos/692898da696e5d9c996d3046\",\"status\":\"201\",\"responseTime\":\"205.046\"}","timestamp":"2025-12-01T11:25:21.246Z"}
{"level":"\u001b[32minfo\u001b[39m","message":"{\"method\":\"GET\",\"url\":\"/api/v1/comments/692898da696e5d9c996d3046\",\"status\":\"201\",\"responseTime\":\"249.573\"}","timestamp":"2025-12-01T11:25:21.297Z"}
{"0":"692898da696e5d9c996d3046","1":"6928997c696e5d9c996d304b","2":"692af1f38c717288f603c206","3":"692ac42f47df639c9b6f7cdb","4":"6928961613409b594dc01255","level":"\u001b[32minfo\u001b[39m","message":"Updated watch history: ","timestamp":"2025-12-01T11:25:21.742Z"}
{"level":"\u001b[32minfo\u001b[39m","message":"{\"method\":\"PATCH\",\"url\":\"/api/v1/users/history/add/692898da696e5d9c996d3046\",\"status\":\"200\",\"responseTime\":\"432.028\"}","timestamp":"2025-12-01T11:25:21.744Z"}
{"level":"\u001b[32minfo\u001b[39m","message":"{\"method\":\"GET\",\"url\":\"/api/v1/comments/692898da696e5d9c996d3046\",\"status\":\"201\",\"responseTime\":\"441.579\"}","timestamp":"2025-12-01T11:25:21.745Z"}
{"level":"\u001b[32minfo\u001b[39m","message":"{\"method\":\"PATCH\",\"url\":\"/api/v1/videos/views/692898da696e5d9c996d3046\",\"status\":\"200\",\"responseTime\":\"295.828\"}","timestamp":"2025-12-01T11:25:22.052Z"}
{"0":"692898da696e5d9c996d3046","1":"6928997c696e5d9c996d304b","2":"692af1f38c717288f603c206","3":"692ac42f47df639c9b6f7cdb","4":"6928961613409b594dc01255","level":"\u001b[32minfo\u001b[39m","message":"Updated watch history: ","timestamp":"2025-12-01T11:25:22.093Z"}
{"level":"\u001b[32minfo\u001b[39m","message":"{\"method\":\"PATCH\",\"url\":\"/api/v1/users/history/add/692898da696e5d9c996d3046\",\"status\":\"200\",\"responseTime\":\"334.251\"}","timestamp":"2025-12-01T11:25:22.094Z"}
{"level":"\u001b[32minfo\u001b[39m","message":"{\"method\":\"PATCH\",\"url\":\"/api/v1/videos/views/692898da696e5d9c996d3046\",\"status\":\"200\",\"responseTime\":\"132.197\"}","timestamp":"2025-12-01T11:25:22.254Z"}
{"level":"\u001b[32minfo\u001b[39m","message":"{\"method\":\"GET\",\"url\":\"/api/v1/playlist/user/692891628b3cde57350a5bfa\",\"status\":\"200\",\"responseTime\":\"334.510\"}","timestamp":"2025-12-01T11:25:25.531Z"}
{"level":"\u001b[32minfo\u001b[39m","message":"{\"method\":\"GET\",\"url\":\"/api/v1/playlist/user/692891628b3cde57350a5bfa\",\"status\":\"304\",\"responseTime\":\"300.799\"}","timestamp":"2025-12-01T11:25:25.839Z"}
{"level":"\u001b[32minfo\u001b[39m","message":"{\"method\":\"POST\",\"url\":\"/api/v1/playlist/\",\"status\":\"201\",\"responseTime\":\"331.565\"}","timestamp":"2025-12-01T11:25:42.611Z"}
{"level":"\u001b[32minfo\u001b[39m","message":"{\"method\":\"GET\",\"url\":\"/api/v1/videos/\",\"status\":\"200\",\"responseTime\":\"84.471\"}","timestamp":"2025-12-01T11:25:46.957Z"}
{"level":"\u001b[32minfo\u001b[39m","message":"{\"method\":\"GET\",\"url\":\"/api/v1/tweets/\",\"status\":\"304\",\"responseTime\":\"72.317\"}","timestamp":"2025-12-01T11:25:46.959Z"}
{"level":"\u001b[32minfo\u001b[39m","message":"{\"method\":\"GET\",\"url\":\"/api/v1/videos/\",\"status\":\"304\",\"responseTime\":\"77.647\"}","timestamp":"2025-12-01T11:25:47.043Z"}
{"level":"\u001b[32minfo\u001b[39m","message":"{\"method\":\"GET\",\"url\":\"/api/v1/tweets/\",\"status\":\"304\",\"responseTime\":\"180.269\"}","timestamp":"2025-12-01T11:25:47.152Z"}
{"level":"\u001b[32minfo\u001b[39m","message":"{\"method\":\"GET\",\"url\":\"/api/v1/notifications/unread-count\",\"status\":\"304\",\"responseTime\":\"183.886\"}","timestamp":"2025-12-01T11:25:48.479Z"}
{"level":"\u001b[32minfo\u001b[39m","message":"{\"method\":\"GET\",\"url\":\"/api/v1/playlist/user/692891628b3cde57350a5bfa\",\"status\":\"200\",\"responseTime\":\"279.201\"}","timestamp":"2025-12-01T11:25:54.419Z"}
{"level":"\u001b[32minfo\u001b[39m","message":"{\"method\":\"GET\",\"url\":\"/api/v1/videos/692ac42f47df639c9b6f7cdb\",\"status\":\"201\",\"responseTime\":\"250.594\"}","timestamp":"2025-12-01T11:25:56.469Z"}
{"level":"\u001b[32minfo\u001b[39m","message":"{\"method\":\"PATCH\",\"url\":\"/api/v1/playlist/add/692ac42f47df639c9b6f7cdb/692af77e8c717288f603c37c\",\"status\":\"200\",\"responseTime\":\"305.323\"}","timestamp":"2025-12-01T11:25:56.501Z"}
{"level":"\u001b[32minfo\u001b[39m","message":"{\"method\":\"GET\",\"url\":\"/api/v1/videos/692ac42f47df639c9b6f7cdb\",\"status\":\"201\",\"responseTime\":\"204.043\"}","timestamp":"2025-12-01T11:25:56.681Z"}
{"level":"\u001b[32minfo\u001b[39m","message":"{\"method\":\"GET\",\"url\":\"/api/v1/comments/692ac42f47df639c9b6f7cdb\",\"status\":\"201\",\"responseTime\":\"200.774\"}","timestamp":"2025-12-01T11:25:56.684Z"}
{"level":"\u001b[32minfo\u001b[39m","message":"{\"method\":\"GET\",\"url\":\"/api/v1/comments/692ac42f47df639c9b6f7cdb\",\"status\":\"201\",\"responseTime\":\"288.735\"}","timestamp":"2025-12-01T11:25:56.982Z"}
{"0":"692ac42f47df639c9b6f7cdb","1":"692898da696e5d9c996d3046","2":"6928997c696e5d9c996d304b","3":"692af1f38c717288f603c206","4":"6928961613409b594dc01255","level":"\u001b[32minfo\u001b[39m","message":"Updated watch history: ","timestamp":"2025-12-01T11:25:57.081Z"}
{"level":"\u001b[32minfo\u001b[39m","message":"{\"method\":\"PATCH\",\"url\":\"/api/v1/users/history/add/692ac42f47df639c9b6f7cdb\",\"status\":\"200\",\"responseTime\":\"389.269\"}","timestamp":"2025-12-01T11:25:57.083Z"}
{"level":"\u001b[32minfo\u001b[39m","message":"{\"method\":\"PATCH\",\"url\":\"/api/v1/videos/views/692ac42f47df639c9b6f7cdb\",\"status\":\"200\",\"responseTime\":\"293.935\"}","timestamp":"2025-12-01T11:25:57.387Z"}
{"0":"692ac42f47df639c9b6f7cdb","1":"692898da696e5d9c996d3046","2":"6928997c696e5d9c996d304b","3":"692af1f38c717288f603c206","4":"6928961613409b594dc01255","level":"\u001b[32minfo\u001b[39m","message":"Updated watch history: ","timestamp":"2025-12-01T11:25:57.389Z"}
{"level":"\u001b[32minfo\u001b[39m","message":"{\"method\":\"PATCH\",\"url\":\"/api/v1/users/history/add/692ac42f47df639c9b6f7cdb\",\"status\":\"200\",\"responseTime\":\"399.063\"}","timestamp":"2025-12-01T11:25:57.391Z"}
{"level":"\u001b[32minfo\u001b[39m","message":"{\"method\":\"PATCH\",\"url\":\"/api/v1/videos/views/692ac42f47df639c9b6f7cdb\",\"status\":\"200\",\"responseTime\":\"270.417\"}","timestamp":"2025-12-01T11:25:57.695Z"}
{"level":"\u001b[32minfo\u001b[39m","message":"{\"method\":\"GET\",\"url\":\"/api/v1/tweets/\",\"status\":\"304\",\"responseTime\":\"188.338\"}","timestamp":"2025-12-01T11:25:59.651Z"}
{"level":"\u001b[32minfo\u001b[39m","message":"{\"method\":\"GET\",\"url\":\"/api/v1/videos/\",\"status\":\"200\",\"responseTime\":\"198.251\"}","timestamp":"2025-12-01T11:25:59.655Z"}
{"level":"\u001b[32minfo\u001b[39m","message":"{\"method\":\"GET\",\"url\":\"/api/v1/tweets/\",\"status\":\"304\",\"responseTime\":\"197.242\"}","timestamp":"2025-12-01T11:25:59.856Z"}
{"level":"\u001b[32minfo\u001b[39m","message":"{\"method\":\"GET\",\"url\":\"/api/v1/videos/\",\"status\":\"304\",\"responseTime\":\"195.558\"}","timestamp":"2025-12-01T11:25:59.859Z"}
{"level":"\u001b[32minfo\u001b[39m","message":"{\"method\":\"GET\",\"url\":\"/api/v1/playlist/user/692891628b3cde57350a5bfa\",\"status\":\"200\",\"responseTime\":\"299.811\"}","timestamp":"2025-12-01T11:26:02.714Z"}
{"level":"\u001b[32minfo\u001b[39m","message":"{\"method\":\"GET\",\"url\":\"/api/v1/videos/692af1f38c717288f603c206\",\"status\":\"201\",\"responseTime\":\"112.548\"}","timestamp":"2025-12-01T11:26:04.349Z"}
{"level":"\u001b[32minfo\u001b[39m","message":"{\"method\":\"PATCH\",\"url\":\"/api/v1/playlist/add/692af1f38c717288f603c206/692d7b3611fa630befe79297\",\"status\":\"200\",\"responseTime\":\"158.689\"}","timestamp":"2025-12-01T11:26:04.381Z"}
{"level":"\u001b[32minfo\u001b[39m","message":"{\"method\":\"GET\",\"url\":\"/api/v1/videos/692af1f38c717288f603c206\",\"status\":\"201\",\"responseTime\":\"304.548\"}","timestamp":"2025-12-01T11:26:04.662Z"}
{"level":"\u001b[32minfo\u001b[39m","message":"{\"method\":\"GET\",\"url\":\"/api/v1/comments/692af1f38c717288f603c206\",\"status\":\"201\",\"responseTime\":\"298.405\"}","timestamp":"2025-12-01T11:26:04.665Z"}
{"level":"\u001b[32minfo\u001b[39m","message":"{\"method\":\"GET\",\"url\":\"/api/v1/comments/692af1f38c717288f603c206\",\"status\":\"201\",\"responseTime\":\"245.751\"}","timestamp":"2025-12-01T11:26:04.923Z"}
{"0":"692af1f38c717288f603c206","1":"692ac42f47df639c9b6f7cdb","2":"692898da696e5d9c996d3046","3":"6928997c696e5d9c996d304b","4":"6928961613409b594dc01255","level":"\u001b[32minfo\u001b[39m","message":"Updated watch history: ","timestamp":"2025-12-01T11:26:04.962Z"}
{"level":"\u001b[32minfo\u001b[39m","message":"{\"method\":\"PATCH\",\"url\":\"/api/v1/users/history/add/692af1f38c717288f603c206\",\"status\":\"200\",\"responseTime\":\"284.491\"}","timestamp":"2025-12-01T11:26:04.964Z"}
{"level":"\u001b[32minfo\u001b[39m","message":"{\"method\":\"PATCH\",\"url\":\"/api/v1/videos/views/692af1f38c717288f603c206\",\"status\":\"200\",\"responseTime\":\"299.044\"}","timestamp":"2025-12-01T11:26:05.274Z"}
{"0":"692af1f38c717288f603c206","1":"692ac42f47df639c9b6f7cdb","2":"692898da696e5d9c996d3046","3":"6928997c696e5d9c996d304b","4":"6928961613409b594dc01255","level":"\u001b[32minfo\u001b[39m","message":"Updated watch history: ","timestamp":"2025-12-01T11:26:05.276Z"}
{"level":"\u001b[32minfo\u001b[39m","message":"{\"method\":\"PATCH\",\"url\":\"/api/v1/users/history/add/692af1f38c717288f603c206\",\"status\":\"200\",\"responseTime\":\"343.676\"}","timestamp":"2025-12-01T11:26:05.278Z"}
{"level":"\u001b[32minfo\u001b[39m","message":"{\"method\":\"PATCH\",\"url\":\"/api/v1/videos/views/692af1f38c717288f603c206\",\"status\":\"200\",\"responseTime\":\"269.582\"}","timestamp":"2025-12-01T11:26:05.571Z"}
{"level":"\u001b[32minfo\u001b[39m","message":"{\"method\":\"GET\",\"url\":\"/api/v1/playlist/user/692891628b3cde57350a5bfa\",\"status\":\"200\",\"responseTime\":\"165.265\"}","timestamp":"2025-12-01T11:26:06.503Z"}
{"level":"\u001b[32minfo\u001b[39m","message":"{\"method\":\"GET\",\"url\":\"/api/v1/playlist/user/692891628b3cde57350a5bfa\",\"status\":\"304\",\"responseTime\":\"300.557\"}","timestamp":"2025-12-01T11:26:06.810Z"}
{"level":"\u001b[32minfo\u001b[39m","message":"{\"method\":\"GET\",\"url\":\"/api/v1/notifications/unread-count\",\"status\":\"304\",\"responseTime\":\"204.082\"}","timestamp":"2025-12-01T11:26:47.665Z"}
{"level":"\u001b[32minfo\u001b[39m","message":"{\"method\":\"GET\",\"url\":\"/api/v1/notifications/unread-count\",\"status\":\"304\",\"responseTime\":\"214.334\"}","timestamp":"2025-12-01T11:27:47.685Z"}
{"level":"\u001b[32minfo\u001b[39m","message":"{\"method\":\"GET\",\"url\":\"/api/v1/tweets/\",\"status\":\"304\",\"responseTime\":\"220.009\"}","timestamp":"2025-12-01T11:28:23.324Z"}
{"level":"\u001b[32minfo\u001b[39m","message":"{\"method\":\"GET\",\"url\":\"/api/v1/videos/\",\"status\":\"200\",\"responseTime\":\"231.626\"}","timestamp":"2025-12-01T11:28:23.329Z"}
{"level":"\u001b[32minfo\u001b[39m","message":"{\"method\":\"GET\",\"url\":\"/api/v1/tweets/\",\"status\":\"304\",\"responseTime\":\"107.765\"}","timestamp":"2025-12-01T11:28:23.440Z"}
{"level":"\u001b[32minfo\u001b[39m","message":"{\"method\":\"GET\",\"url\":\"/api/v1/videos/\",\"status\":\"304\",\"responseTime\":\"109.213\"}","timestamp":"2025-12-01T11:28:23.446Z"}
{"level":"\u001b[32minfo\u001b[39m","message":"{\"method\":\"GET\",\"url\":\"/api/v1/playlist/user/692891628b3cde57350a5bfa\",\"status\":\"304\",\"responseTime\":\"318.666\"}","timestamp":"2025-12-01T11:28:27.523Z"}
{"level":"\u001b[32minfo\u001b[39m","message":"{\"method\":\"PATCH\",\"url\":\"/api/v1/playlist/add/692af1f38c717288f603c206/692d7b3611fa630befe79297\",\"status\":\"400\",\"responseTime\":\"193.483\"}","timestamp":"2025-12-01T11:28:29.676Z"}
{"level":"\u001b[32minfo\u001b[39m","message":"{\"method\":\"GET\",\"url\":\"/api/v1/videos/692af1f38c717288f603c206\",\"status\":\"201\",\"responseTime\":\"223.411\"}","timestamp":"2025-12-01T11:28:29.732Z"}
{"level":"\u001b[32minfo\u001b[39m","message":"{\"method\":\"GET\",\"url\":\"/api/v1/comments/692af1f38c717288f603c206\",\"status\":\"201\",\"responseTime\":\"235.403\"}","timestamp":"2025-12-01T11:28:29.981Z"}
{"level":"\u001b[32minfo\u001b[39m","message":"{\"method\":\"GET\",\"url\":\"/api/v1/videos/692af1f38c717288f603c206\",\"status\":\"201\",\"responseTime\":\"244.544\"}","timestamp":"2025-12-01T11:28:29.986Z"}
{"level":"\u001b[32minfo\u001b[39m","message":"{\"method\":\"GET\",\"url\":\"/api/v1/comments/692af1f38c717288f603c206\",\"status\":\"201\",\"responseTime\":\"240.438\"}","timestamp":"2025-12-01T11:28:30.242Z"}
{"0":"692af1f38c717288f603c206","1":"692ac42f47df639c9b6f7cdb","2":"692898da696e5d9c996d3046","3":"6928997c696e5d9c996d304b","4":"6928961613409b594dc01255","level":"\u001b[32minfo\u001b[39m","message":"Updated watch history: ","timestamp":"2025-12-01T11:28:30.390Z"}
{"level":"\u001b[32minfo\u001b[39m","message":"{\"method\":\"PATCH\",\"url\":\"/api/v1/users/history/add/692af1f38c717288f603c206\",\"status\":\"200\",\"responseTime\":\"396.987\"}","timestamp":"2025-12-01T11:28:30.391Z"}
{"level":"\u001b[32minfo\u001b[39m","message":"{\"method\":\"PATCH\",\"url\":\"/api/v1/videos/views/692af1f38c717288f603c206\",\"status\":\"200\",\"responseTime\":\"295.425\"}","timestamp":"2025-12-01T11:28:30.696Z"}
{"0":"692af1f38c717288f603c206","1":"692ac42f47df639c9b6f7cdb","2":"692898da696e5d9c996d3046","3":"6928997c696e5d9c996d304b","4":"6928961613409b594dc01255","level":"\u001b[32minfo\u001b[39m","message":"Updated watch history: ","timestamp":"2025-12-01T11:28:30.699Z"}
{"level":"\u001b[32minfo\u001b[39m","message":"{\"method\":\"PATCH\",\"url\":\"/api/v1/users/history/add/692af1f38c717288f603c206\",\"status\":\"200\",\"responseTime\":\"448.974\"}","timestamp":"2025-12-01T11:28:30.703Z"}
{"level":"\u001b[32minfo\u001b[39m","message":"{\"method\":\"PATCH\",\"url\":\"/api/v1/videos/views/692af1f38c717288f603c206\",\"status\":\"200\",\"responseTime\":\"272.313\"}","timestamp":"2025-12-01T11:28:31.005Z"}
{"level":"\u001b[32minfo\u001b[39m","message":"{\"method\":\"GET\",\"url\":\"/api/v1/tweets/\",\"status\":\"304\",\"responseTime\":\"262.119\"}","timestamp":"2025-12-01T11:28:32.028Z"}
{"level":"\u001b[32minfo\u001b[39m","message":"{\"method\":\"GET\",\"url\":\"/api/v1/videos/\",\"status\":\"200\",\"responseTime\":\"274.234\"}","timestamp":"2025-12-01T11:28:32.039Z"}
{"level":"\u001b[32minfo\u001b[39m","message":"{\"method\":\"GET\",\"url\":\"/api/v1/tweets/\",\"status\":\"304\",\"responseTime\":\"75.014\"}","timestamp":"2025-12-01T11:28:32.110Z"}
{"level":"\u001b[32minfo\u001b[39m","message":"{\"method\":\"GET\",\"url\":\"/api/v1/videos/\",\"status\":\"304\",\"responseTime\":\"74.269\"}","timestamp":"2025-12-01T11:28:32.122Z"}
{"level":"\u001b[32minfo\u001b[39m","message":"{\"method\":\"GET\",\"url\":\"/api/v1/playlist/user/692891628b3cde57350a5bfa\",\"status\":\"304\",\"responseTime\":\"286.667\"}","timestamp":"2025-12-01T11:28:40.324Z"}
{"level":"\u001b[32minfo\u001b[39m","message":"{\"method\":\"GET\",\"url\":\"/api/v1/playlist/user/692891628b3cde57350a5bfa\",\"status\":\"304\",\"responseTime\":\"301.069\"}","timestamp":"2025-12-01T11:28:40.631Z"}
{"level":"\u001b[32minfo\u001b[39m","message":"{\"method\":\"GET\",\"url\":\"/api/v1/playlist/692d7b3611fa630befe79297\",\"status\":\"200\",\"responseTime\":\"317.506\"}","timestamp":"2025-12-01T11:28:41.657Z"}
{"level":"\u001b[32minfo\u001b[39m","message":"{\"method\":\"GET\",\"url\":\"/api/v1/playlist/692d7b3611fa630befe79297\",\"status\":\"304\",\"responseTime\":\"298.560\"}","timestamp":"2025-12-01T11:28:41.962Z"}
{"level":"\u001b[32minfo\u001b[39m","message":"{\"method\":\"GET\",\"url\":\"/api/v1/playlist/user/692891628b3cde57350a5bfa\",\"status\":\"304\",\"responseTime\":\"318.422\"}","timestamp":"2025-12-01T11:28:43.807Z"}
{"level":"\u001b[32minfo\u001b[39m","message":"{\"method\":\"GET\",\"url\":\"/api/v1/playlist/user/692891628b3cde57350a5bfa\",\"status\":\"304\",\"responseTime\":\"299.570\"}","timestamp":"2025-12-01T11:28:44.112Z"}
{"level":"\u001b[32minfo\u001b[39m","message":"{\"method\":\"GET\",\"url\":\"/api/v1/videos/\",\"status\":\"304\",\"responseTime\":\"178.399\"}","timestamp":"2025-12-01T11:28:45.143Z"}
{"level":"\u001b[32minfo\u001b[39m","message":"{\"method\":\"GET\",\"url\":\"/api/v1/tweets/\",\"status\":\"304\",\"responseTime\":\"170.254\"}","timestamp":"2025-12-01T11:28:45.145Z"}
{"level":"\u001b[32minfo\u001b[39m","message":"{\"method\":\"GET\",\"url\":\"/api/v1/videos/\",\"status\":\"304\",\"responseTime\":\"208.659\"}","timestamp":"2025-12-01T11:28:45.360Z"}
{"level":"\u001b[32minfo\u001b[39m","message":"{\"method\":\"GET\",\"url\":\"/api/v1/tweets/\",\"status\":\"304\",\"responseTime\":\"210.462\"}","timestamp":"2025-12-01T11:28:45.363Z"}
{"level":"\u001b[32minfo\u001b[39m","message":"{\"method\":\"GET\",\"url\":\"/api/v1/notifications/unread-count\",\"status\":\"304\",\"responseTime\":\"73.465\"}","timestamp":"2025-12-01T11:28:47.374Z"}
{"level":"\u001b[32minfo\u001b[39m","message":"{\"method\":\"GET\",\"url\":\"/api/v1/playlist/user/692891628b3cde57350a5bfa\",\"status\":\"304\",\"responseTime\":\"316.416\"}","timestamp":"2025-12-01T11:28:50.053Z"}
{"level":"\u001b[32minfo\u001b[39m","message":"{\"method\":\"GET\",\"url\":\"/api/v1/videos/692ac42f47df639c9b6f7cdb\",\"status\":\"201\",\"responseTime\":\"356.228\"}","timestamp":"2025-12-01T11:28:52.307Z"}
{"level":"\u001b[32minfo\u001b[39m","message":"{\"method\":\"GET\",\"url\":\"/api/v1/videos/692ac42f47df639c9b6f7cdb\",\"status\":\"201\",\"responseTime\":\"197.396\"}","timestamp":"2025-12-01T11:28:52.511Z"}
{"level":"\u001b[32minfo\u001b[39m","message":"{\"method\":\"GET\",\"url\":\"/api/v1/comments/692ac42f47df639c9b6f7cdb\",\"status\":\"201\",\"responseTime\":\"192.030\"}","timestamp":"2025-12-01T11:28:52.513Z"}
{"level":"\u001b[32minfo\u001b[39m","message":"{\"method\":\"GET\",\"url\":\"/api/v1/comments/692ac42f47df639c9b6f7cdb\",\"status\":\"201\",\"responseTime\":\"294.723\"}","timestamp":"2025-12-01T11:28:52.819Z"}
{"0":"692ac42f47df639c9b6f7cdb","1":"692af1f38c717288f603c206","2":"692898da696e5d9c996d3046","3":"6928997c696e5d9c996d304b","4":"6928961613409b594dc01255","level":"\u001b[32minfo\u001b[39m","message":"Updated watch history: ","timestamp":"2025-12-01T11:28:52.919Z"}
{"level":"\u001b[32minfo\u001b[39m","message":"{\"method\":\"PATCH\",\"url\":\"/api/v1/users/history/add/692ac42f47df639c9b6f7cdb\",\"status\":\"200\",\"responseTime\":\"395.156\"}","timestamp":"2025-12-01T11:28:52.921Z"}
{"level":"\u001b[32minfo\u001b[39m","message":"{\"method\":\"PATCH\",\"url\":\"/api/v1/videos/views/692ac42f47df639c9b6f7cdb\",\"status\":\"200\",\"responseTime\":\"296.438\"}","timestamp":"2025-12-01T11:28:53.227Z"}
{"0":"692ac42f47df639c9b6f7cdb","1":"692af1f38c717288f603c206","2":"692898da696e5d9c996d3046","3":"6928997c696e5d9c996d304b","4":"6928961613409b594dc01255","level":"\u001b[32minfo\u001b[39m","message":"Updated watch history: ","timestamp":"2025-12-01T11:28:53.228Z"}
{"level":"\u001b[32minfo\u001b[39m","message":"{\"method\":\"PATCH\",\"url\":\"/api/v1/users/history/add/692ac42f47df639c9b6f7cdb\",\"status\":\"200\",\"responseTime\":\"399.138\"}","timestamp":"2025-12-01T11:28:53.230Z"}
{"level":"\u001b[32minfo\u001b[39m","message":"{\"method\":\"PATCH\",\"url\":\"/api/v1/videos/views/692ac42f47df639c9b6f7cdb\",\"status\":\"200\",\"responseTime\":\"252.338\"}","timestamp":"2025-12-01T11:28:53.537Z"}
{"level":"\u001b[32minfo\u001b[39m","message":"{\"method\":\"GET\",\"url\":\"/api/v1/users/current-user\",\"status\":\"200\",\"responseTime\":\"140.903\"}","timestamp":"2025-12-01T11:33:27.577Z"}
{"level":"\u001b[32minfo\u001b[39m","message":"{\"method\":\"GET\",\"url\":\"/api/v1/users/current-user\",\"status\":\"304\",\"responseTime\":\"95.478\"}","timestamp":"2025-12-01T11:33:27.680Z"}
{"level":"\u001b[32minfo\u001b[39m","message":"{\"method\":\"GET\",\"url\":\"/api/v1/users/theme\",\"status\":\"304\",\"responseTime\":\"90.922\"}","timestamp":"2025-12-01T11:33:27.682Z"}
{"level":"\u001b[32minfo\u001b[39m","message":"{\"method\":\"GET\",\"url\":\"/api/v1/users/theme\",\"status\":\"304\",\"responseTime\":\"40.505\"}","timestamp":"2025-12-01T11:33:27.731Z"}
{"level":"\u001b[32minfo\u001b[39m","message":"{\"method\":\"GET\",\"url\":\"/api/v1/notifications/unread-count\",\"status\":\"304\",\"responseTime\":\"247.243\"}","timestamp":"2025-12-01T11:33:27.987Z"}
{"level":"\u001b[32minfo\u001b[39m","message":"{\"method\":\"GET\",\"url\":\"/api/v1/tweets/\",\"status\":\"304\",\"responseTime\":\"248.658\"}","timestamp":"2025-12-01T11:33:27.989Z"}
{"level":"\u001b[32minfo\u001b[39m","message":"{\"method\":\"GET\",\"url\":\"/api/v1/videos/\",\"status\":\"200\",\"responseTime\":\"251.423\"}","timestamp":"2025-12-01T11:33:27.991Z"}
{"level":"\u001b[32minfo\u001b[39m","message":"{\"method\":\"GET\",\"url\":\"/api/v1/notifications/unread-count\",\"status\":\"304\",\"responseTime\":\"71.249\"}","timestamp":"2025-12-01T11:33:28.066Z"}
{"level":"\u001b[32minfo\u001b[39m","message":"{\"method\":\"GET\",\"url\":\"/api/v1/tweets/\",\"status\":\"304\",\"responseTime\":\"72.042\"}","timestamp":"2025-12-01T11:33:28.077Z"}
{"level":"\u001b[32minfo\u001b[39m","message":"{\"method\":\"GET\",\"url\":\"/api/v1/videos/\",\"status\":\"304\",\"responseTime\":\"71.439\"}","timestamp":"2025-12-01T11:33:28.080Z"}
{"level":"\u001b[32minfo\u001b[39m","message":"{\"method\":\"GET\",\"url\":\"/api/v1/notifications/unread-count\",\"status\":\"304\",\"responseTime\":\"238.562\"}","timestamp":"2025-12-01T11:34:28.713Z"}
{"level":"\u001b[32minfo\u001b[39m","message":"{\"method\":\"GET\",\"url\":\"/api/v1/notifications/?page=1&limit=20\",\"status\":\"200\",\"responseTime\":\"361.365\"}","timestamp":"2025-12-01T11:34:53.188Z"}
{"level":"\u001b[32minfo\u001b[39m","message":"{\"method\":\"GET\",\"url\":\"/api/v1/notifications/?page=1&limit=20\",\"status\":\"304\",\"responseTime\":\"403.666\"}","timestamp":"2025-12-01T11:34:53.599Z"}
{"level":"\u001b[32minfo\u001b[39m","message":"{\"method\":\"GET\",\"url\":\"/api/v1/playlist/user/692891628b3cde57350a5bfa\",\"status\":\"304\",\"responseTime\":\"345.082\"}","timestamp":"2025-12-01T11:34:54.622Z"}
{"level":"\u001b[32minfo\u001b[39m","message":"{\"method\":\"GET\",\"url\":\"/api/v1/playlist/user/692891628b3cde57350a5bfa\",\"status\":\"304\",\"responseTime\":\"301.221\"}","timestamp":"2025-12-01T11:34:54.929Z"}
{"level":"\u001b[32minfo\u001b[39m","message":"{\"method\":\"GET\",\"url\":\"/api/v1/like/videos\",\"status\":\"200\",\"responseTime\":\"156.392\"}","timestamp":"2025-12-01T11:34:55.752Z"}
{"level":"\u001b[32minfo\u001b[39m","message":"{\"method\":\"GET\",\"url\":\"/api/v1/like/videos\",\"status\":\"304\",\"responseTime\":\"198.351\"}","timestamp":"2025-12-01T11:34:55.957Z"}
{"level":"\u001b[32minfo\u001b[39m","message":"{\"method\":\"GET\",\"url\":\"/api/v1/users/u/692891ae8b3cde57350a5bfe\",\"status\":\"200\",\"responseTime\":\"189.273\"}","timestamp":"2025-12-01T11:34:56.007Z"}
{"level":"\u001b[32minfo\u001b[39m","message":"{\"method\":\"GET\",\"url\":\"/api/v1/users/u/692894ab13409b594dc01248\",\"status\":\"200\",\"responseTime\":\"190.496\"}","timestamp":"2025-12-01T11:34:56.009Z"}
{"level":"\u001b[32minfo\u001b[39m","message":"{\"method\":\"GET\",\"url\":\"/api/v1/users/u/692891ae8b3cde57350a5bfe\",\"status\":\"304\",\"responseTime\":\"246.000\"}","timestamp":"2025-12-01T11:34:56.262Z"}
{"level":"\u001b[32minfo\u001b[39m","message":"{\"method\":\"GET\",\"url\":\"/api/v1/users/u/692894ab13409b594dc01248\",\"status\":\"304\",\"responseTime\":\"248.164\"}","timestamp":"2025-12-01T11:34:56.264Z"}
{"level":"\u001b[32minfo\u001b[39m","message":"{\"method\":\"GET\",\"url\":\"/api/v1/videos/\",\"status\":\"304\",\"responseTime\":\"188.162\"}","timestamp":"2025-12-01T11:34:57.188Z"}
{"level":"\u001b[32minfo\u001b[39m","message":"{\"method\":\"GET\",\"url\":\"/api/v1/tweets/\",\"status\":\"304\",\"responseTime\":\"178.697\"}","timestamp":"2025-12-01T11:34:57.191Z"}
{"level":"\u001b[32minfo\u001b[39m","message":"{\"method\":\"GET\",\"url\":\"/api/v1/tweets/\",\"status\":\"304\",\"responseTime\":\"158.476\"}","timestamp":"2025-12-01T11:34:57.358Z"}
{"level":"\u001b[32minfo\u001b[39m","message":"{\"method\":\"GET\",\"url\":\"/api/v1/videos/\",\"status\":\"304\",\"responseTime\":\"163.407\"}","timestamp":"2025-12-01T11:34:57.362Z"}
{"level":"\u001b[32minfo\u001b[39m","message":"{\"method\":\"GET\",\"url\":\"/api/v1/dashboard/videos\",\"status\":\"200\",\"responseTime\":\"123.907\"}","timestamp":"2025-12-01T11:34:59.057Z"}
{"level":"\u001b[32minfo\u001b[39m","message":"{\"method\":\"GET\",\"url\":\"/api/v1/dashboard/stats\",\"status\":\"200\",\"responseTime\":\"316.695\"}","timestamp":"2025-12-01T11:34:59.233Z"}
{"level":"\u001b[32minfo\u001b[39m","message":"{\"method\":\"GET\",\"url\":\"/api/v1/dashboard/videos\",\"status\":\"304\",\"responseTime\":\"205.163\"}","timestamp":"2025-12-01T11:34:59.271Z"}
{"level":"\u001b[32minfo\u001b[39m","message":"{\"method\":\"GET\",\"url\":\"/api/v1/dashboard/stats\",\"status\":\"304\",\"responseTime\":\"600.045\"}","timestamp":"2025-12-01T11:34:59.844Z"}
{"level":"\u001b[32minfo\u001b[39m","message":"{\"method\":\"GET\",\"url\":\"/api/v1/videos/\",\"status\":\"304\",\"responseTime\":\"250.416\"}","timestamp":"2025-12-01T11:35:02.102Z"}
{"level":"\u001b[32minfo\u001b[39m","message":"{\"method\":\"GET\",\"url\":\"/api/v1/tweets/\",\"status\":\"304\",\"responseTime\":\"230.392\"}","timestamp":"2025-12-01T11:35:02.105Z"}
{"level":"\u001b[32minfo\u001b[39m","message":"{\"method\":\"GET\",\"url\":\"/api/v1/videos/\",\"status\":\"304\",\"responseTime\":\"204.010\"}","timestamp":"2025-12-01T11:35:02.317Z"}
{"level":"\u001b[32minfo\u001b[39m","message":"{\"method\":\"GET\",\"url\":\"/api/v1/tweets/\",\"status\":\"304\",\"responseTime\":\"206.272\"}","timestamp":"2025-12-01T11:35:02.320Z"}
{"level":"\u001b[32minfo\u001b[39m","message":"{\"method\":\"GET\",\"url\":\"/api/v1/dashboard/videos\",\"status\":\"304\",\"responseTime\":\"343.565\"}","timestamp":"2025-12-01T11:35:04.454Z"}
{"level":"\u001b[32minfo\u001b[39m","message":"{\"method\":\"GET\",\"url\":\"/api/v1/dashboard/videos\",\"status\":\"304\",\"responseTime\":\"299.873\"}","timestamp":"2025-12-01T11:35:04.761Z"}
{"level":"\u001b[32minfo\u001b[39m","message":"{\"method\":\"GET\",\"url\":\"/api/v1/dashboard/stats\",\"status\":\"304\",\"responseTime\":\"670.828\"}","timestamp":"2025-12-01T11:35:04.763Z"}
{"level":"\u001b[32minfo\u001b[39m","message":"{\"method\":\"GET\",\"url\":\"/api/v1/dashboard/stats\",\"status\":\"304\",\"responseTime\":\"512.242\"}","timestamp":"2025-12-01T11:35:05.284Z"}
{"level":"\u001b[32minfo\u001b[39m","message":"{\"method\":\"PATCH\",\"url\":\"/api/v1/videos/toggle/publish/6928997c696e5d9c996d304b\",\"status\":\"200\",\"responseTime\":\"274.275\"}","timestamp":"2025-12-01T11:35:11.828Z"}
{"level":"\u001b[32minfo\u001b[39m","message":"{\"method\":\"PATCH\",\"url\":\"/api/v1/videos/toggle/publish/6928997c696e5d9c996d304b\",\"status\":\"200\",\"responseTime\":\"359.647\"}","timestamp":"2025-12-01T11:35:14.798Z"}
{"level":"\u001b[32minfo\u001b[39m","message":"{\"method\":\"PATCH\",\"url\":\"/api/v1/users/theme\",\"status\":\"200\",\"responseTime\":\"229.389\"}","timestamp":"2025-12-01T11:35:18.588Z"}
{"level":"\u001b[32minfo\u001b[39m","message":"{\"method\":\"PATCH\",\"url\":\"/api/v1/users/theme\",\"status\":\"200\",\"responseTime\":\"214.660\"}","timestamp":"2025-12-01T11:35:19.512Z"}
{"level":"\u001b[32minfo\u001b[39m","message":"{\"method\":\"GET\",\"url\":\"/api/v1/tweets/\",\"status\":\"304\",\"responseTime\":\"147.443\"}","timestamp":"2025-12-01T11:35:20.738Z"}
{"level":"\u001b[32minfo\u001b[39m","message":"{\"method\":\"GET\",\"url\":\"/api/v1/videos/\",\"status\":\"200\",\"responseTime\":\"174.062\"}","timestamp":"2025-12-01T11:35:20.744Z"}
{"level":"\u001b[32minfo\u001b[39m","message":"{\"method\":\"GET\",\"url\":\"/api/v1/tweets/\",\"status\":\"304\",\"responseTime\":\"118.667\"}","timestamp":"2025-12-01T11:35:20.867Z"}
{"level":"\u001b[32minfo\u001b[39m","message":"{\"method\":\"GET\",\"url\":\"/api/v1/videos/\",\"status\":\"304\",\"responseTime\":\"118.881\"}","timestamp":"2025-12-01T11:35:20.872Z"}
{"level":"\u001b[32minfo\u001b[39m","message":"{\"method\":\"GET\",\"url\":\"/api/v1/notifications/unread-count\",\"status\":\"304\",\"responseTime\":\"117.668\"}","timestamp":"2025-12-01T11:35:27.860Z"}
{"level":"\u001b[32minfo\u001b[39m","message":"{\"method\":\"GET\",\"url\":\"/api/v1/notifications/unread-count\",\"status\":\"304\",\"responseTime\":\"180.841\"}","timestamp":"2025-12-01T11:36:27.915Z"}
{"level":"\u001b[32minfo\u001b[39m","message":"{\"method\":\"GET\",\"url\":\"/api/v1/notifications/unread-count\",\"status\":\"304\",\"responseTime\":\"183.782\"}","timestamp":"2025-12-01T11:37:28.640Z"}
{"level":"\u001b[32minfo\u001b[39m","message":"{\"method\":\"GET\",\"url\":\"/api/v1/notifications/unread-count\",\"status\":\"304\",\"responseTime\":\"121.483\"}","timestamp":"2025-12-01T11:38:28.594Z"}
{"level":"\u001b[32minfo\u001b[39m","message":"{\"method\":\"POST\",\"url\":\"/api/v1/tweets/\",\"status\":\"500\",\"responseTime\":\"345.253\"}","timestamp":"2025-12-01T11:39:08.287Z"}
{"level":"\u001b[32minfo\u001b[39m","message":"{\"method\":\"GET\",\"url\":\"/api/v1/notifications/unread-count\",\"status\":\"304\",\"responseTime\":\"192.687\"}","timestamp":"2025-12-01T11:39:28.665Z"}
{"level":"\u001b[32minfo\u001b[39m","message":"Environment variables loaded from .env file","timestamp":"2025-12-01T11:40:10.096Z"}
{"level":"\u001b[32minfo\u001b[39m","message":"Connecting to the database...","timestamp":"2025-12-01T11:40:10.101Z"}
{"level":"\u001b[32minfo\u001b[39m","message":"Connected to the database successfully \n Database Name: vidtube \n Host: ac-umfmukq-shard-00-00.vu6akeu.mongodb.net \n Port: 27017","timestamp":"2025-12-01T11:40:11.571Z"}
{"level":"\u001b[32minfo\u001b[39m","message":"Server is running on port 3000","timestamp":"2025-12-01T11:40:11.578Z"}
{"level":"\u001b[32minfo\u001b[39m","message":"{\"method\":\"POST\",\"url\":\"/api/v1/tweets/\",\"status\":\"500\",\"responseTime\":\"454.654\"}","timestamp":"2025-12-01T11:40:14.146Z"}
{"level":"\u001b[32minfo\u001b[39m","message":"Environment variables loaded from .env file","timestamp":"2025-12-01T11:40:23.807Z"}
{"level":"\u001b[32minfo\u001b[39m","message":"Connecting to the database...","timestamp":"2025-12-01T11:40:23.811Z"}
{"level":"\u001b[32minfo\u001b[39m","message":"Connected to the database successfully \n Database Name: vidtube \n Host: ac-umfmukq-shard-00-01.vu6akeu.mongodb.net \n Port: 27017","timestamp":"2025-12-01T11:40:24.890Z"}
{"level":"\u001b[32minfo\u001b[39m","message":"Server is running on port 3000","timestamp":"2025-12-01T11:40:24.895Z"}
{"level":"\u001b[32minfo\u001b[39m","message":"{\"method\":\"GET\",\"url\":\"/api/v1/notifications/unread-count\",\"status\":\"304\",\"responseTime\":\"172.486\"}","timestamp":"2025-12-01T11:40:28.644Z"}
{"level":"\u001b[32minfo\u001b[39m","message":"Environment variables loaded from .env file","timestamp":"2025-12-01T11:40:51.686Z"}
{"level":"\u001b[32minfo\u001b[39m","message":"Connecting to the database...","timestamp":"2025-12-01T11:40:51.690Z"}
{"level":"\u001b[32minfo\u001b[39m","message":"Connected to the database successfully \n Database Name: vidtube \n Host: ac-umfmukq-shard-00-02.vu6akeu.mongodb.net \n Port: 27017","timestamp":"2025-12-01T11:40:53.355Z"}
{"level":"\u001b[32minfo\u001b[39m","message":"Server is running on port 3000","timestamp":"2025-12-01T11:40:53.362Z"}
{"level":"\u001b[32minfo\u001b[39m","message":"{\"method\":\"POST\",\"url\":\"/api/v1/tweets/\",\"status\":\"500\",\"responseTime\":\"569.101\"}","timestamp":"2025-12-01T11:41:02.371Z"}
{"level":"\u001b[32minfo\u001b[39m","message":"Environment variables loaded from .env file","timestamp":"2025-12-01T11:41:13.170Z"}
{"level":"\u001b[32minfo\u001b[39m","message":"Connecting to the database...","timestamp":"2025-12-01T11:41:13.175Z"}
{"level":"\u001b[32minfo\u001b[39m","message":"Connected to the database successfully \n Database Name: vidtube \n Host: ac-umfmukq-shard-00-00.vu6akeu.mongodb.net \n Port: 27017","timestamp":"2025-12-01T11:41:14.354Z"}
{"level":"\u001b[32minfo\u001b[39m","message":"Server is running on port 3000","timestamp":"2025-12-01T11:41:14.361Z"}
{"level":"\u001b[32minfo\u001b[39m","message":"{\"method\":\"POST\",\"url\":\"/api/v1/tweets/\",\"status\":\"201\",\"responseTime\":\"368.292\"}","timestamp":"2025-12-01T11:41:15.996Z"}
{"level":"\u001b[32minfo\u001b[39m","message":"{\"method\":\"GET\",\"url\":\"/api/v1/users/u/692891628b3cde57350a5bfa\",\"status\":\"304\",\"responseTime\":\"250.177\"}","timestamp":"2025-12-01T11:41:16.292Z"}
{"level":"\u001b[32minfo\u001b[39m","message":"{\"method\":\"GET\",\"url\":\"/api/v1/users/u/692891628b3cde57350a5bfa\",\"status\":\"304\",\"responseTime\":\"102.501\"}","timestamp":"2025-12-01T11:41:16.401Z"}
{"level":"\u001b[32minfo\u001b[39m","message":"{\"method\":\"GET\",\"url\":\"/api/v1/notifications/unread-count\",\"status\":\"304\",\"responseTime\":\"218.753\"}","timestamp":"2025-12-01T11:41:28.687Z"}
{"level":"\u001b[32minfo\u001b[39m","message":"Environment variables loaded from .env file","timestamp":"2025-12-01T11:41:59.851Z"}
{"level":"\u001b[32minfo\u001b[39m","message":"Connecting to the database...","timestamp":"2025-12-01T11:41:59.855Z"}
{"level":"\u001b[32minfo\u001b[39m","message":"Connected to the database successfully \n Database Name: vidtube \n Host: ac-umfmukq-shard-00-00.vu6akeu.mongodb.net \n Port: 27017","timestamp":"2025-12-01T11:42:00.853Z"}
{"level":"\u001b[32minfo\u001b[39m","message":"Server is running on port 3000","timestamp":"2025-12-01T11:42:00.860Z"}
{"level":"\u001b[32minfo\u001b[39m","message":"{\"method\":\"POST\",\"url\":\"/api/v1/tweets/\",\"status\":\"500\",\"responseTime\":\"541.317\"}","timestamp":"2025-12-01T11:42:11.500Z"}
{"level":"\u001b[32minfo\u001b[39m","message":"{\"method\":\"GET\",\"url\":\"/api/v1/notifications/unread-count\",\"status\":\"304\",\"responseTime\":\"97.295\"}","timestamp":"2025-12-01T11:42:28.560Z"}
{"level":"\u001b[32minfo\u001b[39m","message":"{\"method\":\"GET\",\"url\":\"/api/v1/notifications/unread-count\",\"status\":\"304\",\"responseTime\":\"157.468\"}","timestamp":"2025-12-01T11:43:29.629Z"}
{"level":"\u001b[32minfo\u001b[39m","message":"{\"method\":\"GET\",\"url\":\"/api/v1/notifications/unread-count\",\"status\":\"304\",\"responseTime\":\"143.737\"}","timestamp":"2025-12-01T11:44:29.612Z"}
{"level":"\u001b[32minfo\u001b[39m","message":"{\"method\":\"GET\",\"url\":\"/api/v1/notifications/unread-count\",\"status\":\"304\",\"responseTime\":\"152.561\"}","timestamp":"2025-12-01T11:45:29.624Z"}
{"level":"\u001b[32minfo\u001b[39m","message":"{\"method\":\"GET\",\"url\":\"/api/v1/notifications/unread-count\",\"status\":\"304\",\"responseTime\":\"185.707\"}","timestamp":"2025-12-01T11:46:27.915Z"}
{"level":"\u001b[32minfo\u001b[39m","message":"{\"method\":\"GET\",\"url\":\"/api/v1/users/current-user\",\"status\":\"200\",\"responseTime\":\"115.691\"}","timestamp":"2025-12-01T11:46:29.556Z"}
{"level":"\u001b[32minfo\u001b[39m","message":"{\"method\":\"GET\",\"url\":\"/api/v1/users/current-user\",\"status\":\"304\",\"responseTime\":\"66.395\"}","timestamp":"2025-12-01T11:46:29.628Z"}
{"level":"\u001b[32minfo\u001b[39m","message":"{\"method\":\"GET\",\"url\":\"/api/v1/users/theme\",\"status\":\"200\",\"responseTime\":\"88.847\"}","timestamp":"2025-12-01T11:46:29.692Z"}
{"level":"\u001b[32minfo\u001b[39m","message":"{\"method\":\"GET\",\"url\":\"/api/v1/users/theme\",\"status\":\"304\",\"responseTime\":\"59.196\"}","timestamp":"2025-12-01T11:46:29.758Z"}
{"level":"\u001b[32minfo\u001b[39m","message":"{\"method\":\"GET\",\"url\":\"/api/v1/notifications/unread-count\",\"status\":\"304\",\"responseTime\":\"83.284\"}","timestamp":"2025-12-01T11:46:29.898Z"}
{"level":"\u001b[32minfo\u001b[39m","message":"{\"method\":\"GET\",\"url\":\"/api/v1/tweets/\",\"status\":\"200\",\"responseTime\":\"94.289\"}","timestamp":"2025-12-01T11:46:29.910Z"}
{"level":"\u001b[32minfo\u001b[39m","message":"{\"method\":\"GET\",\"url\":\"/api/v1/videos/\",\"status\":\"304\",\"responseTime\":\"105.070\"}","timestamp":"2025-12-01T11:46:29.922Z"}
{"level":"\u001b[32minfo\u001b[39m","message":"{\"method\":\"GET\",\"url\":\"/api/v1/notifications/unread-count\",\"status\":\"304\",\"responseTime\":\"93.512\"}","timestamp":"2025-12-01T11:46:29.998Z"}
{"level":"\u001b[32minfo\u001b[39m","message":"{\"method\":\"GET\",\"url\":\"/api/v1/tweets/\",\"status\":\"304\",\"responseTime\":\"81.626\"}","timestamp":"2025-12-01T11:46:30.007Z"}
{"level":"\u001b[32minfo\u001b[39m","message":"{\"method\":\"GET\",\"url\":\"/api/v1/videos/\",\"status\":\"304\",\"responseTime\":\"88.776\"}","timestamp":"2025-12-01T11:46:30.023Z"}
{"level":"\u001b[32minfo\u001b[39m","message":"{\"method\":\"GET\",\"url\":\"/api/v1/videos/692af1f38c717288f603c206\",\"status\":\"201\",\"responseTime\":\"280.454\"}","timestamp":"2025-12-01T11:46:32.318Z"}
{"level":"\u001b[32minfo\u001b[39m","message":"{\"method\":\"GET\",\"url\":\"/api/v1/comments/692af1f38c717288f603c206\",\"status\":\"201\",\"responseTime\":\"306.518\"}","timestamp":"2025-12-01T11:46:32.635Z"}
{"level":"\u001b[32minfo\u001b[39m","message":"{\"method\":\"GET\",\"url\":\"/api/v1/videos/692af1f38c717288f603c206\",\"status\":\"201\",\"responseTime\":\"316.352\"}","timestamp":"2025-12-01T11:46:32.642Z"}
{"level":"\u001b[32minfo\u001b[39m","message":"{\"method\":\"GET\",\"url\":\"/api/v1/comments/692af1f38c717288f603c206\",\"status\":\"201\",\"responseTime\":\"201.303\"}","timestamp":"2025-12-01T11:46:32.862Z"}
{"0":"692af1f38c717288f603c206","1":"692ac42f47df639c9b6f7cdb","2":"692898da696e5d9c996d3046","3":"6928997c696e5d9c996d304b","4":"6928961613409b594dc01255","level":"\u001b[32minfo\u001b[39m","message":"Updated watch history: ","timestamp":"2025-12-01T11:46:32.932Z"}
{"level":"\u001b[32minfo\u001b[39m","message":"{\"method\":\"PATCH\",\"url\":\"/api/v1/users/history/add/692af1f38c717288f603c206\",\"status\":\"200\",\"responseTime\":\"282.327\"}","timestamp":"2025-12-01T11:46:32.935Z"}
{"level":"\u001b[32minfo\u001b[39m","message":"{\"method\":\"PATCH\",\"url\":\"/api/v1/videos/views/692af1f38c717288f603c206\",\"status\":\"200\",\"responseTime\":\"493.690\"}","timestamp":"2025-12-01T11:46:33.443Z"}
{"0":"692af1f38c717288f603c206","1":"692ac42f47df639c9b6f7cdb","2":"692898da696e5d9c996d3046","3":"6928997c696e5d9c996d304b","4":"6928961613409b594dc01255","level":"\u001b[32minfo\u001b[39m","message":"Updated watch history: ","timestamp":"2025-12-01T11:46:33.500Z"}
{"level":"\u001b[32minfo\u001b[39m","message":"{\"method\":\"PATCH\",\"url\":\"/api/v1/users/history/add/692af1f38c717288f603c206\",\"status\":\"200\",\"responseTime\":\"622.309\"}","timestamp":"2025-12-01T11:46:33.501Z"}
{"level":"\u001b[32minfo\u001b[39m","message":"{\"method\":\"PATCH\",\"url\":\"/api/v1/videos/views/692af1f38c717288f603c206\",\"status\":\"200\",\"responseTime\":\"236.577\"}","timestamp":"2025-12-01T11:46:33.750Z"}
{"level":"\u001b[32minfo\u001b[39m","message":"{\"method\":\"GET\",\"url\":\"/api/v1/notifications/unread-count\",\"status\":\"304\",\"responseTime\":\"192.082\"}","timestamp":"2025-12-01T11:47:28.649Z"}
{"level":"\u001b[32minfo\u001b[39m","message":"{\"method\":\"GET\",\"url\":\"/api/v1/notifications/unread-count\",\"status\":\"304\",\"responseTime\":\"225.061\"}","timestamp":"2025-12-01T11:47:30.697Z"}
{"level":"\u001b[32minfo\u001b[39m","message":"{\"method\":\"GET\",\"url\":\"/api/v1/notifications/unread-count\",\"status\":\"304\",\"responseTime\":\"216.724\"}","timestamp":"2025-12-01T11:48:29.679Z"}
{"level":"\u001b[32minfo\u001b[39m","message":"{\"method\":\"GET\",\"url\":\"/api/v1/notifications/unread-count\",\"status\":\"304\",\"responseTime\":\"247.744\"}","timestamp":"2025-12-01T11:48:30.706Z"}
{"level":"\u001b[32minfo\u001b[39m","message":"{\"method\":\"GET\",\"url\":\"/api/v1/notifications/unread-count\",\"status\":\"304\",\"responseTime\":\"166.683\"}","timestamp":"2025-12-01T11:49:29.693Z"}
{"level":"\u001b[32minfo\u001b[39m","message":"{\"method\":\"GET\",\"url\":\"/api/v1/notifications/unread-count\",\"status\":\"304\",\"responseTime\":\"258.717\"}","timestamp":"2025-12-01T11:49:30.720Z"}
{"level":"\u001b[32minfo\u001b[39m","message":"Environment variables loaded from .env file","timestamp":"2025-12-01T11:49:51.571Z"}
{"level":"\u001b[32minfo\u001b[39m","message":"Connecting to the database...","timestamp":"2025-12-01T11:49:51.579Z"}
{"level":"\u001b[32minfo\u001b[39m","message":"Connected to the database successfully \n Database Name: vidtube \n Host: ac-umfmukq-shard-00-00.vu6akeu.mongodb.net \n Port: 27017","timestamp":"2025-12-01T11:49:52.638Z"}
{"level":"\u001b[32minfo\u001b[39m","message":"Server is running on port 3000","timestamp":"2025-12-01T11:49:52.644Z"}
{"level":"\u001b[32minfo\u001b[39m","message":"{\"method\":\"POST\",\"url\":\"/api/v1/tweets/\",\"status\":\"500\",\"responseTime\":\"603.028\"}","timestamp":"2025-12-01T11:49:57.864Z"}
{"level":"\u001b[32minfo\u001b[39m","message":"{\"method\":\"GET\",\"url\":\"/api/v1/notifications/unread-count\",\"status\":\"304\",\"responseTime\":\"217.473\"}","timestamp":"2025-12-01T11:50:28.685Z"}
{"level":"\u001b[32minfo\u001b[39m","message":"{\"method\":\"GET\",\"url\":\"/api/v1/notifications/unread-count\",\"status\":\"304\",\"responseTime\":\"167.105\"}","timestamp":"2025-12-01T11:50:30.628Z"}
{"level":"\u001b[32minfo\u001b[39m","message":"{\"method\":\"GET\",\"url\":\"/api/v1/notifications/unread-count\",\"status\":\"304\",\"responseTime\":\"240.723\"}","timestamp":"2025-12-01T11:51:29.717Z"}
{"level":"\u001b[32minfo\u001b[39m","message":"{\"method\":\"GET\",\"url\":\"/api/v1/notifications/unread-count\",\"status\":\"304\",\"responseTime\":\"178.850\"}","timestamp":"2025-12-01T11:51:30.638Z"}
{"level":"\u001b[32minfo\u001b[39m","message":"{\"method\":\"GET\",\"url\":\"/api/v1/notifications/unread-count\",\"status\":\"304\",\"responseTime\":\"258.058\"}","timestamp":"2025-12-01T11:52:29.724Z"}
{"level":"\u001b[32minfo\u001b[39m","message":"{\"method\":\"GET\",\"url\":\"/api/v1/notifications/unread-count\",\"status\":\"304\",\"responseTime\":\"175.755\"}","timestamp":"2025-12-01T11:52:30.645Z"}
{"level":"\u001b[32minfo\u001b[39m","message":"{\"method\":\"GET\",\"url\":\"/api/v1/notifications/unread-count\",\"status\":\"304\",\"responseTime\":\"259.120\"}","timestamp":"2025-12-01T11:53:29.729Z"}
{"level":"\u001b[32minfo\u001b[39m","message":"{\"method\":\"GET\",\"url\":\"/api/v1/notifications/unread-count\",\"status\":\"304\",\"responseTime\":\"181.513\"}","timestamp":"2025-12-01T11:54:29.646Z"}
{"level":"\u001b[32minfo\u001b[39m","message":"{\"method\":\"GET\",\"url\":\"/api/v1/notifications/unread-count\",\"status\":\"304\",\"responseTime\":\"197.695\"}","timestamp":"2025-12-01T11:54:29.850Z"}
{"level":"\u001b[32minfo\u001b[39m","message":"{\"method\":\"GET\",\"url\":\"/api/v1/notifications/unread-count\",\"status\":\"304\",\"responseTime\":\"188.584\"}","timestamp":"2025-12-01T11:55:29.658Z"}
{"level":"\u001b[32minfo\u001b[39m","message":"{\"method\":\"GET\",\"url\":\"/api/v1/notifications/unread-count\",\"status\":\"304\",\"responseTime\":\"195.292\"}","timestamp":"2025-12-01T11:56:29.666Z"}
{"level":"\u001b[32minfo\u001b[39m","message":"{\"method\":\"GET\",\"url\":\"/api/v1/notifications/unread-count\",\"status\":\"304\",\"responseTime\":\"198.757\"}","timestamp":"2025-12-01T11:56:29.870Z"}
{"level":"\u001b[32minfo\u001b[39m","message":"{\"method\":\"GET\",\"url\":\"/api/v1/notifications/unread-count\",\"status\":\"304\",\"responseTime\":\"99.262\"}","timestamp":"2025-12-01T11:57:29.572Z"}
{"level":"\u001b[32minfo\u001b[39m","message":"{\"method\":\"GET\",\"url\":\"/api/v1/notifications/unread-count\",\"status\":\"304\",\"responseTime\":\"230.314\"}","timestamp":"2025-12-01T11:58:29.686Z"}
{"level":"\u001b[32minfo\u001b[39m","message":"{\"method\":\"GET\",\"url\":\"/api/v1/notifications/unread-count\",\"status\":\"304\",\"responseTime\":\"194.599\"}","timestamp":"2025-12-01T11:58:29.888Z"}
{"level":"\u001b[32minfo\u001b[39m","message":"{\"method\":\"GET\",\"url\":\"/api/v1/notifications/unread-count\",\"status\":\"304\",\"responseTime\":\"120.363\"}","timestamp":"2025-12-01T11:59:29.593Z"}
{"level":"\u001b[32minfo\u001b[39m","message":"{\"method\":\"GET\",\"url\":\"/api/v1/notifications/unread-count\",\"status\":\"304\",\"responseTime\":\"250.400\"}","timestamp":"2025-12-01T12:00:29.716Z"}
{"level":"\u001b[32minfo\u001b[39m","message":"{\"method\":\"GET\",\"url\":\"/api/v1/notifications/unread-count\",\"status\":\"304\",\"responseTime\":\"187.827\"}","timestamp":"2025-12-01T12:00:29.911Z"}
{"level":"\u001b[32minfo\u001b[39m","message":"{\"method\":\"GET\",\"url\":\"/api/v1/notifications/unread-count\",\"status\":\"304\",\"responseTime\":\"247.192\"}","timestamp":"2025-12-01T12:01:29.720Z"}
{"level":"\u001b[32minfo\u001b[39m","message":"{\"method\":\"GET\",\"url\":\"/api/v1/notifications/unread-count\",\"status\":\"304\",\"responseTime\":\"157.366\"}","timestamp":"2025-12-01T12:02:29.625Z"}
{"level":"\u001b[32minfo\u001b[39m","message":"{\"method\":\"GET\",\"url\":\"/api/v1/notifications/unread-count\",\"status\":\"304\",\"responseTime\":\"207.954\"}","timestamp":"2025-12-01T12:02:29.839Z"}
{"level":"\u001b[32minfo\u001b[39m","message":"{\"method\":\"GET\",\"url\":\"/api/v1/notifications/unread-count\",\"status\":\"304\",\"responseTime\":\"159.900\"}","timestamp":"2025-12-01T12:03:29.632Z"}
{"level":"\u001b[32minfo\u001b[39m","message":"{\"method\":\"GET\",\"url\":\"/api/v1/notifications/unread-count\",\"status\":\"304\",\"responseTime\":\"188.245\"}","timestamp":"2025-12-01T12:04:29.644Z"}
{"level":"\u001b[32minfo\u001b[39m","message":"{\"method\":\"GET\",\"url\":\"/api/v1/notifications/unread-count\",\"status\":\"304\",\"responseTime\":\"198.940\"}","timestamp":"2025-12-01T12:04:29.849Z"}
{"level":"\u001b[32minfo\u001b[39m","message":"{\"method\":\"GET\",\"url\":\"/api/v1/notifications/unread-count\",\"status\":\"304\",\"responseTime\":\"1017.362\"}","timestamp":"2025-12-01T12:30:20.214Z"}
{"level":"\u001b[32minfo\u001b[39m","message":"{\"method\":\"GET\",\"url\":\"/api/v1/users/current-user\",\"status\":\"200\",\"responseTime\":\"514.037\"}","timestamp":"2025-12-01T12:30:20.658Z"}
{"level":"\u001b[32minfo\u001b[39m","message":"{\"method\":\"GET\",\"url\":\"/api/v1/users/current-user\",\"status\":\"304\",\"responseTime\":\"103.532\"}","timestamp":"2025-12-01T12:30:20.768Z"}
{"level":"\u001b[32minfo\u001b[39m","message":"{\"method\":\"GET\",\"url\":\"/api/v1/users/theme\",\"status\":\"304\",\"responseTime\":\"116.080\"}","timestamp":"2025-12-01T12:30:20.794Z"}
{"level":"\u001b[32minfo\u001b[39m","message":"{\"method\":\"GET\",\"url\":\"/api/v1/users/current-user\",\"status\":\"304\",\"responseTime\":\"39.940\"}","timestamp":"2025-12-01T12:30:20.816Z"}
{"level":"\u001b[32minfo\u001b[39m","message":"{\"method\":\"GET\",\"url\":\"/api/v1/users/theme\",\"status\":\"304\",\"responseTime\":\"101.489\"}","timestamp":"2025-12-01T12:30:20.904Z"}
{"level":"\u001b[32minfo\u001b[39m","message":"{\"method\":\"GET\",\"url\":\"/api/v1/users/current-user\",\"status\":\"304\",\"responseTime\":\"104.548\"}","timestamp":"2025-12-01T12:30:20.927Z"}
{"level":"\u001b[32minfo\u001b[39m","message":"{\"method\":\"GET\",\"url\":\"/api/v1/users/theme\",\"status\":\"304\",\"responseTime\":\"135.719\"}","timestamp":"2025-12-01T12:30:21.046Z"}
{"level":"\u001b[32minfo\u001b[39m","message":"{\"method\":\"GET\",\"url\":\"/api/v1/tweets/\",\"status\":\"200\",\"responseTime\":\"164.437\"}","timestamp":"2025-12-01T12:30:21.049Z"}
{"level":"\u001b[32minfo\u001b[39m","message":"{\"method\":\"GET\",\"url\":\"/api/v1/users/theme\",\"status\":\"304\",\"responseTime\":\"36.504\"}","timestamp":"2025-12-01T12:30:21.090Z"}
{"level":"\u001b[32minfo\u001b[39m","message":"{\"method\":\"GET\",\"url\":\"/api/v1/tweets/\",\"status\":\"304\",\"responseTime\":\"435.706\"}","timestamp":"2025-12-01T12:30:21.493Z"}
{"level":"\u001b[32minfo\u001b[39m","message":"{\"method\":\"GET\",\"url\":\"/api/v1/videos/692af1f38c717288f603c206\",\"status\":\"201\",\"responseTime\":\"394.379\"}","timestamp":"2025-12-01T12:30:21.530Z"}
{"level":"\u001b[32minfo\u001b[39m","message":"{\"method\":\"GET\",\"url\":\"/api/v1/notifications/unread-count\",\"status\":\"200\",\"responseTime\":\"755.395\"}","timestamp":"2025-12-01T12:30:21.633Z"}
{"level":"\u001b[32minfo\u001b[39m","message":"{\"method\":\"GET\",\"url\":\"/api/v1/notifications/unread-count\",\"status\":\"304\",\"responseTime\":\"161.454\"}","timestamp":"2025-12-01T12:30:21.807Z"}
{"level":"\u001b[32minfo\u001b[39m","message":"{\"method\":\"GET\",\"url\":\"/api/v1/comments/692af1f38c717288f603c206\",\"status\":\"201\",\"responseTime\":\"357.007\"}","timestamp":"2025-12-01T12:30:21.903Z"}
{"level":"\u001b[32minfo\u001b[39m","message":"{\"method\":\"GET\",\"url\":\"/api/v1/notifications/unread-count\",\"status\":\"304\",\"responseTime\":\"233.309\"}","timestamp":"2025-12-01T12:30:22.045Z"}
{"level":"\u001b[32minfo\u001b[39m","message":"{\"method\":\"GET\",\"url\":\"/api/v1/videos/\",\"status\":\"200\",\"responseTime\":\"1170.144\"}","timestamp":"2025-12-01T12:30:22.053Z"}
{"level":"\u001b[32minfo\u001b[39m","message":"{\"method\":\"GET\",\"url\":\"/api/v1/notifications/unread-count\",\"status\":\"304\",\"responseTime\":\"134.607\"}","timestamp":"2025-12-01T12:30:22.190Z"}
{"level":"\u001b[32minfo\u001b[39m","message":"{\"method\":\"GET\",\"url\":\"/api/v1/videos/692af1f38c717288f603c206\",\"status\":\"201\",\"responseTime\":\"656.642\"}","timestamp":"2025-12-01T12:30:22.194Z"}
{"level":"\u001b[32minfo\u001b[39m","message":"{\"method\":\"GET\",\"url\":\"/api/v1/videos/\",\"status\":\"304\",\"responseTime\":\"137.638\"}","timestamp":"2025-12-01T12:30:22.199Z"}
{"0":"692af1f38c717288f603c206","1":"692ac42f47df639c9b6f7cdb","2":"692898da696e5d9c996d3046","3":"6928997c696e5d9c996d304b","4":"6928961613409b594dc01255","level":"\u001b[32minfo\u001b[39m","message":"Updated watch history: ","timestamp":"2025-12-01T12:30:22.215Z"}
{"level":"\u001b[32minfo\u001b[39m","message":"{\"method\":\"PATCH\",\"url\":\"/api/v1/users/history/add/692af1f38c717288f603c206\",\"status\":\"200\",\"responseTime\":\"303.088\"}","timestamp":"2025-12-01T12:30:22.217Z"}
{"level":"\u001b[32minfo\u001b[39m","message":"{\"method\":\"GET\",\"url\":\"/api/v1/comments/692af1f38c717288f603c206\",\"status\":\"201\",\"responseTime\":\"210.427\"}","timestamp":"2025-12-01T12:30:22.416Z"}
{"level":"\u001b[32minfo\u001b[39m","message":"{\"method\":\"PATCH\",\"url\":\"/api/v1/videos/views/692af1f38c717288f603c206\",\"status\":\"200\",\"responseTime\":\"220.851\"}","timestamp":"2025-12-01T12:30:22.450Z"}
{"0":"692af1f38c717288f603c206","1":"692ac42f47df639c9b6f7cdb","2":"692898da696e5d9c996d3046","3":"6928997c696e5d9c996d304b","4":"6928961613409b594dc01255","level":"\u001b[32minfo\u001b[39m","message":"Updated watch history: ","timestamp":"2025-12-01T12:30:22.703Z"}
{"level":"\u001b[32minfo\u001b[39m","message":"{\"method\":\"PATCH\",\"url\":\"/api/v1/users/history/add/692af1f38c717288f603c206\",\"status\":\"200\",\"responseTime\":\"276.894\"}","timestamp":"2025-12-01T12:30:22.705Z"}
{"level":"\u001b[32minfo\u001b[39m","message":"{\"method\":\"PATCH\",\"url\":\"/api/v1/videos/views/692af1f38c717288f603c206\",\"status\":\"200\",\"responseTime\":\"253.698\"}","timestamp":"2025-12-01T12:30:22.973Z"}
{"level":"\u001b[32minfo\u001b[39m","message":"{\"method\":\"GET\",\"url\":\"/api/v1/notifications/unread-count\",\"status\":\"304\",\"responseTime\":\"166.504\"}","timestamp":"2025-12-01T12:31:21.630Z"}
{"level":"\u001b[32minfo\u001b[39m","message":"{\"method\":\"GET\",\"url\":\"/api/v1/notifications/unread-count\",\"status\":\"304\",\"responseTime\":\"198.464\"}","timestamp":"2025-12-01T12:31:21.835Z"}
{"level":"\u001b[32minfo\u001b[39m","message":"Environment variables loaded from .env file","timestamp":"2025-12-01T12:31:31.262Z"}
{"level":"\u001b[32minfo\u001b[39m","message":"Connecting to the database...","timestamp":"2025-12-01T12:31:31.266Z"}
{"level":"\u001b[32minfo\u001b[39m","message":"Connected to the database successfully \n Database Name: vidtube \n Host: ac-umfmukq-shard-00-00.vu6akeu.mongodb.net \n Port: 27017","timestamp":"2025-12-01T12:31:32.384Z"}
{"level":"\u001b[32minfo\u001b[39m","message":"Server is running on port 3000","timestamp":"2025-12-01T12:31:32.392Z"}
{"level":"\u001b[32minfo\u001b[39m","message":"{\"method\":\"POST\",\"url\":\"/api/v1/tweets/\",\"status\":\"201\",\"responseTime\":\"526.971\"}","timestamp":"2025-12-01T12:31:42.631Z"}
{"level":"\u001b[32minfo\u001b[39m","message":"{\"method\":\"GET\",\"url\":\"/api/v1/users/u/692891628b3cde57350a5bfa\",\"status\":\"304\",\"responseTime\":\"164.250\"}","timestamp":"2025-12-01T12:31:42.832Z"}
{"level":"\u001b[32minfo\u001b[39m","message":"{\"method\":\"GET\",\"url\":\"/api/v1/users/u/692891628b3cde57350a5bfa\",\"status\":\"304\",\"responseTime\":\"190.776\"}","timestamp":"2025-12-01T12:31:43.033Z"}
{"level":"\u001b[32minfo\u001b[39m","message":"{\"method\":\"POST\",\"url\":\"/api/v1/tweets/\",\"status\":\"201\",\"responseTime\":\"349.725\"}","timestamp":"2025-12-01T12:31:50.521Z"}
{"level":"\u001b[32minfo\u001b[39m","message":"{\"method\":\"GET\",\"url\":\"/api/v1/users/u/692891628b3cde57350a5bfa\",\"status\":\"304\",\"responseTime\":\"156.788\"}","timestamp":"2025-12-01T12:31:50.699Z"}
{"level":"\u001b[32minfo\u001b[39m","message":"{\"method\":\"GET\",\"url\":\"/api/v1/users/u/692891628b3cde57350a5bfa\",\"status\":\"304\",\"responseTime\":\"141.826\"}","timestamp":"2025-12-01T12:31:50.847Z"}
{"level":"\u001b[32minfo\u001b[39m","message":"{\"method\":\"GET\",\"url\":\"/api/v1/notifications/unread-count\",\"status\":\"304\",\"responseTime\":\"233.907\"}","timestamp":"2025-12-01T12:32:21.102Z"}
{"level":"\u001b[32minfo\u001b[39m","message":"{\"method\":\"GET\",\"url\":\"/api/v1/notifications/unread-count\",\"status\":\"304\",\"responseTime\":\"175.562\"}","timestamp":"2025-12-01T12:32:21.640Z"}
{"level":"\u001b[32minfo\u001b[39m","message":"{\"method\":\"GET\",\"url\":\"/api/v1/notifications/unread-count\",\"status\":\"304\",\"responseTime\":\"210.695\"}","timestamp":"2025-12-01T12:33:21.079Z"}
{"level":"\u001b[32minfo\u001b[39m","message":"{\"method\":\"GET\",\"url\":\"/api/v1/notifications/unread-count\",\"status\":\"304\",\"responseTime\":\"222.831\"}","timestamp":"2025-12-01T12:33:21.680Z"}
{"level":"\u001b[32minfo\u001b[39m","message":"{\"method\":\"GET\",\"url\":\"/api/v1/notifications/unread-count\",\"status\":\"304\",\"responseTime\":\"163.825\"}","timestamp":"2025-12-01T12:34:21.051Z"}
{"level":"\u001b[32minfo\u001b[39m","message":"{\"method\":\"GET\",\"url\":\"/api/v1/notifications/unread-count\",\"status\":\"304\",\"responseTime\":\"158.641\"}","timestamp":"2025-12-01T12:34:21.665Z"}
{"level":"\u001b[32minfo\u001b[39m","message":"Environment variables loaded from .env file","timestamp":"2025-12-01T15:16:40.418Z"}
{"level":"\u001b[32minfo\u001b[39m","message":"Connecting to the database...","timestamp":"2025-12-01T15:16:40.424Z"}
{"level":"\u001b[32minfo\u001b[39m","message":"Connected to the database successfully \n Database Name: vidtube \n Host: ac-umfmukq-shard-00-01.vu6akeu.mongodb.net \n Port: 27017","timestamp":"2025-12-01T15:16:41.324Z"}
{"level":"\u001b[32minfo\u001b[39m","message":"Server is running on port 3000","timestamp":"2025-12-01T15:16:41.329Z"}
{"level":"\u001b[32minfo\u001b[39m","message":"{\"method\":\"GET\",\"url\":\"/api/v1/notifications/unread-count\",\"status\":\"304\",\"responseTime\":\"241.575\"}","timestamp":"2025-12-01T15:17:29.724Z"}
{"level":"\u001b[32minfo\u001b[39m","message":"{\"method\":\"GET\",\"url\":\"/api/v1/notifications/unread-count\",\"status\":\"304\",\"responseTime\":\"192.431\"}","timestamp":"2025-12-01T15:17:29.924Z"}
{"level":"\u001b[32minfo\u001b[39m","message":"{\"method\":\"GET\",\"url\":\"/api/v1/notifications/unread-count\",\"status\":\"304\",\"responseTime\":\"160.389\"}","timestamp":"2025-12-01T15:18:28.576Z"}
{"level":"\u001b[32minfo\u001b[39m","message":"{\"method\":\"GET\",\"url\":\"/api/v1/notifications/unread-count\",\"status\":\"304\",\"responseTime\":\"241.689\"}","timestamp":"2025-12-01T15:18:28.884Z"}
{"level":"\u001b[32minfo\u001b[39m","message":"{\"method\":\"GET\",\"url\":\"/api/v1/notifications/unread-count\",\"status\":\"304\",\"responseTime\":\"181.087\"}","timestamp":"2025-12-01T15:19:28.582Z"}
{"level":"\u001b[32minfo\u001b[39m","message":"{\"method\":\"GET\",\"url\":\"/api/v1/notifications/unread-count\",\"status\":\"304\",\"responseTime\":\"195.206\"}","timestamp":"2025-12-01T15:19:28.785Z"}
{"level":"\u001b[32minfo\u001b[39m","message":"{\"method\":\"GET\",\"url\":\"/api/v1/notifications/unread-count\",\"status\":\"304\",\"responseTime\":\"183.848\"}","timestamp":"2025-12-01T15:20:28.588Z"}
{"level":"\u001b[32minfo\u001b[39m","message":"{\"method\":\"GET\",\"url\":\"/api/v1/notifications/unread-count\",\"status\":\"304\",\"responseTime\":\"198.680\"}","timestamp":"2025-12-01T15:20:28.793Z"}
{"level":"\u001b[32minfo\u001b[39m","message":"{\"method\":\"GET\",\"url\":\"/api/v1/notifications/unread-count\",\"status\":\"304\",\"responseTime\":\"197.400\"}","timestamp":"2025-12-01T15:21:28.607Z"}
{"level":"\u001b[32minfo\u001b[39m","message":"{\"method\":\"GET\",\"url\":\"/api/v1/notifications/unread-count\",\"status\":\"304\",\"responseTime\":\"196.422\"}","timestamp":"2025-12-01T15:21:28.812Z"}
{"level":"\u001b[32minfo\u001b[39m","message":"{\"method\":\"GET\",\"url\":\"/api/v1/notifications/unread-count\",\"status\":\"304\",\"responseTime\":\"215.533\"}","timestamp":"2025-12-01T15:22:28.622Z"}
{"level":"\u001b[32minfo\u001b[39m","message":"{\"method\":\"GET\",\"url\":\"/api/v1/notifications/unread-count\",\"status\":\"304\",\"responseTime\":\"143.621\"}","timestamp":"2025-12-01T15:22:28.771Z"}
{"level":"\u001b[32minfo\u001b[39m","message":"{\"method\":\"GET\",\"url\":\"/api/v1/notifications/unread-count\",\"status\":\"304\",\"responseTime\":\"222.230\"}","timestamp":"2025-12-01T15:23:28.627Z"}
{"level":"\u001b[32minfo\u001b[39m","message":"{\"method\":\"GET\",\"url\":\"/api/v1/notifications/unread-count\",\"status\":\"304\",\"responseTime\":\"198.258\"}","timestamp":"2025-12-01T15:23:28.832Z"}
{"level":"\u001b[32minfo\u001b[39m","message":"{\"method\":\"GET\",\"url\":\"/api/v1/notifications/unread-count\",\"status\":\"304\",\"responseTime\":\"221.867\"}","timestamp":"2025-12-01T15:24:28.641Z"}
{"level":"\u001b[32minfo\u001b[39m","message":"{\"method\":\"GET\",\"url\":\"/api/v1/notifications/unread-count\",\"status\":\"304\",\"responseTime\":\"199.630\"}","timestamp":"2025-12-01T15:24:28.847Z"}
{"level":"\u001b[32minfo\u001b[39m","message":"{\"method\":\"GET\",\"url\":\"/api/v1/notifications/unread-count\",\"status\":\"304\",\"responseTime\":\"243.277\"}","timestamp":"2025-12-01T15:25:28.652Z"}
{"level":"\u001b[32minfo\u001b[39m","message":"{\"method\":\"GET\",\"url\":\"/api/v1/notifications/unread-count\",\"status\":\"304\",\"responseTime\":\"201.237\"}","timestamp":"2025-12-01T15:25:28.859Z"}
{"level":"\u001b[32minfo\u001b[39m","message":"{\"method\":\"GET\",\"url\":\"/api/v1/notifications/unread-count\",\"status\":\"304\",\"responseTime\":\"244.858\"}","timestamp":"2025-12-01T15:26:28.665Z"}
{"level":"\u001b[32minfo\u001b[39m","message":"{\"method\":\"GET\",\"url\":\"/api/v1/notifications/unread-count\",\"status\":\"304\",\"responseTime\":\"199.223\"}","timestamp":"2025-12-01T15:26:28.871Z"}
{"level":"\u001b[32minfo\u001b[39m","message":"{\"method\":\"GET\",\"url\":\"/api/v1/notifications/unread-count\",\"status\":\"304\",\"responseTime\":\"257.223\"}","timestamp":"2025-12-01T15:27:28.670Z"}
{"level":"\u001b[32minfo\u001b[39m","message":"{\"method\":\"GET\",\"url\":\"/api/v1/notifications/unread-count\",\"status\":\"304\",\"responseTime\":\"198.495\"}","timestamp":"2025-12-01T15:27:28.874Z"}
{"level":"\u001b[32minfo\u001b[39m","message":"{\"method\":\"GET\",\"url\":\"/api/v1/notifications/unread-count\",\"status\":\"304\",\"responseTime\":\"132.040\"}","timestamp":"2025-12-01T15:28:28.547Z"}
{"level":"\u001b[32minfo\u001b[39m","message":"{\"method\":\"GET\",\"url\":\"/api/v1/notifications/unread-count\",\"status\":\"304\",\"responseTime\":\"188.945\"}","timestamp":"2025-12-01T15:28:28.742Z"}
{"level":"\u001b[32minfo\u001b[39m","message":"{\"method\":\"GET\",\"url\":\"/api/v1/notifications/unread-count\",\"status\":\"304\",\"responseTime\":\"175.598\"}","timestamp":"2025-12-01T15:29:28.594Z"}
{"level":"\u001b[32minfo\u001b[39m","message":"{\"method\":\"GET\",\"url\":\"/api/v1/notifications/unread-count\",\"status\":\"304\",\"responseTime\":\"172.382\"}","timestamp":"2025-12-01T15:29:28.773Z"}
{"level":"\u001b[32minfo\u001b[39m","message":"{\"method\":\"GET\",\"url\":\"/api/v1/notifications/unread-count\",\"status\":\"304\",\"responseTime\":\"186.296\"}","timestamp":"2025-12-01T15:30:28.603Z"}
{"level":"\u001b[32minfo\u001b[39m","message":"{\"method\":\"GET\",\"url\":\"/api/v1/notifications/unread-count\",\"status\":\"304\",\"responseTime\":\"199.452\"}","timestamp":"2025-12-01T15:30:28.808Z"}
{"level":"\u001b[32minfo\u001b[39m","message":"{\"method\":\"GET\",\"url\":\"/api/v1/notifications/unread-count\",\"status\":\"304\",\"responseTime\":\"198.566\"}","timestamp":"2025-12-01T15:31:28.613Z"}
{"level":"\u001b[32minfo\u001b[39m","message":"{\"method\":\"GET\",\"url\":\"/api/v1/notifications/unread-count\",\"status\":\"304\",\"responseTime\":\"200.133\"}","timestamp":"2025-12-01T15:31:28.819Z"}
{"level":"\u001b[32minfo\u001b[39m","message":"{\"method\":\"GET\",\"url\":\"/api/v1/users/current-user\",\"status\":\"200\",\"responseTime\":\"86.213\"}","timestamp":"2025-12-01T15:32:19.515Z"}
{"level":"\u001b[32minfo\u001b[39m","message":"{\"method\":\"GET\",\"url\":\"/api/v1/users/current-user\",\"status\":\"304\",\"responseTime\":\"48.154\"}","timestamp":"2025-12-01T15:32:19.569Z"}
{"level":"\u001b[32minfo\u001b[39m","message":"{\"method\":\"GET\",\"url\":\"/api/v1/users/theme\",\"status\":\"304\",\"responseTime\":\"66.221\"}","timestamp":"2025-12-01T15:32:19.614Z"}
{"level":"\u001b[32minfo\u001b[39m","message":"{\"method\":\"GET\",\"url\":\"/api/v1/users/theme\",\"status\":\"304\",\"responseTime\":\"62.949\"}","timestamp":"2025-12-01T15:32:19.682Z"}
{"level":"\u001b[32minfo\u001b[39m","message":"{\"method\":\"GET\",\"url\":\"/api/v1/tweets/\",\"status\":\"200\",\"responseTime\":\"160.962\"}","timestamp":"2025-12-01T15:32:19.826Z"}
{"level":"\u001b[32minfo\u001b[39m","message":"{\"method\":\"GET\",\"url\":\"/api/v1/videos/\",\"status\":\"200\",\"responseTime\":\"165.451\"}","timestamp":"2025-12-01T15:32:19.830Z"}
{"level":"\u001b[32minfo\u001b[39m","message":"{\"method\":\"GET\",\"url\":\"/api/v1/notifications/unread-count\",\"status\":\"304\",\"responseTime\":\"168.867\"}","timestamp":"2025-12-01T15:32:19.833Z"}
{"level":"\u001b[32minfo\u001b[39m","message":"{\"method\":\"GET\",\"url\":\"/api/v1/notifications/unread-count\",\"status\":\"304\",\"responseTime\":\"63.477\"}","timestamp":"2025-12-01T15:32:19.907Z"}
{"level":"\u001b[32minfo\u001b[39m","message":"{\"method\":\"GET\",\"url\":\"/api/v1/videos/\",\"status\":\"304\",\"responseTime\":\"69.198\"}","timestamp":"2025-12-01T15:32:19.912Z"}
{"level":"\u001b[32minfo\u001b[39m","message":"{\"method\":\"GET\",\"url\":\"/api/v1/tweets/\",\"status\":\"304\",\"responseTime\":\"79.834\"}","timestamp":"2025-12-01T15:32:19.917Z"}
{"level":"\u001b[32minfo\u001b[39m","message":"{\"method\":\"GET\",\"url\":\"/api/v1/users/u/692891628b3cde57350a5bfa\",\"status\":\"304\",\"responseTime\":\"68.359\"}","timestamp":"2025-12-01T15:32:19.929Z"}
{"level":"\u001b[32minfo\u001b[39m","message":"{\"method\":\"GET\",\"url\":\"/api/v1/users/u/692891628b3cde57350a5bfa\",\"status\":\"304\",\"responseTime\":\"87.492\"}","timestamp":"2025-12-01T15:32:20.024Z"}
{"level":"\u001b[32minfo\u001b[39m","message":"{\"method\":\"GET\",\"url\":\"/api/v1/users/u/692891628b3cde57350a5bfa\",\"status\":\"304\",\"responseTime\":\"163.970\"}","timestamp":"2025-12-01T15:32:20.196Z"}
{"level":"\u001b[32minfo\u001b[39m","message":"{\"method\":\"GET\",\"url\":\"/api/v1/users/u/692891628b3cde57350a5bfa\",\"status\":\"304\",\"responseTime\":\"231.425\"}","timestamp":"2025-12-01T15:32:20.434Z"}
{"level":"\u001b[32minfo\u001b[39m","message":"{\"method\":\"GET\",\"url\":\"/api/v1/notifications/unread-count\",\"status\":\"304\",\"responseTime\":\"189.509\"}","timestamp":"2025-12-01T15:32:20.889Z"}
{"level":"\u001b[32minfo\u001b[39m","message":"{\"method\":\"GET\",\"url\":\"/api/v1/notifications/?page=1&limit=20\",\"status\":\"304\",\"responseTime\":\"427.407\"}","timestamp":"2025-12-01T15:32:29.550Z"}
{"level":"\u001b[32minfo\u001b[39m","message":"{\"method\":\"GET\",\"url\":\"/api/v1/notifications/?page=1&limit=20\",\"status\":\"304\",\"responseTime\":\"301.312\"}","timestamp":"2025-12-01T15:32:29.858Z"}
{"level":"\u001b[32minfo\u001b[39m","message":"{\"method\":\"POST\",\"url\":\"/api/v1/users/logout\",\"status\":\"200\",\"responseTime\":\"219.075\"}","timestamp":"2025-12-01T15:32:31.150Z"}
{"level":"\u001b[32minfo\u001b[39m","message":"{\"method\":\"POST\",\"url\":\"/api/v1/users/login\",\"status\":\"200\",\"responseTime\":\"435.591\"}","timestamp":"2025-12-01T15:32:40.197Z"}
{"level":"\u001b[32minfo\u001b[39m","message":"{\"method\":\"GET\",\"url\":\"/api/v1/users/theme\",\"status\":\"304\",\"responseTime\":\"46.809\"}","timestamp":"2025-12-01T15:32:40.259Z"}
{"level":"\u001b[32minfo\u001b[39m","message":"{\"method\":\"GET\",\"url\":\"/api/v1/users/current-user\",\"status\":\"200\",\"responseTime\":\"55.051\"}","timestamp":"2025-12-01T15:32:40.306Z"}
{"level":"\u001b[32minfo\u001b[39m","message":"{\"method\":\"GET\",\"url\":\"/api/v1/users/theme\",\"status\":\"304\",\"responseTime\":\"137.763\"}","timestamp":"2025-12-01T15:32:40.507Z"}
{"level":"\u001b[32minfo\u001b[39m","message":"{\"method\":\"GET\",\"url\":\"/api/v1/notifications/unread-count\",\"status\":\"304\",\"responseTime\":\"77.479\"}","timestamp":"2025-12-01T15:32:40.640Z"}
{"level":"\u001b[32minfo\u001b[39m","message":"{\"method\":\"GET\",\"url\":\"/api/v1/tweets/\",\"status\":\"304\",\"responseTime\":\"79.832\"}","timestamp":"2025-12-01T15:32:40.643Z"}
{"level":"\u001b[32minfo\u001b[39m","message":"{\"method\":\"GET\",\"url\":\"/api/v1/videos/\",\"status\":\"200\",\"responseTime\":\"84.907\"}","timestamp":"2025-12-01T15:32:40.649Z"}
{"level":"\u001b[32minfo\u001b[39m","message":"{\"method\":\"GET\",\"url\":\"/api/v1/notifications/unread-count\",\"status\":\"304\",\"responseTime\":\"79.035\"}","timestamp":"2025-12-01T15:32:40.740Z"}
{"level":"\u001b[32minfo\u001b[39m","message":"{\"method\":\"GET\",\"url\":\"/api/v1/tweets/\",\"status\":\"304\",\"responseTime\":\"85.445\"}","timestamp":"2025-12-01T15:32:40.747Z"}
{"level":"\u001b[32minfo\u001b[39m","message":"{\"method\":\"GET\",\"url\":\"/api/v1/videos/\",\"status\":\"304\",\"responseTime\":\"96.153\"}","timestamp":"2025-12-01T15:32:40.770Z"}
{"level":"\u001b[32minfo\u001b[39m","message":"{\"method\":\"POST\",\"url\":\"/api/v1/users/logout\",\"status\":\"200\",\"responseTime\":\"166.138\"}","timestamp":"2025-12-01T15:32:44.194Z"}
{"level":"\u001b[32minfo\u001b[39m","message":"{\"method\":\"POST\",\"url\":\"/api/v1/users/login\",\"status\":\"200\",\"responseTime\":\"312.090\"}","timestamp":"2025-12-01T15:32:53.290Z"}
{"level":"\u001b[32minfo\u001b[39m","message":"{\"method\":\"GET\",\"url\":\"/api/v1/users/theme\",\"status\":\"304\",\"responseTime\":\"60.611\"}","timestamp":"2025-12-01T15:32:53.369Z"}
{"level":"\u001b[32minfo\u001b[39m","message":"{\"method\":\"GET\",\"url\":\"/api/v1/users/current-user\",\"status\":\"200\",\"responseTime\":\"69.906\"}","timestamp":"2025-12-01T15:32:53.419Z"}
{"level":"\u001b[32minfo\u001b[39m","message":"{\"method\":\"GET\",\"url\":\"/api/v1/users/theme\",\"status\":\"304\",\"responseTime\":\"47.163\"}","timestamp":"2025-12-01T15:32:53.511Z"}
{"level":"\u001b[32minfo\u001b[39m","message":"{\"method\":\"GET\",\"url\":\"/api/v1/notifications/unread-count\",\"status\":\"200\",\"responseTime\":\"125.243\"}","timestamp":"2025-12-01T15:32:53.726Z"}
{"level":"\u001b[32minfo\u001b[39m","message":"{\"method\":\"GET\",\"url\":\"/api/v1/tweets/\",\"status\":\"304\",\"responseTime\":\"127.888\"}","timestamp":"2025-12-01T15:32:53.730Z"}
{"level":"\u001b[32minfo\u001b[39m","message":"{\"method\":\"GET\",\"url\":\"/api/v1/videos/\",\"status\":\"200\",\"responseTime\":\"130.558\"}","timestamp":"2025-12-01T15:32:53.735Z"}
{"level":"\u001b[32minfo\u001b[39m","message":"{\"method\":\"GET\",\"url\":\"/api/v1/notifications/unread-count\",\"status\":\"304\",\"responseTime\":\"99.573\"}","timestamp":"2025-12-01T15:32:53.847Z"}
{"level":"\u001b[32minfo\u001b[39m","message":"{\"method\":\"GET\",\"url\":\"/api/v1/tweets/\",\"status\":\"304\",\"responseTime\":\"100.209\"}","timestamp":"2025-12-01T15:32:53.863Z"}
{"level":"\u001b[32minfo\u001b[39m","message":"{\"method\":\"GET\",\"url\":\"/api/v1/videos/\",\"status\":\"304\",\"responseTime\":\"130.351\"}","timestamp":"2025-12-01T15:32:53.891Z"}
{"level":"\u001b[32minfo\u001b[39m","message":"{\"method\":\"GET\",\"url\":\"/api/v1/notifications/?page=1&limit=20\",\"status\":\"200\",\"responseTime\":\"399.993\"}","timestamp":"2025-12-01T15:32:59.306Z"}
{"level":"\u001b[32minfo\u001b[39m","message":"{\"method\":\"GET\",\"url\":\"/api/v1/notifications/?page=1&limit=20\",\"status\":\"304\",\"responseTime\":\"340.299\"}","timestamp":"2025-12-01T15:32:59.656Z"}
{"level":"\u001b[32minfo\u001b[39m","message":"{\"method\":\"GET\",\"url\":\"/api/v1/dashboard/videos\",\"status\":\"200\",\"responseTime\":\"129.173\"}","timestamp":"2025-12-01T15:33:13.324Z"}
{"level":"\u001b[32minfo\u001b[39m","message":"{\"method\":\"GET\",\"url\":\"/api/v1/dashboard/stats\",\"status\":\"200\",\"responseTime\":\"402.082\"}","timestamp":"2025-12-01T15:33:13.583Z"}
{"level":"\u001b[32minfo\u001b[39m","message":"{\"method\":\"GET\",\"url\":\"/api/v1/dashboard/videos\",\"status\":\"304\",\"responseTime\":\"254.616\"}","timestamp":"2025-12-01T15:33:13.586Z"}
{"level":"\u001b[32minfo\u001b[39m","message":"{\"method\":\"GET\",\"url\":\"/api/v1/dashboard/stats\",\"status\":\"304\",\"responseTime\":\"295.707\"}","timestamp":"2025-12-01T15:33:13.886Z"}
{"level":"\u001b[32minfo\u001b[39m","message":"{\"method\":\"GET\",\"url\":\"/api/v1/notifications/unread-count\",\"status\":\"304\",\"responseTime\":\"124.837\"}","timestamp":"2025-12-01T15:33:20.540Z"}
{"level":"\u001b[32minfo\u001b[39m","message":"{\"method\":\"GET\",\"url\":\"/api/v1/notifications/?page=1&limit=20\",\"status\":\"304\",\"responseTime\":\"308.211\"}","timestamp":"2025-12-01T15:33:21.271Z"}
{"level":"\u001b[32minfo\u001b[39m","message":"{\"method\":\"GET\",\"url\":\"/api/v1/notifications/?page=1&limit=20\",\"status\":\"304\",\"responseTime\":\"414.356\"}","timestamp":"2025-12-01T15:33:21.696Z"}
{"level":"\u001b[32minfo\u001b[39m","message":"{\"method\":\"GET\",\"url\":\"/api/v1/dashboard/videos\",\"status\":\"304\",\"responseTime\":\"246.170\"}","timestamp":"2025-12-01T15:33:23.416Z"}
{"level":"\u001b[32minfo\u001b[39m","message":"{\"method\":\"GET\",\"url\":\"/api/v1/dashboard/stats\",\"status\":\"304\",\"responseTime\":\"534.606\"}","timestamp":"2025-12-01T15:33:23.675Z"}
{"level":"\u001b[32minfo\u001b[39m","message":"{\"method\":\"GET\",\"url\":\"/api/v1/dashboard/videos\",\"status\":\"304\",\"responseTime\":\"256.327\"}","timestamp":"2025-12-01T15:33:23.678Z"}
{"level":"\u001b[32minfo\u001b[39m","message":"{\"method\":\"GET\",\"url\":\"/api/v1/dashboard/stats\",\"status\":\"304\",\"responseTime\":\"465.327\"}","timestamp":"2025-12-01T15:33:24.151Z"}
{"level":"\u001b[32minfo\u001b[39m","message":"{\"method\":\"GET\",\"url\":\"/api/v1/videos/\",\"status\":\"304\",\"responseTime\":\"141.523\"}","timestamp":"2025-12-01T15:33:31.327Z"}
{"level":"\u001b[32minfo\u001b[39m","message":"{\"method\":\"GET\",\"url\":\"/api/v1/tweets/\",\"status\":\"304\",\"responseTime\":\"135.666\"}","timestamp":"2025-12-01T15:33:31.332Z"}
{"level":"\u001b[32minfo\u001b[39m","message":"{\"method\":\"GET\",\"url\":\"/api/v1/videos/\",\"status\":\"304\",\"responseTime\":\"176.895\"}","timestamp":"2025-12-01T15:33:31.514Z"}
{"level":"\u001b[32minfo\u001b[39m","message":"{\"method\":\"GET\",\"url\":\"/api/v1/tweets/\",\"status\":\"304\",\"responseTime\":\"176.897\"}","timestamp":"2025-12-01T15:33:31.520Z"}
{"level":"\u001b[32minfo\u001b[39m","message":"{\"method\":\"GET\",\"url\":\"/api/v1/videos/6928997c696e5d9c996d304b\",\"status\":\"201\",\"responseTime\":\"135.079\"}","timestamp":"2025-12-01T15:33:38.367Z"}
{"level":"\u001b[32minfo\u001b[39m","message":"{\"method\":\"GET\",\"url\":\"/api/v1/videos/6928997c696e5d9c996d304b\",\"status\":\"201\",\"responseTime\":\"202.001\"}","timestamp":"2025-12-01T15:33:38.576Z"}
{"level":"\u001b[32minfo\u001b[39m","message":"{\"method\":\"GET\",\"url\":\"/api/v1/comments/6928997c696e5d9c996d304b\",\"status\":\"201\",\"responseTime\":\"356.636\"}","timestamp":"2025-12-01T15:33:38.774Z"}
{"level":"\u001b[32minfo\u001b[39m","message":"{\"method\":\"GET\",\"url\":\"/api/v1/comments/6928997c696e5d9c996d304b\",\"status\":\"201\",\"responseTime\":\"136.409\"}","timestamp":"2025-12-01T15:33:38.917Z"}
{"0":"6928997c696e5d9c996d304b","1":"6928961613409b594dc01255","2":"692898da696e5d9c996d3046","level":"\u001b[32minfo\u001b[39m","message":"Updated watch history: ","timestamp":"2025-12-01T15:33:38.949Z"}
{"level":"\u001b[32minfo\u001b[39m","message":"{\"method\":\"PATCH\",\"url\":\"/api/v1/users/history/add/6928997c696e5d9c996d304b\",\"status\":\"200\",\"responseTime\":\"165.148\"}","timestamp":"2025-12-01T15:33:38.951Z"}
{"level":"\u001b[32minfo\u001b[39m","message":"{\"method\":\"PATCH\",\"url\":\"/api/v1/videos/views/6928997c696e5d9c996d304b\",\"status\":\"200\",\"responseTime\":\"220.822\"}","timestamp":"2025-12-01T15:33:39.184Z"}
{"0":"6928997c696e5d9c996d304b","1":"6928961613409b594dc01255","2":"692898da696e5d9c996d3046","level":"\u001b[32minfo\u001b[39m","message":"Updated watch history: ","timestamp":"2025-12-01T15:33:39.186Z"}
{"level":"\u001b[32minfo\u001b[39m","message":"{\"method\":\"PATCH\",\"url\":\"/api/v1/users/history/add/6928997c696e5d9c996d304b\",\"status\":\"200\",\"responseTime\":\"259.500\"}","timestamp":"2025-12-01T15:33:39.189Z"}
{"level":"\u001b[32minfo\u001b[39m","message":"{\"method\":\"PATCH\",\"url\":\"/api/v1/videos/views/6928997c696e5d9c996d304b\",\"status\":\"200\",\"responseTime\":\"173.606\"}","timestamp":"2025-12-01T15:33:39.389Z"}
{"level":"\u001b[32minfo\u001b[39m","message":"{\"method\":\"POST\",\"url\":\"/api/v1/subscriptions/c/692891628b3cde57350a5bfa\",\"status\":\"201\",\"responseTime\":\"424.630\"}","timestamp":"2025-12-01T15:33:41.155Z"}
{"level":"\u001b[32minfo\u001b[39m","message":"{\"method\":\"GET\",\"url\":\"/api/v1/videos/\",\"status\":\"200\",\"responseTime\":\"245.898\"}","timestamp":"2025-12-01T15:33:44.017Z"}
{"level":"\u001b[32minfo\u001b[39m","message":"{\"method\":\"GET\",\"url\":\"/api/v1/tweets/\",\"status\":\"304\",\"responseTime\":\"243.312\"}","timestamp":"2025-12-01T15:33:44.020Z"}
{"level":"\u001b[32minfo\u001b[39m","message":"{\"method\":\"GET\",\"url\":\"/api/v1/videos/\",\"status\":\"304\",\"responseTime\":\"112.479\"}","timestamp":"2025-12-01T15:33:44.173Z"}
{"level":"\u001b[32minfo\u001b[39m","message":"{\"method\":\"GET\",\"url\":\"/api/v1/tweets/\",\"status\":\"304\",\"responseTime\":\"113.374\"}","timestamp":"2025-12-01T15:33:44.175Z"}
{"level":"\u001b[32minfo\u001b[39m","message":"{\"method\":\"GET\",\"url\":\"/api/v1/notifications/unread-count\",\"status\":\"304\",\"responseTime\":\"160.181\"}","timestamp":"2025-12-01T15:33:53.729Z"}
{"level":"\u001b[32minfo\u001b[39m","message":"{\"method\":\"GET\",\"url\":\"/api/v1/notifications/unread-count\",\"status\":\"304\",\"responseTime\":\"231.777\"}","timestamp":"2025-12-01T15:34:28.650Z"}
{"level":"\u001b[32minfo\u001b[39m","message":"{\"method\":\"GET\",\"url\":\"/api/v1/notifications/unread-count\",\"status\":\"304\",\"responseTime\":\"165.124\"}","timestamp":"2025-12-01T15:34:53.740Z"}
{"level":"\u001b[32minfo\u001b[39m","message":"{\"method\":\"GET\",\"url\":\"/api/v1/notifications/unread-count\",\"status\":\"304\",\"responseTime\":\"253.073\"}","timestamp":"2025-12-01T15:35:28.663Z"}
{"level":"\u001b[32minfo\u001b[39m","message":"{\"method\":\"POST\",\"url\":\"/api/v1/users/logout\",\"status\":\"200\",\"responseTime\":\"161.652\"}","timestamp":"2025-12-01T15:35:46.320Z"}
{"level":"\u001b[32minfo\u001b[39m","message":"{\"method\":\"POST\",\"url\":\"/api/v1/users/login\",\"status\":\"400\",\"responseTime\":\"2.953\"}","timestamp":"2025-12-01T15:35:51.131Z"}
{"level":"\u001b[32minfo\u001b[39m","message":"{\"method\":\"POST\",\"url\":\"/api/v1/users/login\",\"status\":\"200\",\"responseTime\":\"399.425\"}","timestamp":"2025-12-01T15:35:59.381Z"}
{"level":"\u001b[32minfo\u001b[39m","message":"{\"method\":\"GET\",\"url\":\"/api/v1/users/theme\",\"status\":\"304\",\"responseTime\":\"53.915\"}","timestamp":"2025-12-01T15:35:59.448Z"}
{"level":"\u001b[32minfo\u001b[39m","message":"{\"method\":\"GET\",\"url\":\"/api/v1/users/current-user\",\"status\":\"200\",\"responseTime\":\"51.319\"}","timestamp":"2025-12-01T15:35:59.482Z"}
{"level":"\u001b[32minfo\u001b[39m","message":"{\"method\":\"GET\",\"url\":\"/api/v1/users/theme\",\"status\":\"304\",\"responseTime\":\"55.685\"}","timestamp":"2025-12-01T15:35:59.586Z"}
{"level":"\u001b[32minfo\u001b[39m","message":"{\"method\":\"GET\",\"url\":\"/api/v1/notifications/unread-count\",\"status\":\"200\",\"responseTime\":\"138.007\"}","timestamp":"2025-12-01T15:35:59.801Z"}
{"level":"\u001b[32minfo\u001b[39m","message":"{\"method\":\"GET\",\"url\":\"/api/v1/videos/\",\"status\":\"200\",\"responseTime\":\"142.280\"}","timestamp":"2025-12-01T15:35:59.807Z"}
{"level":"\u001b[32minfo\u001b[39m","message":"{\"method\":\"GET\",\"url\":\"/api/v1/tweets/\",\"status\":\"304\",\"responseTime\":\"148.568\"}","timestamp":"2025-12-01T15:35:59.812Z"}
{"level":"\u001b[32minfo\u001b[39m","message":"{\"method\":\"GET\",\"url\":\"/api/v1/videos/\",\"status\":\"304\",\"responseTime\":\"187.568\"}","timestamp":"2025-12-01T15:36:00.013Z"}
{"level":"\u001b[32minfo\u001b[39m","message":"{\"method\":\"GET\",\"url\":\"/api/v1/notifications/unread-count\",\"status\":\"304\",\"responseTime\":\"211.100\"}","timestamp":"2025-12-01T15:36:00.030Z"}
{"level":"\u001b[32minfo\u001b[39m","message":"{\"method\":\"GET\",\"url\":\"/api/v1/tweets/\",\"status\":\"304\",\"responseTime\":\"219.043\"}","timestamp":"2025-12-01T15:36:00.046Z"}
{"level":"\u001b[32minfo\u001b[39m","message":"{\"method\":\"GET\",\"url\":\"/api/v1/notifications/?page=1&limit=20\",\"status\":\"200\",\"responseTime\":\"316.932\"}","timestamp":"2025-12-01T15:36:02.588Z"}
{"level":"\u001b[32minfo\u001b[39m","message":"{\"method\":\"GET\",\"url\":\"/api/v1/notifications/?page=1&limit=20\",\"status\":\"304\",\"responseTime\":\"329.231\"}","timestamp":"2025-12-01T15:36:02.925Z"}
{"level":"\u001b[32minfo\u001b[39m","message":"{\"method\":\"GET\",\"url\":\"/api/v1/videos/\",\"status\":\"304\",\"responseTime\":\"103.283\"}","timestamp":"2025-12-01T15:36:04.809Z"}
{"level":"\u001b[32minfo\u001b[39m","message":"{\"method\":\"GET\",\"url\":\"/api/v1/tweets/\",\"status\":\"304\",\"responseTime\":\"101.050\"}","timestamp":"2025-12-01T15:36:04.815Z"}
{"level":"\u001b[32minfo\u001b[39m","message":"{\"method\":\"GET\",\"url\":\"/api/v1/videos/\",\"status\":\"304\",\"responseTime\":\"209.656\"}","timestamp":"2025-12-01T15:36:05.031Z"}
{"level":"\u001b[32minfo\u001b[39m","message":"{\"method\":\"GET\",\"url\":\"/api/v1/tweets/\",\"status\":\"304\",\"responseTime\":\"207.657\"}","timestamp":"2025-12-01T15:36:05.036Z"}
{"level":"\u001b[32minfo\u001b[39m","message":"{\"method\":\"GET\",\"url\":\"/api/v1/users/u/692891628b3cde57350a5bfa\",\"status\":\"304\",\"responseTime\":\"201.871\"}","timestamp":"2025-12-01T15:36:07.535Z"}
{"level":"\u001b[32minfo\u001b[39m","message":"{\"method\":\"GET\",\"url\":\"/api/v1/users/u/692891628b3cde57350a5bfa\",\"status\":\"304\",\"responseTime\":\"235.923\"}","timestamp":"2025-12-01T15:36:07.777Z"}
{"level":"\u001b[32minfo\u001b[39m","message":"{\"method\":\"GET\",\"url\":\"/api/v1/users/u/692891628b3cde57350a5bfa\",\"status\":\"304\",\"responseTime\":\"199.196\"}","timestamp":"2025-12-01T15:36:07.982Z"}
{"level":"\u001b[32minfo\u001b[39m","message":"{\"method\":\"GET\",\"url\":\"/api/v1/users/u/692891628b3cde57350a5bfa\",\"status\":\"304\",\"responseTime\":\"202.070\"}","timestamp":"2025-12-01T15:36:08.189Z"}
{"level":"\u001b[32minfo\u001b[39m","message":"{\"method\":\"GET\",\"url\":\"/api/v1/playlist/user/692891628b3cde57350a5bfa\",\"status\":\"304\",\"responseTime\":\"359.370\"}","timestamp":"2025-12-01T15:36:26.008Z"}
{"level":"\u001b[32minfo\u001b[39m","message":"{\"method\":\"GET\",\"url\":\"/api/v1/playlist/user/692891628b3cde57350a5bfa\",\"status\":\"304\",\"responseTime\":\"300.262\"}","timestamp":"2025-12-01T15:36:26.315Z"}
{"level":"\u001b[32minfo\u001b[39m","message":"{\"method\":\"GET\",\"url\":\"/api/v1/notifications/unread-count\",\"status\":\"304\",\"responseTime\":\"253.724\"}","timestamp":"2025-12-01T15:36:28.669Z"}
{"level":"\u001b[32minfo\u001b[39m","message":"{\"method\":\"GET\",\"url\":\"/api/v1/playlist/692d7b3611fa630befe79297\",\"status\":\"304\",\"responseTime\":\"303.700\"}","timestamp":"2025-12-01T15:36:29.693Z"}
{"level":"\u001b[32minfo\u001b[39m","message":"{\"method\":\"GET\",\"url\":\"/api/v1/playlist/692d7b3611fa630befe79297\",\"status\":\"304\",\"responseTime\":\"305.716\"}","timestamp":"2025-12-01T15:36:30.008Z"}
{"level":"\u001b[32minfo\u001b[39m","message":"{\"method\":\"GET\",\"url\":\"/api/v1/playlist/user/692891628b3cde57350a5bfa\",\"status\":\"304\",\"responseTime\":\"289.947\"}","timestamp":"2025-12-01T15:36:31.742Z"}
{"level":"\u001b[32minfo\u001b[39m","message":"{\"method\":\"GET\",\"url\":\"/api/v1/playlist/user/692891628b3cde57350a5bfa\",\"status\":\"304\",\"responseTime\":\"299.750\"}","timestamp":"2025-12-01T15:36:32.050Z"}
{"level":"\u001b[32minfo\u001b[39m","message":"{\"method\":\"GET\",\"url\":\"/api/v1/playlist/692d7b3611fa630befe79297\",\"status\":\"304\",\"responseTime\":\"203.808\"}","timestamp":"2025-12-01T15:36:34.732Z"}
{"level":"\u001b[32minfo\u001b[39m","message":"{\"method\":\"GET\",\"url\":\"/api/v1/playlist/692d7b3611fa630befe79297\",\"status\":\"304\",\"responseTime\":\"277.936\"}","timestamp":"2025-12-01T15:36:35.018Z"}
{"level":"\u001b[32minfo\u001b[39m","message":"{\"method\":\"GET\",\"url\":\"/api/v1/playlist/user/692891628b3cde57350a5bfa\",\"status\":\"304\",\"responseTime\":\"335.258\"}","timestamp":"2025-12-01T15:36:37.580Z"}
{"level":"\u001b[32minfo\u001b[39m","message":"{\"method\":\"GET\",\"url\":\"/api/v1/playlist/user/692891628b3cde57350a5bfa\",\"status\":\"304\",\"responseTime\":\"299.456\"}","timestamp":"2025-12-01T15:36:37.885Z"}
{"level":"\u001b[32minfo\u001b[39m","message":"{\"method\":\"GET\",\"url\":\"/api/v1/notifications/unread-count\",\"status\":\"304\",\"responseTime\":\"208.982\"}","timestamp":"2025-12-01T15:37:00.623Z"}
{"level":"\u001b[32minfo\u001b[39m","message":"{\"method\":\"GET\",\"url\":\"/api/v1/notifications/unread-count\",\"status\":\"304\",\"responseTime\":\"166.799\"}","timestamp":"2025-12-01T15:37:28.581Z"}
{"level":"\u001b[32minfo\u001b[39m","message":"{\"method\":\"GET\",\"url\":\"/api/v1/notifications/unread-count\",\"status\":\"304\",\"responseTime\":\"226.417\"}","timestamp":"2025-12-01T15:38:00.634Z"}
{"level":"\u001b[32minfo\u001b[39m","message":"{\"method\":\"GET\",\"url\":\"/api/v1/notifications/unread-count\",\"status\":\"304\",\"responseTime\":\"181.884\"}","timestamp":"2025-12-01T15:38:28.593Z"}
{"level":"\u001b[32minfo\u001b[39m","message":"{\"method\":\"GET\",\"url\":\"/api/v1/notifications/unread-count\",\"status\":\"304\",\"responseTime\":\"235.171\"}","timestamp":"2025-12-01T15:39:00.643Z"}
{"level":"\u001b[32minfo\u001b[39m","message":"{\"method\":\"GET\",\"url\":\"/api/v1/notifications/unread-count\",\"status\":\"304\",\"responseTime\":\"184.913\"}","timestamp":"2025-12-01T15:39:28.602Z"}
{"level":"\u001b[32minfo\u001b[39m","message":"{\"method\":\"GET\",\"url\":\"/api/v1/notifications/unread-count\",\"status\":\"304\",\"responseTime\":\"244.118\"}","timestamp":"2025-12-01T15:40:00.655Z"}
{"level":"\u001b[32minfo\u001b[39m","message":"{\"method\":\"GET\",\"url\":\"/api/v1/notifications/unread-count\",\"status\":\"304\",\"responseTime\":\"197.418\"}","timestamp":"2025-12-01T15:40:28.612Z"}
{"level":"\u001b[32minfo\u001b[39m","message":"{\"method\":\"GET\",\"url\":\"/api/v1/notifications/unread-count\",\"status\":\"304\",\"responseTime\":\"251.043\"}","timestamp":"2025-12-01T15:41:00.665Z"}
{"level":"\u001b[32minfo\u001b[39m","message":"{\"method\":\"GET\",\"url\":\"/api/v1/notifications/unread-count\",\"status\":\"304\",\"responseTime\":\"214.436\"}","timestamp":"2025-12-01T15:41:28.621Z"}
{"level":"\u001b[32minfo\u001b[39m","message":"{\"method\":\"GET\",\"url\":\"/api/v1/notifications/unread-count\",\"status\":\"304\",\"responseTime\":\"259.969\"}","timestamp":"2025-12-01T15:42:00.676Z"}
{"level":"\u001b[32minfo\u001b[39m","message":"{\"method\":\"GET\",\"url\":\"/api/v1/notifications/unread-count\",\"status\":\"304\",\"responseTime\":\"222.559\"}","timestamp":"2025-12-01T15:42:28.635Z"}
{"level":"\u001b[32minfo\u001b[39m","message":"{\"method\":\"GET\",\"url\":\"/api/v1/notifications/unread-count\",\"status\":\"304\",\"responseTime\":\"99.827\"}","timestamp":"2025-12-01T15:43:07.229Z"}
{"level":"\u001b[32minfo\u001b[39m","message":"{\"method\":\"GET\",\"url\":\"/api/v1/tweets/\",\"status\":\"304\",\"responseTime\":\"155.718\"}","timestamp":"2025-12-01T15:43:28.387Z"}
{"level":"\u001b[32minfo\u001b[39m","message":"{\"method\":\"GET\",\"url\":\"/api/v1/videos/\",\"status\":\"304\",\"responseTime\":\"171.478\"}","timestamp":"2025-12-01T15:43:28.393Z"}
{"level":"\u001b[32minfo\u001b[39m","message":"{\"method\":\"GET\",\"url\":\"/api/v1/tweets/\",\"status\":\"304\",\"responseTime\":\"112.054\"}","timestamp":"2025-12-01T15:43:28.511Z"}
{"level":"\u001b[32minfo\u001b[39m","message":"{\"method\":\"GET\",\"url\":\"/api/v1/videos/\",\"status\":\"304\",\"responseTime\":\"113.086\"}","timestamp":"2025-12-01T15:43:28.520Z"}
{"level":"\u001b[32minfo\u001b[39m","message":"{\"method\":\"GET\",\"url\":\"/api/v1/notifications/unread-count\",\"status\":\"304\",\"responseTime\":\"76.807\"}","timestamp":"2025-12-01T15:43:28.541Z"}
{"level":"\u001b[32minfo\u001b[39m","message":"{\"method\":\"GET\",\"url\":\"/api/v1/notifications/unread-count\",\"status\":\"304\",\"responseTime\":\"124.107\"}","timestamp":"2025-12-01T15:44:00.532Z"}
{"level":"\u001b[32minfo\u001b[39m","message":"{\"method\":\"GET\",\"url\":\"/api/v1/notifications/unread-count\",\"status\":\"304\",\"responseTime\":\"218.103\"}","timestamp":"2025-12-01T15:44:28.658Z"}
{"level":"\u001b[32minfo\u001b[39m","message":"{\"method\":\"GET\",\"url\":\"/api/v1/notifications/unread-count\",\"status\":\"304\",\"responseTime\":\"166.050\"}","timestamp":"2025-12-01T15:44:58.581Z"}
{"level":"\u001b[32minfo\u001b[39m","message":"{\"method\":\"GET\",\"url\":\"/api/v1/notifications/unread-count\",\"status\":\"304\",\"responseTime\":\"73.555\"}","timestamp":"2025-12-01T15:45:28.476Z"}
{"level":"\u001b[32minfo\u001b[39m","message":"{\"method\":\"GET\",\"url\":\"/api/v1/videos/\",\"status\":\"304\",\"responseTime\":\"77.513\"}","timestamp":"2025-12-01T15:45:28.493Z"}
{"level":"\u001b[32minfo\u001b[39m","message":"{\"method\":\"GET\",\"url\":\"/api/v1/tweets/\",\"status\":\"304\",\"responseTime\":\"81.690\"}","timestamp":"2025-12-01T15:45:28.500Z"}
{"level":"\u001b[32minfo\u001b[39m","message":"{\"method\":\"GET\",\"url\":\"/api/v1/notifications/unread-count\",\"status\":\"304\",\"responseTime\":\"173.337\"}","timestamp":"2025-12-01T15:45:59.591Z"}
{"level":"\u001b[32minfo\u001b[39m","message":"{\"method\":\"GET\",\"url\":\"/api/v1/notifications/unread-count\",\"status\":\"304\",\"responseTime\":\"261.889\"}","timestamp":"2025-12-01T15:46:28.675Z"}
{"level":"\u001b[32minfo\u001b[39m","message":"{\"method\":\"GET\",\"url\":\"/api/v1/notifications/unread-count\",\"status\":\"304\",\"responseTime\":\"183.829\"}","timestamp":"2025-12-01T15:46:59.603Z"}
{"level":"\u001b[32minfo\u001b[39m","message":"{\"method\":\"GET\",\"url\":\"/api/v1/notifications/unread-count\",\"status\":\"304\",\"responseTime\":\"169.031\"}","timestamp":"2025-12-01T15:47:28.584Z"}
{"level":"\u001b[32minfo\u001b[39m","message":"{\"method\":\"GET\",\"url\":\"/api/v1/notifications/unread-count\",\"status\":\"304\",\"responseTime\":\"104.259\"}","timestamp":"2025-12-01T15:47:59.513Z"}
{"level":"\u001b[32minfo\u001b[39m","message":"{\"method\":\"GET\",\"url\":\"/api/v1/notifications/unread-count\",\"status\":\"304\",\"responseTime\":\"184.899\"}","timestamp":"2025-12-01T15:48:28.597Z"}
{"level":"\u001b[32minfo\u001b[39m","message":"{\"method\":\"GET\",\"url\":\"/api/v1/notifications/unread-count\",\"status\":\"304\",\"responseTime\":\"107.560\"}","timestamp":"2025-12-01T15:48:59.523Z"}
{"level":"\u001b[32minfo\u001b[39m","message":"{\"method\":\"GET\",\"url\":\"/api/v1/notifications/unread-count\",\"status\":\"304\",\"responseTime\":\"196.208\"}","timestamp":"2025-12-01T15:49:28.605Z"}
{"level":"\u001b[32minfo\u001b[39m","message":"{\"method\":\"GET\",\"url\":\"/api/v1/notifications/unread-count\",\"status\":\"304\",\"responseTime\":\"125.297\"}","timestamp":"2025-12-01T15:49:59.534Z"}
{"level":"\u001b[32minfo\u001b[39m","message":"{\"method\":\"GET\",\"url\":\"/api/v1/notifications/unread-count\",\"status\":\"304\",\"responseTime\":\"200.479\"}","timestamp":"2025-12-01T15:50:28.618Z"}
{"level":"\u001b[32minfo\u001b[39m","message":"{\"method\":\"GET\",\"url\":\"/api/v1/notifications/unread-count\",\"status\":\"304\",\"responseTime\":\"203.316\"}","timestamp":"2025-12-01T15:51:28.624Z"}
{"level":"\u001b[32minfo\u001b[39m","message":"{\"method\":\"GET\",\"url\":\"/api/v1/notifications/unread-count\",\"status\":\"304\",\"responseTime\":\"196.969\"}","timestamp":"2025-12-01T15:51:28.828Z"}
{"level":"\u001b[32minfo\u001b[39m","message":"{\"method\":\"GET\",\"url\":\"/api/v1/notifications/unread-count\",\"status\":\"304\",\"responseTime\":\"226.357\"}","timestamp":"2025-12-01T15:52:28.633Z"}
{"level":"\u001b[32minfo\u001b[39m","message":"{\"method\":\"GET\",\"url\":\"/api/v1/notifications/unread-count\",\"status\":\"304\",\"responseTime\":\"197.078\"}","timestamp":"2025-12-01T15:52:28.838Z"}
{"level":"\u001b[32minfo\u001b[39m","message":"{\"method\":\"GET\",\"url\":\"/api/v1/notifications/unread-count\",\"status\":\"304\",\"responseTime\":\"231.412\"}","timestamp":"2025-12-01T15:53:28.642Z"}
{"level":"\u001b[32minfo\u001b[39m","message":"{\"method\":\"GET\",\"url\":\"/api/v1/notifications/unread-count\",\"status\":\"304\",\"responseTime\":\"199.289\"}","timestamp":"2025-12-01T15:53:28.847Z"}
{"level":"\u001b[32minfo\u001b[39m","message":"{\"method\":\"GET\",\"url\":\"/api/v1/notifications/unread-count\",\"status\":\"304\",\"responseTime\":\"238.769\"}","timestamp":"2025-12-01T15:54:28.662Z"}
{"level":"\u001b[32minfo\u001b[39m","message":"{\"method\":\"GET\",\"url\":\"/api/v1/notifications/unread-count\",\"status\":\"304\",\"responseTime\":\"200.252\"}","timestamp":"2025-12-01T15:54:28.869Z"}
{"level":"\u001b[32minfo\u001b[39m","message":"{\"method\":\"GET\",\"url\":\"/api/v1/notifications/unread-count\",\"status\":\"304\",\"responseTime\":\"169.016\"}","timestamp":"2025-12-01T15:55:28.575Z"}
{"level":"\u001b[32minfo\u001b[39m","message":"{\"method\":\"GET\",\"url\":\"/api/v1/notifications/unread-count\",\"status\":\"304\",\"responseTime\":\"204.415\"}","timestamp":"2025-12-01T15:55:28.784Z"}
{"level":"\u001b[32minfo\u001b[39m","message":"{\"method\":\"GET\",\"url\":\"/api/v1/notifications/unread-count\",\"status\":\"304\",\"responseTime\":\"173.505\"}","timestamp":"2025-12-01T15:56:28.579Z"}
{"level":"\u001b[32minfo\u001b[39m","message":"{\"method\":\"GET\",\"url\":\"/api/v1/notifications/unread-count\",\"status\":\"304\",\"responseTime\":\"200.094\"}","timestamp":"2025-12-01T15:56:28.785Z"}
{"level":"\u001b[32minfo\u001b[39m","message":"{\"method\":\"GET\",\"url\":\"/api/v1/notifications/unread-count\",\"status\":\"304\",\"responseTime\":\"173.269\"}","timestamp":"2025-12-01T15:57:28.590Z"}
{"level":"\u001b[32minfo\u001b[39m","message":"{\"method\":\"GET\",\"url\":\"/api/v1/notifications/unread-count\",\"status\":\"304\",\"responseTime\":\"198.636\"}","timestamp":"2025-12-01T15:57:28.796Z"}
{"level":"\u001b[32minfo\u001b[39m","message":"{\"method\":\"GET\",\"url\":\"/api/v1/notifications/unread-count\",\"status\":\"304\",\"responseTime\":\"194.587\"}","timestamp":"2025-12-01T15:58:28.600Z"}
{"level":"\u001b[32minfo\u001b[39m","message":"{\"method\":\"GET\",\"url\":\"/api/v1/notifications/unread-count\",\"status\":\"304\",\"responseTime\":\"173.484\"}","timestamp":"2025-12-01T15:58:28.781Z"}
{"level":"\u001b[32minfo\u001b[39m","message":"{\"method\":\"GET\",\"url\":\"/api/v1/notifications/unread-count\",\"status\":\"304\",\"responseTime\":\"200.858\"}","timestamp":"2025-12-01T15:59:28.606Z"}
{"level":"\u001b[32minfo\u001b[39m","message":"{\"method\":\"GET\",\"url\":\"/api/v1/notifications/unread-count\",\"status\":\"304\",\"responseTime\":\"196.837\"}","timestamp":"2025-12-01T15:59:28.811Z"}
{"level":"\u001b[32minfo\u001b[39m","message":"{\"method\":\"GET\",\"url\":\"/api/v1/notifications/unread-count\",\"status\":\"304\",\"responseTime\":\"217.316\"}","timestamp":"2025-12-01T16:00:28.617Z"}
{"level":"\u001b[32minfo\u001b[39m","message":"{\"method\":\"GET\",\"url\":\"/api/v1/notifications/unread-count\",\"status\":\"304\",\"responseTime\":\"198.151\"}","timestamp":"2025-12-01T16:00:28.822Z"}
{"level":"\u001b[32minfo\u001b[39m","message":"{\"method\":\"GET\",\"url\":\"/api/v1/notifications/unread-count\",\"status\":\"304\",\"responseTime\":\"175.774\"}","timestamp":"2025-12-01T16:01:28.587Z"}
{"level":"\u001b[32minfo\u001b[39m","message":"{\"method\":\"GET\",\"url\":\"/api/v1/notifications/unread-count\",\"status\":\"304\",\"responseTime\":\"224.705\"}","timestamp":"2025-12-01T16:01:28.818Z"}
{"level":"\u001b[32minfo\u001b[39m","message":"{\"method\":\"GET\",\"url\":\"/api/v1/notifications/unread-count\",\"status\":\"304\",\"responseTime\":\"229.141\"}","timestamp":"2025-12-01T16:02:28.644Z"}
{"level":"\u001b[32minfo\u001b[39m","message":"{\"method\":\"GET\",\"url\":\"/api/v1/notifications/unread-count\",\"status\":\"304\",\"responseTime\":\"198.778\"}","timestamp":"2025-12-01T16:02:28.850Z"}
{"level":"\u001b[32minfo\u001b[39m","message":"{\"method\":\"GET\",\"url\":\"/api/v1/users/current-user\",\"status\":\"304\",\"responseTime\":\"50.121\"}","timestamp":"2025-12-01T16:02:55.953Z"}
{"level":"\u001b[32minfo\u001b[39m","message":"{\"method\":\"GET\",\"url\":\"/api/v1/users/current-user\",\"status\":\"304\",\"responseTime\":\"51.837\"}","timestamp":"2025-12-01T16:02:56.010Z"}
{"level":"\u001b[32minfo\u001b[39m","message":"{\"method\":\"GET\",\"url\":\"/api/v1/users/theme\",\"status\":\"304\",\"responseTime\":\"80.113\"}","timestamp":"2025-12-01T16:02:56.078Z"}
{"level":"\u001b[32minfo\u001b[39m","message":"{\"method\":\"GET\",\"url\":\"/api/v1/users/theme\",\"status\":\"304\",\"responseTime\":\"49.768\"}","timestamp":"2025-12-01T16:02:56.132Z"}
{"level":"\u001b[32minfo\u001b[39m","message":"{\"method\":\"GET\",\"url\":\"/api/v1/videos/\",\"status\":\"304\",\"responseTime\":\"153.249\"}","timestamp":"2025-12-01T16:02:56.273Z"}
{"level":"\u001b[32minfo\u001b[39m","message":"{\"method\":\"GET\",\"url\":\"/api/v1/tweets/\",\"status\":\"304\",\"responseTime\":\"154.739\"}","timestamp":"2025-12-01T16:02:56.275Z"}
{"level":"\u001b[32minfo\u001b[39m","message":"{\"method\":\"GET\",\"url\":\"/api/v1/notifications/unread-count\",\"status\":\"304\",\"responseTime\":\"158.524\"}","timestamp":"2025-12-01T16:02:56.278Z"}
{"level":"\u001b[32minfo\u001b[39m","message":"{\"method\":\"GET\",\"url\":\"/api/v1/videos/\",\"status\":\"304\",\"responseTime\":\"90.011\"}","timestamp":"2025-12-01T16:02:56.372Z"}
{"level":"\u001b[32minfo\u001b[39m","message":"{\"method\":\"GET\",\"url\":\"/api/v1/notifications/unread-count\",\"status\":\"304\",\"responseTime\":\"86.894\"}","timestamp":"2025-12-01T16:02:56.373Z"}
{"level":"\u001b[32minfo\u001b[39m","message":"{\"method\":\"GET\",\"url\":\"/api/v1/tweets/\",\"status\":\"304\",\"responseTime\":\"89.102\"}","timestamp":"2025-12-01T16:02:56.375Z"}
{"level":"\u001b[32minfo\u001b[39m","message":"{\"method\":\"GET\",\"url\":\"/api/v1/users/current-user\",\"status\":\"304\",\"responseTime\":\"145.688\"}","timestamp":"2025-12-01T16:02:58.641Z"}
{"level":"\u001b[32minfo\u001b[39m","message":"{\"method\":\"GET\",\"url\":\"/api/v1/users/current-user\",\"status\":\"304\",\"responseTime\":\"99.514\"}","timestamp":"2025-12-01T16:02:58.744Z"}
{"level":"\u001b[32minfo\u001b[39m","message":"{\"method\":\"GET\",\"url\":\"/api/v1/users/theme\",\"status\":\"304\",\"responseTime\":\"97.069\"}","timestamp":"2025-12-01T16:02:58.747Z"}
{"level":"\u001b[32minfo\u001b[39m","message":"{\"method\":\"GET\",\"url\":\"/api/v1/users/theme\",\"status\":\"304\",\"responseTime\":\"50.237\"}","timestamp":"2025-12-01T16:02:58.806Z"}
{"level":"\u001b[32minfo\u001b[39m","message":"{\"method\":\"GET\",\"url\":\"/api/v1/notifications/unread-count\",\"status\":\"304\",\"responseTime\":\"160.838\"}","timestamp":"2025-12-01T16:02:58.956Z"}
{"level":"\u001b[32minfo\u001b[39m","message":"{\"method\":\"GET\",\"url\":\"/api/v1/videos/\",\"status\":\"304\",\"responseTime\":\"161.425\"}","timestamp":"2025-12-01T16:02:58.957Z"}
{"level":"\u001b[32minfo\u001b[39m","message":"{\"method\":\"GET\",\"url\":\"/api/v1/tweets/\",\"status\":\"304\",\"responseTime\":\"161.914\"}","timestamp":"2025-12-01T16:02:58.959Z"}
{"level":"\u001b[32minfo\u001b[39m","message":"{\"method\":\"GET\",\"url\":\"/api/v1/notifications/unread-count\",\"status\":\"304\",\"responseTime\":\"191.776\"}","timestamp":"2025-12-01T16:02:59.160Z"}
{"level":"\u001b[32minfo\u001b[39m","message":"{\"method\":\"GET\",\"url\":\"/api/v1/videos/\",\"status\":\"304\",\"responseTime\":\"188.971\"}","timestamp":"2025-12-01T16:02:59.162Z"}
{"level":"\u001b[32minfo\u001b[39m","message":"{\"method\":\"GET\",\"url\":\"/api/v1/tweets/\",\"status\":\"304\",\"responseTime\":\"190.728\"}","timestamp":"2025-12-01T16:02:59.164Z"}
{"level":"\u001b[32minfo\u001b[39m","message":"{\"method\":\"GET\",\"url\":\"/api/v1/playlist/user/692891628b3cde57350a5bfa\",\"status\":\"304\",\"responseTime\":\"155.440\"}","timestamp":"2025-12-01T16:03:01.851Z"}
{"level":"\u001b[32minfo\u001b[39m","message":"{\"method\":\"GET\",\"url\":\"/api/v1/playlist/user/692891628b3cde57350a5bfa\",\"status\":\"304\",\"responseTime\":\"157.579\"}","timestamp":"2025-12-01T16:03:02.016Z"}
{"level":"\u001b[32minfo\u001b[39m","message":"{\"method\":\"PATCH\",\"url\":\"/api/v1/playlist/692d7b3611fa630befe79297\",\"status\":\"200\",\"responseTime\":\"275.672\"}","timestamp":"2025-12-01T16:03:12.725Z"}
{"level":"\u001b[32minfo\u001b[39m","message":"{\"method\":\"GET\",\"url\":\"/api/v1/videos/\",\"status\":\"304\",\"responseTime\":\"179.235\"}","timestamp":"2025-12-01T16:03:15.180Z"}
{"level":"\u001b[32minfo\u001b[39m","message":"{\"method\":\"GET\",\"url\":\"/api/v1/tweets/\",\"status\":\"304\",\"responseTime\":\"165.736\"}","timestamp":"2025-12-01T16:03:15.183Z"}
{"level":"\u001b[32minfo\u001b[39m","message":"{\"method\":\"GET\",\"url\":\"/api/v1/videos/\",\"status\":\"304\",\"responseTime\":\"148.538\"}","timestamp":"2025-12-01T16:03:15.336Z"}
{"level":"\u001b[32minfo\u001b[39m","message":"{\"method\":\"GET\",\"url\":\"/api/v1/tweets/\",\"status\":\"304\",\"responseTime\":\"145.451\"}","timestamp":"2025-12-01T16:03:15.340Z"}
{"level":"\u001b[32minfo\u001b[39m","message":"{\"method\":\"GET\",\"url\":\"/api/v1/users/u/692891628b3cde57350a5bfa\",\"status\":\"304\",\"responseTime\":\"84.734\"}","timestamp":"2025-12-01T16:03:19.693Z"}
{"level":"\u001b[32minfo\u001b[39m","message":"{\"method\":\"GET\",\"url\":\"/api/v1/users/u/692891628b3cde57350a5bfa\",\"status\":\"304\",\"responseTime\":\"235.930\"}","timestamp":"2025-12-01T16:03:19.942Z"}
{"level":"\u001b[32minfo\u001b[39m","message":"{\"method\":\"GET\",\"url\":\"/api/v1/users/u/692891628b3cde57350a5bfa\",\"status\":\"304\",\"responseTime\":\"94.983\"}","timestamp":"2025-12-01T16:03:20.044Z"}
{"level":"\u001b[32minfo\u001b[39m","message":"{\"method\":\"GET\",\"url\":\"/api/v1/users/u/692891628b3cde57350a5bfa\",\"status\":\"304\",\"responseTime\":\"142.403\"}","timestamp":"2025-12-01T16:03:20.195Z"}
{"level":"\u001b[32minfo\u001b[39m","message":"{\"method\":\"POST\",\"url\":\"/api/v1/tweets/\",\"status\":\"201\",\"responseTime\":\"516.383\"}","timestamp":"2025-12-01T16:03:24.961Z"}
{"level":"\u001b[32minfo\u001b[39m","message":"{\"method\":\"GET\",\"url\":\"/api/v1/users/u/692891628b3cde57350a5bfa\",\"status\":\"304\",\"responseTime\":\"156.914\"}","timestamp":"2025-12-01T16:03:25.149Z"}
{"level":"\u001b[32minfo\u001b[39m","message":"{\"method\":\"GET\",\"url\":\"/api/v1/users/u/692891628b3cde57350a5bfa\",\"status\":\"304\",\"responseTime\":\"212.988\"}","timestamp":"2025-12-01T16:03:25.371Z"}
{"level":"\u001b[32minfo\u001b[39m","message":"{\"method\":\"GET\",\"url\":\"/api/v1/notifications/unread-count\",\"status\":\"304\",\"responseTime\":\"241.534\"}","timestamp":"2025-12-01T16:03:28.647Z"}
{"level":"\u001b[32minfo\u001b[39m","message":"{\"method\":\"GET\",\"url\":\"/api/v1/playlist/user/692891628b3cde57350a5bfa\",\"status\":\"200\",\"responseTime\":\"249.398\"}","timestamp":"2025-12-01T16:03:36.359Z"}
{"level":"\u001b[32minfo\u001b[39m","message":"{\"method\":\"GET\",\"url\":\"/api/v1/videos/692ac42f47df639c9b6f7cdb\",\"status\":\"201\",\"responseTime\":\"205.532\"}","timestamp":"2025-12-01T16:03:38.580Z"}
{"level":"\u001b[32minfo\u001b[39m","message":"{\"method\":\"PATCH\",\"url\":\"/api/v1/playlist/add/692ac42f47df639c9b6f7cdb/692d7b3611fa630befe79297\",\"status\":\"200\",\"responseTime\":\"228.193\"}","timestamp":"2025-12-01T16:03:38.584Z"}
{"level":"\u001b[32minfo\u001b[39m","message":"{\"method\":\"GET\",\"url\":\"/api/v1/videos/692ac42f47df639c9b6f7cdb\",\"status\":\"201\",\"responseTime\":\"298.937\"}","timestamp":"2025-12-01T16:03:38.890Z"}
{"level":"\u001b[32minfo\u001b[39m","message":"{\"method\":\"GET\",\"url\":\"/api/v1/comments/692ac42f47df639c9b6f7cdb\",\"status\":\"201\",\"responseTime\":\"294.320\"}","timestamp":"2025-12-01T16:03:38.891Z"}
{"level":"\u001b[32minfo\u001b[39m","message":"{\"method\":\"GET\",\"url\":\"/api/v1/comments/692ac42f47df639c9b6f7cdb\",\"status\":\"201\",\"responseTime\":\"288.765\"}","timestamp":"2025-12-01T16:03:39.196Z"}
{"0":"692ac42f47df639c9b6f7cdb","1":"692af1f38c717288f603c206","2":"692898da696e5d9c996d3046","3":"6928997c696e5d9c996d304b","4":"6928961613409b594dc01255","level":"\u001b[32minfo\u001b[39m","message":"Updated watch history: ","timestamp":"2025-12-01T16:03:39.230Z"}
{"level":"\u001b[32minfo\u001b[39m","message":"{\"method\":\"PATCH\",\"url\":\"/api/v1/users/history/add/692ac42f47df639c9b6f7cdb\",\"status\":\"200\",\"responseTime\":\"323.839\"}","timestamp":"2025-12-01T16:03:39.233Z"}
{"0":"692ac42f47df639c9b6f7cdb","1":"692af1f38c717288f603c206","2":"692898da696e5d9c996d3046","3":"6928997c696e5d9c996d304b","4":"6928961613409b594dc01255","level":"\u001b[32minfo\u001b[39m","message":"Updated watch history: ","timestamp":"2025-12-01T16:03:39.502Z"}
{"level":"\u001b[32minfo\u001b[39m","message":"{\"method\":\"PATCH\",\"url\":\"/api/v1/users/history/add/692ac42f47df639c9b6f7cdb\",\"status\":\"200\",\"responseTime\":\"294.957\"}","timestamp":"2025-12-01T16:03:39.504Z"}
{"level":"\u001b[32minfo\u001b[39m","message":"{\"method\":\"PATCH\",\"url\":\"/api/v1/videos/views/692ac42f47df639c9b6f7cdb\",\"status\":\"200\",\"responseTime\":\"260.592\"}","timestamp":"2025-12-01T16:03:39.507Z"}
{"level":"\u001b[32minfo\u001b[39m","message":"{\"method\":\"PATCH\",\"url\":\"/api/v1/videos/views/692ac42f47df639c9b6f7cdb\",\"status\":\"200\",\"responseTime\":\"191.041\"}","timestamp":"2025-12-01T16:03:39.708Z"}
{"level":"\u001b[32minfo\u001b[39m","message":"{\"method\":\"GET\",\"url\":\"/api/v1/playlist/user/692891628b3cde57350a5bfa\",\"status\":\"200\",\"responseTime\":\"232.002\"}","timestamp":"2025-12-01T16:03:44.018Z"}
{"level":"\u001b[32minfo\u001b[39m","message":"{\"method\":\"GET\",\"url\":\"/api/v1/playlist/user/692891628b3cde57350a5bfa\",\"status\":\"304\",\"responseTime\":\"298.072\"}","timestamp":"2025-12-01T16:03:44.323Z"}
{"level":"\u001b[32minfo\u001b[39m","message":"{\"method\":\"GET\",\"url\":\"/api/v1/notifications/unread-count\",\"status\":\"304\",\"responseTime\":\"173.944\"}","timestamp":"2025-12-01T16:03:59.582Z"}
{"level":"\u001b[32minfo\u001b[39m","message":"{\"method\":\"GET\",\"url\":\"/api/v1/videos/\",\"status\":\"200\",\"responseTime\":\"88.565\"}","timestamp":"2025-12-01T16:04:07.969Z"}
{"level":"\u001b[32minfo\u001b[39m","message":"{\"method\":\"GET\",\"url\":\"/api/v1/tweets/\",\"status\":\"200\",\"responseTime\":\"89.038\"}","timestamp":"2025-12-01T16:04:07.986Z"}
{"level":"\u001b[32minfo\u001b[39m","message":"{\"method\":\"GET\",\"url\":\"/api/v1/videos/\",\"status\":\"304\",\"responseTime\":\"108.972\"}","timestamp":"2025-12-01T16:04:08.088Z"}
{"level":"\u001b[32minfo\u001b[39m","message":"{\"method\":\"GET\",\"url\":\"/api/v1/tweets/\",\"status\":\"304\",\"responseTime\":\"97.423\"}","timestamp":"2025-12-01T16:04:08.092Z"}
{"level":"\u001b[32minfo\u001b[39m","message":"{\"method\":\"GET\",\"url\":\"/api/v1/videos/692af1f38c717288f603c206\",\"status\":\"201\",\"responseTime\":\"289.156\"}","timestamp":"2025-12-01T16:04:14.738Z"}
{"level":"\u001b[32minfo\u001b[39m","message":"{\"method\":\"GET\",\"url\":\"/api/v1/comments/692af1f38c717288f603c206\",\"status\":\"201\",\"responseTime\":\"136.924\"}","timestamp":"2025-12-01T16:04:14.889Z"}
{"level":"\u001b[32minfo\u001b[39m","message":"{\"method\":\"GET\",\"url\":\"/api/v1/videos/692af1f38c717288f603c206\",\"status\":\"201\",\"responseTime\":\"150.354\"}","timestamp":"2025-12-01T16:04:14.896Z"}
{"level":"\u001b[32minfo\u001b[39m","message":"{\"method\":\"GET\",\"url\":\"/api/v1/comments/692af1f38c717288f603c206\",\"status\":\"201\",\"responseTime\":\"238.568\"}","timestamp":"2025-12-01T16:04:15.150Z"}
{"0":"692af1f38c717288f603c206","1":"692ac42f47df639c9b6f7cdb","2":"692898da696e5d9c996d3046","3":"6928997c696e5d9c996d304b","4":"6928961613409b594dc01255","level":"\u001b[32minfo\u001b[39m","message":"Updated watch history: ","timestamp":"2025-12-01T16:04:15.185Z"}
{"level":"\u001b[32minfo\u001b[39m","message":"{\"method\":\"PATCH\",\"url\":\"/api/v1/users/history/add/692af1f38c717288f603c206\",\"status\":\"200\",\"responseTime\":\"282.137\"}","timestamp":"2025-12-01T16:04:15.186Z"}
{"level":"\u001b[32minfo\u001b[39m","message":"{\"method\":\"PATCH\",\"url\":\"/api/v1/videos/views/692af1f38c717288f603c206\",\"status\":\"200\",\"responseTime\":\"358.188\"}","timestamp":"2025-12-01T16:04:15.558Z"}
{"0":"692af1f38c717288f603c206","1":"692ac42f47df639c9b6f7cdb","2":"692898da696e5d9c996d3046","3":"6928997c696e5d9c996d304b","4":"6928961613409b594dc01255","level":"\u001b[32minfo\u001b[39m","message":"Updated watch history: ","timestamp":"2025-12-01T16:04:15.559Z"}
{"level":"\u001b[32minfo\u001b[39m","message":"{\"method\":\"PATCH\",\"url\":\"/api/v1/users/history/add/692af1f38c717288f603c206\",\"status\":\"200\",\"responseTime\":\"399.642\"}","timestamp":"2025-12-01T16:04:15.561Z"}
{"level":"\u001b[32minfo\u001b[39m","message":"{\"method\":\"PATCH\",\"url\":\"/api/v1/videos/views/692af1f38c717288f603c206\",\"status\":\"200\",\"responseTime\":\"177.780\"}","timestamp":"2025-12-01T16:04:15.764Z"}
{"level":"\u001b[32minfo\u001b[39m","message":"{\"method\":\"GET\",\"url\":\"/api/v1/videos/\",\"status\":\"200\",\"responseTime\":\"90.948\"}","timestamp":"2025-12-01T16:04:16.580Z"}
{"level":"\u001b[32minfo\u001b[39m","message":"{\"method\":\"GET\",\"url\":\"/api/v1/tweets/\",\"status\":\"304\",\"responseTime\":\"82.334\"}","timestamp":"2025-12-01T16:04:16.585Z"}
{"level":"\u001b[32minfo\u001b[39m","message":"{\"method\":\"GET\",\"url\":\"/api/v1/videos/\",\"status\":\"304\",\"responseTime\":\"161.285\"}","timestamp":"2025-12-01T16:04:16.755Z"}
{"level":"\u001b[32minfo\u001b[39m","message":"{\"method\":\"GET\",\"url\":\"/api/v1/tweets/\",\"status\":\"304\",\"responseTime\":\"164.919\"}","timestamp":"2025-12-01T16:04:16.767Z"}
{"level":"\u001b[32minfo\u001b[39m","message":"{\"method\":\"GET\",\"url\":\"/api/v1/notifications/unread-count\",\"status\":\"304\",\"responseTime\":\"154.489\"}","timestamp":"2025-12-01T16:04:28.561Z"}
{"level":"\u001b[32minfo\u001b[39m","message":"{\"method\":\"GET\",\"url\":\"/api/v1/notifications/unread-count\",\"status\":\"304\",\"responseTime\":\"180.801\"}","timestamp":"2025-12-01T16:04:59.590Z"}
{"level":"\u001b[32minfo\u001b[39m","message":"{\"method\":\"GET\",\"url\":\"/api/v1/notifications/unread-count\",\"status\":\"304\",\"responseTime\":\"158.368\"}","timestamp":"2025-12-01T16:05:28.573Z"}
{"level":"\u001b[32minfo\u001b[39m","message":"{\"method\":\"GET\",\"url\":\"/api/v1/playlist/user/692891628b3cde57350a5bfa\",\"status\":\"304\",\"responseTime\":\"337.300\"}","timestamp":"2025-12-01T16:05:37.482Z"}
{"level":"\u001b[32minfo\u001b[39m","message":"{\"method\":\"GET\",\"url\":\"/api/v1/videos/692af1f38c717288f603c206\",\"status\":\"201\",\"responseTime\":\"355.471\"}","timestamp":"2025-12-01T16:05:39.018Z"}
{"level":"\u001b[32minfo\u001b[39m","message":"{\"method\":\"GET\",\"url\":\"/api/v1/videos/692af1f38c717288f603c206\",\"status\":\"201\",\"responseTime\":\"196.022\"}","timestamp":"2025-12-01T16:05:39.223Z"}
{"level":"\u001b[32minfo\u001b[39m","message":"{\"method\":\"GET\",\"url\":\"/api/v1/comments/692af1f38c717288f603c206\",\"status\":\"201\",\"responseTime\":\"192.203\"}","timestamp":"2025-12-01T16:05:39.226Z"}
{"level":"\u001b[32minfo\u001b[39m","message":"{\"method\":\"GET\",\"url\":\"/api/v1/comments/692af1f38c717288f603c206\",\"status\":\"201\",\"responseTime\":\"193.645\"}","timestamp":"2025-12-01T16:05:39.431Z"}
{"0":"692af1f38c717288f603c206","1":"692ac42f47df639c9b6f7cdb","2":"692898da696e5d9c996d3046","3":"6928997c696e5d9c996d304b","4":"6928961613409b594dc01255","level":"\u001b[32minfo\u001b[39m","message":"Updated watch history: ","timestamp":"2025-12-01T16:05:39.529Z"}
{"level":"\u001b[32minfo\u001b[39m","message":"{\"method\":\"PATCH\",\"url\":\"/api/v1/users/history/add/692af1f38c717288f603c206\",\"status\":\"200\",\"responseTime\":\"292.473\"}","timestamp":"2025-12-01T16:05:39.531Z"}
{"level":"\u001b[32minfo\u001b[39m","message":"{\"method\":\"PATCH\",\"url\":\"/api/v1/videos/views/692af1f38c717288f603c206\",\"status\":\"200\",\"responseTime\":\"293.617\"}","timestamp":"2025-12-01T16:05:39.837Z"}
{"0":"692af1f38c717288f603c206","1":"692ac42f47df639c9b6f7cdb","2":"692898da696e5d9c996d3046","3":"6928997c696e5d9c996d304b","4":"6928961613409b594dc01255","level":"\u001b[32minfo\u001b[39m","message":"Updated watch history: ","timestamp":"2025-12-01T16:05:39.841Z"}
{"level":"\u001b[32minfo\u001b[39m","message":"{\"method\":\"PATCH\",\"url\":\"/api/v1/users/history/add/692af1f38c717288f603c206\",\"status\":\"200\",\"responseTime\":\"398.148\"}","timestamp":"2025-12-01T16:05:39.842Z"}
{"level":"\u001b[32minfo\u001b[39m","message":"{\"method\":\"PATCH\",\"url\":\"/api/v1/videos/views/692af1f38c717288f603c206\",\"status\":\"200\",\"responseTime\":\"280.614\"}","timestamp":"2025-12-01T16:05:40.147Z"}
{"level":"\u001b[32minfo\u001b[39m","message":"{\"method\":\"GET\",\"url\":\"/api/v1/tweets/\",\"status\":\"304\",\"responseTime\":\"208.281\"}","timestamp":"2025-12-01T16:05:41.049Z"}
{"level":"\u001b[32minfo\u001b[39m","message":"{\"method\":\"GET\",\"url\":\"/api/v1/videos/\",\"status\":\"200\",\"responseTime\":\"206.663\"}","timestamp":"2025-12-01T16:05:41.052Z"}
{"level":"\u001b[32minfo\u001b[39m","message":"{\"method\":\"GET\",\"url\":\"/api/v1/tweets/\",\"status\":\"304\",\"responseTime\":\"82.793\"}","timestamp":"2025-12-01T16:05:41.138Z"}
{"level":"\u001b[32minfo\u001b[39m","message":"{\"method\":\"GET\",\"url\":\"/api/v1/videos/\",\"status\":\"304\",\"responseTime\":\"81.212\"}","timestamp":"2025-12-01T16:05:41.141Z"}
{"level":"\u001b[32minfo\u001b[39m","message":"{\"method\":\"GET\",\"url\":\"/api/v1/playlist/user/692891628b3cde57350a5bfa\",\"status\":\"304\",\"responseTime\":\"278.532\"}","timestamp":"2025-12-01T16:05:49.970Z"}
{"level":"\u001b[32minfo\u001b[39m","message":"{\"method\":\"GET\",\"url\":\"/api/v1/videos/6928961613409b594dc01255\",\"status\":\"201\",\"responseTime\":\"258.051\"}","timestamp":"2025-12-01T16:05:53.213Z"}
{"level":"\u001b[32minfo\u001b[39m","message":"{\"method\":\"GET\",\"url\":\"/api/v1/videos/6928961613409b594dc01255\",\"status\":\"201\",\"responseTime\":\"238.031\"}","timestamp":"2025-12-01T16:05:53.458Z"}
{"level":"\u001b[32minfo\u001b[39m","message":"{\"method\":\"GET\",\"url\":\"/api/v1/comments/6928961613409b594dc01255\",\"status\":\"201\",\"responseTime\":\"372.332\"}","timestamp":"2025-12-01T16:05:53.634Z"}
{"level":"\u001b[32minfo\u001b[39m","message":"{\"method\":\"GET\",\"url\":\"/api/v1/comments/6928961613409b594dc01255\",\"status\":\"201\",\"responseTime\":\"216.712\"}","timestamp":"2025-12-01T16:05:53.860Z"}
{"0":"6928961613409b594dc01255","1":"692af1f38c717288f603c206","2":"692ac42f47df639c9b6f7cdb","3":"692898da696e5d9c996d3046","4":"6928997c696e5d9c996d304b","level":"\u001b[32minfo\u001b[39m","message":"Updated watch history: ","timestamp":"2025-12-01T16:05:53.871Z"}
{"level":"\u001b[32minfo\u001b[39m","message":"{\"method\":\"PATCH\",\"url\":\"/api/v1/users/history/add/6928961613409b594dc01255\",\"status\":\"200\",\"responseTime\":\"225.235\"}","timestamp":"2025-12-01T16:05:53.874Z"}
{"level":"\u001b[32minfo\u001b[39m","message":"{\"method\":\"PATCH\",\"url\":\"/api/v1/videos/views/6928961613409b594dc01255\",\"status\":\"200\",\"responseTime\":\"275.686\"}","timestamp":"2025-12-01T16:05:54.166Z"}
{"0":"6928961613409b594dc01255","1":"692af1f38c717288f603c206","2":"692ac42f47df639c9b6f7cdb","3":"692898da696e5d9c996d3046","4":"6928997c696e5d9c996d304b","level":"\u001b[32minfo\u001b[39m","message":"Updated watch history: ","timestamp":"2025-12-01T16:05:54.209Z"}
{"level":"\u001b[32minfo\u001b[39m","message":"{\"method\":\"PATCH\",\"url\":\"/api/v1/users/history/add/6928961613409b594dc01255\",\"status\":\"200\",\"responseTime\":\"335.309\"}","timestamp":"2025-12-01T16:05:54.212Z"}
{"level":"\u001b[32minfo\u001b[39m","message":"{\"method\":\"PATCH\",\"url\":\"/api/v1/videos/views/6928961613409b594dc01255\",\"status\":\"200\",\"responseTime\":\"346.767\"}","timestamp":"2025-12-01T16:05:54.578Z"}
{"level":"\u001b[32minfo\u001b[39m","message":"{\"method\":\"GET\",\"url\":\"/api/v1/tweets/\",\"status\":\"304\",\"responseTime\":\"199.900\"}","timestamp":"2025-12-01T16:05:55.055Z"}
{"level":"\u001b[32minfo\u001b[39m","message":"{\"method\":\"GET\",\"url\":\"/api/v1/videos/\",\"status\":\"200\",\"responseTime\":\"204.933\"}","timestamp":"2025-12-01T16:05:55.058Z"}
{"level":"\u001b[32minfo\u001b[39m","message":"{\"method\":\"GET\",\"url\":\"/api/v1/tweets/\",\"status\":\"304\",\"responseTime\":\"143.403\"}","timestamp":"2025-12-01T16:05:55.206Z"}
{"level":"\u001b[32minfo\u001b[39m","message":"{\"method\":\"GET\",\"url\":\"/api/v1/videos/\",\"status\":\"304\",\"responseTime\":\"144.290\"}","timestamp":"2025-12-01T16:05:55.211Z"}
{"level":"\u001b[32minfo\u001b[39m","message":"{\"method\":\"GET\",\"url\":\"/api/v1/notifications/unread-count\",\"status\":\"304\",\"responseTime\":\"69.619\"}","timestamp":"2025-12-01T16:05:58.866Z"}
{"level":"\u001b[32minfo\u001b[39m","message":"{\"method\":\"GET\",\"url\":\"/api/v1/playlist/user/692891628b3cde57350a5bfa\",\"status\":\"304\",\"responseTime\":\"276.753\"}","timestamp":"2025-12-01T16:05:59.817Z"}
{"level":"\u001b[32minfo\u001b[39m","message":"{\"method\":\"GET\",\"url\":\"/api/v1/videos/6928961613409b594dc01255\",\"status\":\"201\",\"responseTime\":\"287.742\"}","timestamp":"2025-12-01T16:06:02.370Z"}
{"level":"\u001b[32minfo\u001b[39m","message":"{\"method\":\"GET\",\"url\":\"/api/v1/videos/6928961613409b594dc01255\",\"status\":\"201\",\"responseTime\":\"233.371\"}","timestamp":"2025-12-01T16:06:02.608Z"}
{"level":"\u001b[32minfo\u001b[39m","message":"{\"method\":\"GET\",\"url\":\"/api/v1/comments/6928961613409b594dc01255\",\"status\":\"201\",\"responseTime\":\"265.959\"}","timestamp":"2025-12-01T16:06:02.645Z"}
{"level":"\u001b[32minfo\u001b[39m","message":"{\"method\":\"GET\",\"url\":\"/api/v1/comments/6928961613409b594dc01255\",\"status\":\"201\",\"responseTime\":\"254.878\"}","timestamp":"2025-12-01T16:06:02.911Z"}
{"0":"6928961613409b594dc01255","1":"692af1f38c717288f603c206","2":"692ac42f47df639c9b6f7cdb","3":"692898da696e5d9c996d3046","4":"6928997c696e5d9c996d304b","level":"\u001b[32minfo\u001b[39m","message":"Updated watch history: ","timestamp":"2025-12-01T16:06:02.913Z"}
{"level":"\u001b[32minfo\u001b[39m","message":"{\"method\":\"PATCH\",\"url\":\"/api/v1/users/history/add/6928961613409b594dc01255\",\"status\":\"200\",\"responseTime\":\"254.828\"}","timestamp":"2025-12-01T16:06:02.914Z"}
{"level":"\u001b[32minfo\u001b[39m","message":"{\"method\":\"GET\",\"url\":\"/api/v1/videos/\",\"status\":\"200\",\"responseTime\":\"83.089\"}","timestamp":"2025-12-01T16:06:03.049Z"}
{"level":"\u001b[32minfo\u001b[39m","message":"{\"method\":\"GET\",\"url\":\"/api/v1/tweets/\",\"status\":\"304\",\"responseTime\":\"76.958\"}","timestamp":"2025-12-01T16:06:03.054Z"}
{"level":"\u001b[32minfo\u001b[39m","message":"{\"method\":\"PATCH\",\"url\":\"/api/v1/videos/views/6928961613409b594dc01255\",\"status\":\"200\",\"responseTime\":\"105.126\"}","timestamp":"2025-12-01T16:06:03.102Z"}
{"0":"6928961613409b594dc01255","1":"692af1f38c717288f603c206","2":"692ac42f47df639c9b6f7cdb","3":"692898da696e5d9c996d3046","4":"6928997c696e5d9c996d304b","level":"\u001b[32minfo\u001b[39m","message":"Updated watch history: ","timestamp":"2025-12-01T16:06:03.149Z"}
{"level":"\u001b[32minfo\u001b[39m","message":"{\"method\":\"PATCH\",\"url\":\"/api/v1/users/history/add/6928961613409b594dc01255\",\"status\":\"200\",\"responseTime\":\"162.693\"}","timestamp":"2025-12-01T16:06:03.153Z"}
{"level":"\u001b[32minfo\u001b[39m","message":"{\"method\":\"GET\",\"url\":\"/api/v1/videos/\",\"status\":\"200\",\"responseTime\":\"88.068\"}","timestamp":"2025-12-01T16:06:03.161Z"}
{"level":"\u001b[32minfo\u001b[39m","message":"{\"method\":\"GET\",\"url\":\"/api/v1/tweets/\",\"status\":\"304\",\"responseTime\":\"94.541\"}","timestamp":"2025-12-01T16:06:03.169Z"}
{"level":"\u001b[32minfo\u001b[39m","message":"{\"method\":\"PATCH\",\"url\":\"/api/v1/videos/views/6928961613409b594dc01255\",\"status\":\"200\",\"responseTime\":\"282.608\"}","timestamp":"2025-12-01T16:06:04.177Z"}
{"level":"\u001b[32minfo\u001b[39m","message":"{\"method\":\"GET\",\"url\":\"/api/v1/playlist/user/692891628b3cde57350a5bfa\",\"status\":\"304\",\"responseTime\":\"165.011\"}","timestamp":"2025-12-01T16:06:06.045Z"}
{"level":"\u001b[32minfo\u001b[39m","message":"{\"method\":\"GET\",\"url\":\"/api/v1/videos/6928961613409b594dc01255\",\"status\":\"201\",\"responseTime\":\"346.706\"}","timestamp":"2025-12-01T16:06:07.787Z"}
{"level":"\u001b[32minfo\u001b[39m","message":"{\"method\":\"GET\",\"url\":\"/api/v1/videos/6928961613409b594dc01255\",\"status\":\"201\",\"responseTime\":\"186.657\"}","timestamp":"2025-12-01T16:06:07.981Z"}
{"level":"\u001b[32minfo\u001b[39m","message":"{\"method\":\"GET\",\"url\":\"/api/v1/comments/6928961613409b594dc01255\",\"status\":\"201\",\"responseTime\":\"228.470\"}","timestamp":"2025-12-01T16:06:08.033Z"}
{"level":"\u001b[32minfo\u001b[39m","message":"{\"method\":\"GET\",\"url\":\"/api/v1/comments/6928961613409b594dc01255\",\"status\":\"201\",\"responseTime\":\"346.851\"}","timestamp":"2025-12-01T16:06:08.385Z"}
{"0":"6928961613409b594dc01255","1":"692af1f38c717288f603c206","2":"692ac42f47df639c9b6f7cdb","3":"692898da696e5d9c996d3046","4":"6928997c696e5d9c996d304b","level":"\u001b[32minfo\u001b[39m","message":"Updated watch history: ","timestamp":"2025-12-01T16:06:08.387Z"}
{"level":"\u001b[32minfo\u001b[39m","message":"{\"method\":\"PATCH\",\"url\":\"/api/v1/users/history/add/6928961613409b594dc01255\",\"status\":\"200\",\"responseTime\":\"342.468\"}","timestamp":"2025-12-01T16:06:08.388Z"}
{"level":"\u001b[32minfo\u001b[39m","message":"{\"method\":\"PATCH\",\"url\":\"/api/v1/videos/views/6928961613409b594dc01255\",\"status\":\"200\",\"responseTime\":\"299.433\"}","timestamp":"2025-12-01T16:06:08.708Z"}
{"0":"6928961613409b594dc01255","1":"692af1f38c717288f603c206","2":"692ac42f47df639c9b6f7cdb","3":"692898da696e5d9c996d3046","4":"6928997c696e5d9c996d304b","level":"\u001b[32minfo\u001b[39m","message":"Updated watch history: ","timestamp":"2025-12-01T16:06:08.761Z"}
{"level":"\u001b[32minfo\u001b[39m","message":"{\"method\":\"PATCH\",\"url\":\"/api/v1/users/history/add/6928961613409b594dc01255\",\"status\":\"200\",\"responseTime\":\"358.231\"}","timestamp":"2025-12-01T16:06:08.763Z"}
{"level":"\u001b[32minfo\u001b[39m","message":"{\"method\":\"GET\",\"url\":\"/api/v1/tweets/\",\"status\":\"304\",\"responseTime\":\"74.707\"}","timestamp":"2025-12-01T16:06:08.828Z"}
{"level":"\u001b[32minfo\u001b[39m","message":"{\"method\":\"GET\",\"url\":\"/api/v1/videos/\",\"status\":\"200\",\"responseTime\":\"97.103\"}","timestamp":"2025-12-01T16:06:08.835Z"}
{"level":"\u001b[32minfo\u001b[39m","message":"{\"method\":\"PATCH\",\"url\":\"/api/v1/videos/views/6928961613409b594dc01255\",\"status\":\"200\",\"responseTime\":\"120.960\"}","timestamp":"2025-12-01T16:06:08.902Z"}
{"level":"\u001b[32minfo\u001b[39m","message":"{\"method\":\"GET\",\"url\":\"/api/v1/tweets/\",\"status\":\"304\",\"responseTime\":\"121.896\"}","timestamp":"2025-12-01T16:06:08.962Z"}
{"level":"\u001b[32minfo\u001b[39m","message":"{\"method\":\"GET\",\"url\":\"/api/v1/videos/\",\"status\":\"304\",\"responseTime\":\"119.226\"}","timestamp":"2025-12-01T16:06:08.968Z"}
{"level":"\u001b[32minfo\u001b[39m","message":"{\"method\":\"GET\",\"url\":\"/api/v1/notifications/unread-count\",\"status\":\"304\",\"responseTime\":\"165.800\"}","timestamp":"2025-12-01T16:06:28.568Z"}
{"level":"\u001b[32minfo\u001b[39m","message":"{\"method\":\"GET\",\"url\":\"/api/v1/notifications/unread-count\",\"status\":\"304\",\"responseTime\":\"206.947\"}","timestamp":"2025-12-01T16:06:59.614Z"}
{"level":"\u001b[32minfo\u001b[39m","message":"{\"method\":\"GET\",\"url\":\"/api/v1/notifications/unread-count\",\"status\":\"304\",\"responseTime\":\"187.510\"}","timestamp":"2025-12-01T16:07:28.593Z"}
{"level":"\u001b[32minfo\u001b[39m","message":"{\"method\":\"GET\",\"url\":\"/api/v1/notifications/unread-count\",\"status\":\"304\",\"responseTime\":\"212.873\"}","timestamp":"2025-12-01T16:07:59.630Z"}
{"level":"\u001b[32minfo\u001b[39m","message":"{\"method\":\"GET\",\"url\":\"/api/v1/notifications/unread-count\",\"status\":\"304\",\"responseTime\":\"181.667\"}","timestamp":"2025-12-01T16:08:28.607Z"}
{"level":"\u001b[32minfo\u001b[39m","message":"{\"method\":\"GET\",\"url\":\"/api/v1/notifications/unread-count\",\"status\":\"304\",\"responseTime\":\"230.719\"}","timestamp":"2025-12-01T16:08:59.629Z"}
{"level":"\u001b[32minfo\u001b[39m","message":"{\"method\":\"GET\",\"url\":\"/api/v1/notifications/unread-count\",\"status\":\"304\",\"responseTime\":\"210.241\"}","timestamp":"2025-12-01T16:09:28.610Z"}
{"level":"\u001b[32minfo\u001b[39m","message":"{\"method\":\"GET\",\"url\":\"/api/v1/notifications/unread-count\",\"status\":\"304\",\"responseTime\":\"225.965\"}","timestamp":"2025-12-01T16:10:28.623Z"}
{"level":"\u001b[32minfo\u001b[39m","message":"{\"method\":\"GET\",\"url\":\"/api/v1/notifications/unread-count\",\"status\":\"304\",\"responseTime\":\"198.288\"}","timestamp":"2025-12-01T16:10:28.827Z"}
{"level":"\u001b[32minfo\u001b[39m","message":"{\"method\":\"GET\",\"url\":\"/api/v1/notifications/unread-count\",\"status\":\"304\",\"responseTime\":\"219.276\"}","timestamp":"2025-12-01T16:11:28.636Z"}
{"level":"\u001b[32minfo\u001b[39m","message":"{\"method\":\"GET\",\"url\":\"/api/v1/notifications/unread-count\",\"status\":\"304\",\"responseTime\":\"199.473\"}","timestamp":"2025-12-01T16:11:28.841Z"}
{"level":"\u001b[32minfo\u001b[39m","message":"{\"method\":\"GET\",\"url\":\"/api/v1/notifications/unread-count\",\"status\":\"304\",\"responseTime\":\"233.930\"}","timestamp":"2025-12-01T16:12:28.650Z"}
{"level":"\u001b[32minfo\u001b[39m","message":"{\"method\":\"GET\",\"url\":\"/api/v1/notifications/unread-count\",\"status\":\"304\",\"responseTime\":\"198.637\"}","timestamp":"2025-12-01T16:12:28.856Z"}
{"level":"\u001b[32minfo\u001b[39m","message":"{\"method\":\"GET\",\"url\":\"/api/v1/notifications/unread-count\",\"status\":\"304\",\"responseTime\":\"136.659\"}","timestamp":"2025-12-01T16:13:28.551Z"}
{"level":"\u001b[32minfo\u001b[39m","message":"{\"method\":\"GET\",\"url\":\"/api/v1/notifications/unread-count\",\"status\":\"304\",\"responseTime\":\"194.004\"}","timestamp":"2025-12-01T16:13:28.757Z"}
{"level":"\u001b[32minfo\u001b[39m","message":"{\"method\":\"GET\",\"url\":\"/api/v1/notifications/unread-count\",\"status\":\"304\",\"responseTime\":\"135.237\"}","timestamp":"2025-12-01T16:14:28.546Z"}
{"level":"\u001b[32minfo\u001b[39m","message":"{\"method\":\"GET\",\"url\":\"/api/v1/notifications/unread-count\",\"status\":\"304\",\"responseTime\":\"182.968\"}","timestamp":"2025-12-01T16:14:28.734Z"}
{"level":"\u001b[32minfo\u001b[39m","message":"{\"method\":\"GET\",\"url\":\"/api/v1/notifications/unread-count\",\"status\":\"304\",\"responseTime\":\"160.399\"}","timestamp":"2025-12-01T16:15:28.578Z"}
{"level":"\u001b[32minfo\u001b[39m","message":"{\"method\":\"GET\",\"url\":\"/api/v1/notifications/unread-count\",\"status\":\"304\",\"responseTime\":\"194.445\"}","timestamp":"2025-12-01T16:15:28.782Z"}
{"level":"\u001b[32minfo\u001b[39m","message":"{\"method\":\"GET\",\"url\":\"/api/v1/notifications/unread-count\",\"status\":\"304\",\"responseTime\":\"167.498\"}","timestamp":"2025-12-01T16:16:28.588Z"}
{"level":"\u001b[32minfo\u001b[39m","message":"{\"method\":\"GET\",\"url\":\"/api/v1/notifications/unread-count\",\"status\":\"304\",\"responseTime\":\"196.184\"}","timestamp":"2025-12-01T16:16:28.791Z"}
{"level":"\u001b[32minfo\u001b[39m","message":"{\"method\":\"GET\",\"url\":\"/api/v1/notifications/unread-count\",\"status\":\"304\",\"responseTime\":\"182.111\"}","timestamp":"2025-12-01T16:17:28.602Z"}
{"level":"\u001b[32minfo\u001b[39m","message":"{\"method\":\"GET\",\"url\":\"/api/v1/notifications/unread-count\",\"status\":\"304\",\"responseTime\":\"198.807\"}","timestamp":"2025-12-01T16:17:28.807Z"}
{"level":"\u001b[32minfo\u001b[39m","message":"{\"method\":\"GET\",\"url\":\"/api/v1/notifications/unread-count\",\"status\":\"304\",\"responseTime\":\"190.740\"}","timestamp":"2025-12-01T16:18:28.611Z"}
{"level":"\u001b[32minfo\u001b[39m","message":"{\"method\":\"GET\",\"url\":\"/api/v1/notifications/unread-count\",\"status\":\"304\",\"responseTime\":\"196.175\"}","timestamp":"2025-12-01T16:18:28.817Z"}
{"level":"\u001b[32minfo\u001b[39m","message":"{\"method\":\"GET\",\"url\":\"/api/v1/notifications/unread-count\",\"status\":\"304\",\"responseTime\":\"179.145\"}","timestamp":"2025-12-01T16:19:28.584Z"}
{"level":"\u001b[32minfo\u001b[39m","message":"{\"method\":\"GET\",\"url\":\"/api/v1/notifications/unread-count\",\"status\":\"304\",\"responseTime\":\"145.816\"}","timestamp":"2025-12-01T16:19:28.735Z"}
{"level":"\u001b[32minfo\u001b[39m","message":"{\"method\":\"GET\",\"url\":\"/api/v1/notifications/unread-count\",\"status\":\"304\",\"responseTime\":\"226.586\"}","timestamp":"2025-12-01T16:20:28.632Z"}
{"level":"\u001b[32minfo\u001b[39m","message":"{\"method\":\"GET\",\"url\":\"/api/v1/notifications/unread-count\",\"status\":\"304\",\"responseTime\":\"198.537\"}","timestamp":"2025-12-01T16:20:28.837Z"}
{"level":"\u001b[32minfo\u001b[39m","message":"{\"method\":\"GET\",\"url\":\"/api/v1/notifications/unread-count\",\"status\":\"304\",\"responseTime\":\"105.303\"}","timestamp":"2025-12-01T16:21:28.516Z"}
{"level":"\u001b[32minfo\u001b[39m","message":"{\"method\":\"GET\",\"url\":\"/api/v1/notifications/unread-count\",\"status\":\"304\",\"responseTime\":\"119.113\"}","timestamp":"2025-12-01T16:21:28.642Z"}
{"level":"\u001b[32minfo\u001b[39m","message":"{\"method\":\"GET\",\"url\":\"/api/v1/notifications/unread-count\",\"status\":\"304\",\"responseTime\":\"243.456\"}","timestamp":"2025-12-01T16:22:28.655Z"}
{"level":"\u001b[32minfo\u001b[39m","message":"{\"method\":\"GET\",\"url\":\"/api/v1/notifications/unread-count\",\"status\":\"304\",\"responseTime\":\"200.594\"}","timestamp":"2025-12-01T16:22:28.861Z"}
{"level":"\u001b[32minfo\u001b[39m","message":"{\"method\":\"GET\",\"url\":\"/api/v1/notifications/unread-count\",\"status\":\"304\",\"responseTime\":\"249.125\"}","timestamp":"2025-12-01T16:23:28.658Z"}
{"level":"\u001b[32minfo\u001b[39m","message":"{\"method\":\"GET\",\"url\":\"/api/v1/notifications/unread-count\",\"status\":\"304\",\"responseTime\":\"198.730\"}","timestamp":"2025-12-01T16:23:28.864Z"}
{"level":"\u001b[32minfo\u001b[39m","message":"{\"method\":\"GET\",\"url\":\"/api/v1/notifications/unread-count\",\"status\":\"304\",\"responseTime\":\"148.776\"}","timestamp":"2025-12-01T16:24:28.558Z"}
{"level":"\u001b[32minfo\u001b[39m","message":"{\"method\":\"GET\",\"url\":\"/api/v1/notifications/unread-count\",\"status\":\"304\",\"responseTime\":\"163.114\"}","timestamp":"2025-12-01T16:24:28.726Z"}
{"level":"\u001b[32minfo\u001b[39m","message":"{\"method\":\"GET\",\"url\":\"/api/v1/playlist/user/692891628b3cde57350a5bfa\",\"status\":\"304\",\"responseTime\":\"300.622\"}","timestamp":"2025-12-01T16:24:35.026Z"}
{"level":"\u001b[32minfo\u001b[39m","message":"{\"method\":\"GET\",\"url\":\"/api/v1/videos/6928961613409b594dc01255\",\"status\":\"201\",\"responseTime\":\"205.159\"}","timestamp":"2025-12-01T16:24:36.172Z"}
{"level":"\u001b[32minfo\u001b[39m","message":"{\"method\":\"GET\",\"url\":\"/api/v1/videos/6928961613409b594dc01255\",\"status\":\"201\",\"responseTime\":\"280.448\"}","timestamp":"2025-12-01T16:24:36.461Z"}
{"level":"\u001b[32minfo\u001b[39m","message":"{\"method\":\"GET\",\"url\":\"/api/v1/comments/6928961613409b594dc01255\",\"status\":\"201\",\"responseTime\":\"322.098\"}","timestamp":"2025-12-01T16:24:36.516Z"}
{"level":"\u001b[32minfo\u001b[39m","message":"{\"method\":\"GET\",\"url\":\"/api/v1/comments/6928961613409b594dc01255\",\"status\":\"201\",\"responseTime\":\"347.667\"}","timestamp":"2025-12-01T16:24:36.873Z"}
{"0":"6928961613409b594dc01255","1":"692af1f38c717288f603c206","2":"692ac42f47df639c9b6f7cdb","3":"692898da696e5d9c996d3046","4":"6928997c696e5d9c996d304b","level":"\u001b[32minfo\u001b[39m","message":"Updated watch history: ","timestamp":"2025-12-01T16:24:36.878Z"}
{"level":"\u001b[32minfo\u001b[39m","message":"{\"method\":\"PATCH\",\"url\":\"/api/v1/users/history/add/6928961613409b594dc01255\",\"status\":\"200\",\"responseTime\":\"349.578\"}","timestamp":"2025-12-01T16:24:36.881Z"}
{"level":"\u001b[32minfo\u001b[39m","message":"{\"method\":\"PATCH\",\"url\":\"/api/v1/videos/views/6928961613409b594dc01255\",\"status\":\"200\",\"responseTime\":\"276.223\"}","timestamp":"2025-12-01T16:24:37.176Z"}
{"0":"6928961613409b594dc01255","1":"692af1f38c717288f603c206","2":"692ac42f47df639c9b6f7cdb","3":"692898da696e5d9c996d3046","4":"6928997c696e5d9c996d304b","level":"\u001b[32minfo\u001b[39m","message":"Updated watch history: ","timestamp":"2025-12-01T16:24:37.219Z"}
{"level":"\u001b[32minfo\u001b[39m","message":"{\"method\":\"PATCH\",\"url\":\"/api/v1/users/history/add/6928961613409b594dc01255\",\"status\":\"200\",\"responseTime\":\"329.609\"}","timestamp":"2025-12-01T16:24:37.223Z"}
{"level":"\u001b[32minfo\u001b[39m","message":"{\"method\":\"PATCH\",\"url\":\"/api/v1/videos/views/6928961613409b594dc01255\",\"status\":\"200\",\"responseTime\":\"322.333\"}","timestamp":"2025-12-01T16:24:37.589Z"}
{"level":"\u001b[32minfo\u001b[39m","message":"{\"method\":\"GET\",\"url\":\"/api/v1/videos/\",\"status\":\"200\",\"responseTime\":\"231.413\"}","timestamp":"2025-12-01T16:24:38.702Z"}
{"level":"\u001b[32minfo\u001b[39m","message":"{\"method\":\"GET\",\"url\":\"/api/v1/tweets/\",\"status\":\"304\",\"responseTime\":\"233.084\"}","timestamp":"2025-12-01T16:24:38.704Z"}
{"level":"\u001b[32minfo\u001b[39m","message":"{\"method\":\"GET\",\"url\":\"/api/v1/videos/\",\"status\":\"304\",\"responseTime\":\"222.536\"}","timestamp":"2025-12-01T16:24:38.929Z"}
{"level":"\u001b[32minfo\u001b[39m","message":"{\"method\":\"GET\",\"url\":\"/api/v1/tweets/\",\"status\":\"304\",\"responseTime\":\"219.309\"}","timestamp":"2025-12-01T16:24:38.932Z"}
{"level":"\u001b[32minfo\u001b[39m","message":"{\"method\":\"GET\",\"url\":\"/api/v1/playlist/user/692891628b3cde57350a5bfa\",\"status\":\"304\",\"responseTime\":\"304.694\"}","timestamp":"2025-12-01T16:24:42.401Z"}
{"level":"\u001b[32minfo\u001b[39m","message":"{\"method\":\"GET\",\"url\":\"/api/v1/videos/6928961613409b594dc01255\",\"status\":\"201\",\"responseTime\":\"212.953\"}","timestamp":"2025-12-01T16:24:43.393Z"}
{"level":"\u001b[32minfo\u001b[39m","message":"{\"method\":\"GET\",\"url\":\"/api/v1/videos/6928961613409b594dc01255\",\"status\":\"201\",\"responseTime\":\"235.245\"}","timestamp":"2025-12-01T16:24:43.638Z"}
{"level":"\u001b[32minfo\u001b[39m","message":"{\"method\":\"GET\",\"url\":\"/api/v1/comments/6928961613409b594dc01255\",\"status\":\"201\",\"responseTime\":\"417.227\"}","timestamp":"2025-12-01T16:24:43.836Z"}
{"level":"\u001b[32minfo\u001b[39m","message":"{\"method\":\"GET\",\"url\":\"/api/v1/comments/6928961613409b594dc01255\",\"status\":\"201\",\"responseTime\":\"295.475\"}","timestamp":"2025-12-01T16:24:44.138Z"}
{"0":"6928961613409b594dc01255","1":"692af1f38c717288f603c206","2":"692ac42f47df639c9b6f7cdb","3":"692898da696e5d9c996d3046","4":"6928997c696e5d9c996d304b","level":"\u001b[32minfo\u001b[39m","message":"Updated watch history: ","timestamp":"2025-12-01T16:24:44.139Z"}
{"level":"\u001b[32minfo\u001b[39m","message":"{\"method\":\"PATCH\",\"url\":\"/api/v1/users/history/add/6928961613409b594dc01255\",\"status\":\"200\",\"responseTime\":\"293.057\"}","timestamp":"2025-12-01T16:24:44.140Z"}
{"level":"\u001b[32minfo\u001b[39m","message":"{\"method\":\"PATCH\",\"url\":\"/api/v1/videos/views/6928961613409b594dc01255\",\"status\":\"200\",\"responseTime\":\"286.967\"}","timestamp":"2025-12-01T16:24:44.444Z"}
{"0":"6928961613409b594dc01255","1":"692af1f38c717288f603c206","2":"692ac42f47df639c9b6f7cdb","3":"692898da696e5d9c996d3046","4":"6928997c696e5d9c996d304b","level":"\u001b[32minfo\u001b[39m","message":"Updated watch history: ","timestamp":"2025-12-01T16:24:44.485Z"}
{"level":"\u001b[32minfo\u001b[39m","message":"{\"method\":\"PATCH\",\"url\":\"/api/v1/users/history/add/6928961613409b594dc01255\",\"status\":\"200\",\"responseTime\":\"334.687\"}","timestamp":"2025-12-01T16:24:44.487Z"}
{"level":"\u001b[32minfo\u001b[39m","message":"{\"method\":\"PATCH\",\"url\":\"/api/v1/videos/views/6928961613409b594dc01255\",\"status\":\"200\",\"responseTime\":\"353.899\"}","timestamp":"2025-12-01T16:24:44.857Z"}
{"level":"\u001b[32minfo\u001b[39m","message":"{\"method\":\"GET\",\"url\":\"/api/v1/videos/\",\"status\":\"200\",\"responseTime\":\"166.773\"}","timestamp":"2025-12-01T16:24:45.167Z"}
{"level":"\u001b[32minfo\u001b[39m","message":"{\"method\":\"GET\",\"url\":\"/api/v1/tweets/\",\"status\":\"304\",\"responseTime\":\"173.629\"}","timestamp":"2025-12-01T16:24:45.172Z"}
{"level":"\u001b[32minfo\u001b[39m","message":"{\"method\":\"GET\",\"url\":\"/api/v1/videos/\",\"status\":\"304\",\"responseTime\":\"200.327\"}","timestamp":"2025-12-01T16:24:45.376Z"}
{"level":"\u001b[32minfo\u001b[39m","message":"{\"method\":\"GET\",\"url\":\"/api/v1/tweets/\",\"status\":\"304\",\"responseTime\":\"200.937\"}","timestamp":"2025-12-01T16:24:45.381Z"}
{"level":"\u001b[32minfo\u001b[39m","message":"{\"method\":\"GET\",\"url\":\"/api/v1/playlist/user/692891628b3cde57350a5bfa\",\"status\":\"304\",\"responseTime\":\"289.924\"}","timestamp":"2025-12-01T16:24:47.926Z"}
{"level":"\u001b[32minfo\u001b[39m","message":"{\"method\":\"GET\",\"url\":\"/api/v1/videos/6928961613409b594dc01255\",\"status\":\"201\",\"responseTime\":\"312.069\"}","timestamp":"2025-12-01T16:24:53.930Z"}
{"level":"\u001b[32minfo\u001b[39m","message":"{\"method\":\"GET\",\"url\":\"/api/v1/videos/6928961613409b594dc01255\",\"status\":\"201\",\"responseTime\":\"234.861\"}","timestamp":"2025-12-01T16:24:54.173Z"}
{"level":"\u001b[32minfo\u001b[39m","message":"{\"method\":\"GET\",\"url\":\"/api/v1/comments/6928961613409b594dc01255\",\"status\":\"201\",\"responseTime\":\"281.081\"}","timestamp":"2025-12-01T16:24:54.224Z"}
{"level":"\u001b[32minfo\u001b[39m","message":"{\"method\":\"GET\",\"url\":\"/api/v1/comments/6928961613409b594dc01255\",\"status\":\"201\",\"responseTime\":\"453.809\"}","timestamp":"2025-12-01T16:24:54.687Z"}
{"0":"6928961613409b594dc01255","1":"692af1f38c717288f603c206","2":"692ac42f47df639c9b6f7cdb","3":"692898da696e5d9c996d3046","4":"6928997c696e5d9c996d304b","level":"\u001b[32minfo\u001b[39m","message":"Updated watch history: ","timestamp":"2025-12-01T16:24:54.688Z"}
{"level":"\u001b[32minfo\u001b[39m","message":"{\"method\":\"PATCH\",\"url\":\"/api/v1/users/history/add/6928961613409b594dc01255\",\"status\":\"200\",\"responseTime\":\"450.813\"}","timestamp":"2025-12-01T16:24:54.690Z"}
{"level":"\u001b[32minfo\u001b[39m","message":"{\"method\":\"GET\",\"url\":\"/api/v1/videos/\",\"status\":\"200\",\"responseTime\":\"77.797\"}","timestamp":"2025-12-01T16:24:54.840Z"}
{"level":"\u001b[32minfo\u001b[39m","message":"{\"method\":\"GET\",\"url\":\"/api/v1/tweets/\",\"status\":\"304\",\"responseTime\":\"83.984\"}","timestamp":"2025-12-01T16:24:54.859Z"}
{"level":"\u001b[32minfo\u001b[39m","message":"{\"method\":\"PATCH\",\"url\":\"/api/v1/videos/views/6928961613409b594dc01255\",\"status\":\"200\",\"responseTime\":\"122.107\"}","timestamp":"2025-12-01T16:24:54.899Z"}
{"0":"6928961613409b594dc01255","1":"692af1f38c717288f603c206","2":"692ac42f47df639c9b6f7cdb","3":"692898da696e5d9c996d3046","4":"6928997c696e5d9c996d304b","level":"\u001b[32minfo\u001b[39m","message":"Updated watch history: ","timestamp":"2025-12-01T16:24:54.935Z"}
{"level":"\u001b[32minfo\u001b[39m","message":"{\"method\":\"PATCH\",\"url\":\"/api/v1/users/history/add/6928961613409b594dc01255\",\"status\":\"200\",\"responseTime\":\"185.611\"}","timestamp":"2025-12-01T16:24:54.941Z"}
{"level":"\u001b[32minfo\u001b[39m","message":"{\"method\":\"GET\",\"url\":\"/api/v1/videos/\",\"status\":\"200\",\"responseTime\":\"110.783\"}","timestamp":"2025-12-01T16:24:54.966Z"}
{"level":"\u001b[32minfo\u001b[39m","message":"{\"method\":\"GET\",\"url\":\"/api/v1/tweets/\",\"status\":\"304\",\"responseTime\":\"108.229\"}","timestamp":"2025-12-01T16:24:54.976Z"}
{"level":"\u001b[32minfo\u001b[39m","message":"{\"method\":\"PATCH\",\"url\":\"/api/v1/videos/views/6928961613409b594dc01255\",\"status\":\"200\",\"responseTime\":\"319.197\"}","timestamp":"2025-12-01T16:24:55.304Z"}
{"level":"\u001b[32minfo\u001b[39m","message":"{\"method\":\"GET\",\"url\":\"/api/v1/playlist/user/692891628b3cde57350a5bfa\",\"status\":\"304\",\"responseTime\":\"122.557\"}","timestamp":"2025-12-01T16:24:58.356Z"}
{"level":"\u001b[32minfo\u001b[39m","message":"{\"method\":\"GET\",\"url\":\"/api/v1/notifications/unread-count\",\"status\":\"304\",\"responseTime\":\"180.581\"}","timestamp":"2025-12-01T16:24:58.987Z"}
{"level":"\u001b[32minfo\u001b[39m","message":"{\"method\":\"GET\",\"url\":\"/api/v1/videos/6928961613409b594dc01255\",\"status\":\"201\",\"responseTime\":\"349.988\"}","timestamp":"2025-12-01T16:25:20.186Z"}
{"level":"\u001b[32minfo\u001b[39m","message":"{\"method\":\"GET\",\"url\":\"/api/v1/videos/6928961613409b594dc01255\",\"status\":\"201\",\"responseTime\":\"300.975\"}","timestamp":"2025-12-01T16:25:20.494Z"}
{"level":"\u001b[32minfo\u001b[39m","message":"{\"method\":\"GET\",\"url\":\"/api/v1/comments/6928961613409b594dc01255\",\"status\":\"201\",\"responseTime\":\"352.523\"}","timestamp":"2025-12-01T16:25:20.551Z"}
{"0":"6928961613409b594dc01255","1":"692af1f38c717288f603c206","2":"692ac42f47df639c9b6f7cdb","3":"692898da696e5d9c996d3046","4":"6928997c696e5d9c996d304b","level":"\u001b[32minfo\u001b[39m","message":"Updated watch history: ","timestamp":"2025-12-01T16:25:20.958Z"}
{"level":"\u001b[32minfo\u001b[39m","message":"{\"method\":\"PATCH\",\"url\":\"/api/v1/users/history/add/6928961613409b594dc01255\",\"status\":\"200\",\"responseTime\":\"392.476\"}","timestamp":"2025-12-01T16:25:20.960Z"}
{"level":"\u001b[32minfo\u001b[39m","message":"{\"method\":\"GET\",\"url\":\"/api/v1/comments/6928961613409b594dc01255\",\"status\":\"201\",\"responseTime\":\"401.359\"}","timestamp":"2025-12-01T16:25:20.962Z"}
{"level":"\u001b[32minfo\u001b[39m","message":"{\"method\":\"PATCH\",\"url\":\"/api/v1/videos/views/6928961613409b594dc01255\",\"status\":\"200\",\"responseTime\":\"174.111\"}","timestamp":"2025-12-01T16:25:21.148Z"}
{"level":"\u001b[32minfo\u001b[39m","message":"{\"method\":\"GET\",\"url\":\"/api/v1/videos/\",\"status\":\"200\",\"responseTime\":\"79.658\"}","timestamp":"2025-12-01T16:25:21.163Z"}
{"level":"\u001b[32minfo\u001b[39m","message":"{\"method\":\"GET\",\"url\":\"/api/v1/tweets/\",\"status\":\"304\",\"responseTime\":\"73.697\"}","timestamp":"2025-12-01T16:25:21.168Z"}
{"0":"6928961613409b594dc01255","1":"692af1f38c717288f603c206","2":"692ac42f47df639c9b6f7cdb","3":"692898da696e5d9c996d3046","4":"6928997c696e5d9c996d304b","level":"\u001b[32minfo\u001b[39m","message":"Updated watch history: ","timestamp":"2025-12-01T16:25:21.192Z"}
{"level":"\u001b[32minfo\u001b[39m","message":"{\"method\":\"PATCH\",\"url\":\"/api/v1/users/history/add/6928961613409b594dc01255\",\"status\":\"200\",\"responseTime\":\"216.646\"}","timestamp":"2025-12-01T16:25:21.195Z"}
{"level":"\u001b[32minfo\u001b[39m","message":"{\"method\":\"GET\",\"url\":\"/api/v1/tweets/\",\"status\":\"304\",\"responseTime\":\"101.385\"}","timestamp":"2025-12-01T16:25:21.284Z"}
{"level":"\u001b[32minfo\u001b[39m","message":"{\"method\":\"GET\",\"url\":\"/api/v1/videos/\",\"status\":\"200\",\"responseTime\":\"115.578\"}","timestamp":"2025-12-01T16:25:21.291Z"}
{"level":"\u001b[32minfo\u001b[39m","message":"{\"method\":\"PATCH\",\"url\":\"/api/v1/videos/views/6928961613409b594dc01255\",\"status\":\"200\",\"responseTime\":\"184.720\"}","timestamp":"2025-12-01T16:25:21.418Z"}
{"level":"\u001b[32minfo\u001b[39m","message":"{\"method\":\"GET\",\"url\":\"/api/v1/playlist/user/692891628b3cde57350a5bfa\",\"status\":\"304\",\"responseTime\":\"269.348\"}","timestamp":"2025-12-01T16:25:24.687Z"}
{"level":"\u001b[32minfo\u001b[39m","message":"{\"method\":\"GET\",\"url\":\"/api/v1/playlist/user/692891628b3cde57350a5bfa\",\"status\":\"304\",\"responseTime\":\"168.144\"}","timestamp":"2025-12-01T16:25:25.657Z"}
{"level":"\u001b[32minfo\u001b[39m","message":"{\"method\":\"GET\",\"url\":\"/api/v1/playlist/user/692891628b3cde57350a5bfa\",\"status\":\"304\",\"responseTime\":\"221.552\"}","timestamp":"2025-12-01T16:25:25.888Z"}
{"level":"\u001b[32minfo\u001b[39m","message":"{\"method\":\"GET\",\"url\":\"/api/v1/videos/\",\"status\":\"304\",\"responseTime\":\"196.988\"}","timestamp":"2025-12-01T16:25:27.049Z"}
{"level":"\u001b[32minfo\u001b[39m","message":"{\"method\":\"GET\",\"url\":\"/api/v1/tweets/\",\"status\":\"304\",\"responseTime\":\"194.133\"}","timestamp":"2025-12-01T16:25:27.052Z"}
{"level":"\u001b[32minfo\u001b[39m","message":"{\"method\":\"GET\",\"url\":\"/api/v1/videos/\",\"status\":\"304\",\"responseTime\":\"101.405\"}","timestamp":"2025-12-01T16:25:27.159Z"}
{"level":"\u001b[32minfo\u001b[39m","message":"{\"method\":\"GET\",\"url\":\"/api/v1/tweets/\",\"status\":\"304\",\"responseTime\":\"101.382\"}","timestamp":"2025-12-01T16:25:27.165Z"}
{"level":"\u001b[32minfo\u001b[39m","message":"{\"method\":\"GET\",\"url\":\"/api/v1/notifications/unread-count\",\"status\":\"304\",\"responseTime\":\"169.376\"}","timestamp":"2025-12-01T16:25:28.582Z"}
{"level":"\u001b[32minfo\u001b[39m","message":"{\"method\":\"GET\",\"url\":\"/api/v1/playlist/user/692891628b3cde57350a5bfa\",\"status\":\"304\",\"responseTime\":\"194.798\"}","timestamp":"2025-12-01T16:25:31.244Z"}
{"level":"\u001b[32minfo\u001b[39m","message":"{\"method\":\"GET\",\"url\":\"/api/v1/playlist/user/692891628b3cde57350a5bfa\",\"status\":\"304\",\"responseTime\":\"415.575\"}","timestamp":"2025-12-01T16:25:34.438Z"}
{"level":"\u001b[32minfo\u001b[39m","message":"{\"method\":\"GET\",\"url\":\"/api/v1/videos/\",\"status\":\"304\",\"responseTime\":\"238.476\"}","timestamp":"2025-12-01T16:25:35.260Z"}
{"level":"\u001b[32minfo\u001b[39m","message":"{\"method\":\"GET\",\"url\":\"/api/v1/tweets/\",\"status\":\"304\",\"responseTime\":\"229.894\"}","timestamp":"2025-12-01T16:25:35.265Z"}
{"level":"\u001b[32minfo\u001b[39m","message":"{\"method\":\"GET\",\"url\":\"/api/v1/videos/\",\"status\":\"304\",\"responseTime\":\"189.489\"}","timestamp":"2025-12-01T16:25:35.462Z"}
{"level":"\u001b[32minfo\u001b[39m","message":"{\"method\":\"GET\",\"url\":\"/api/v1/tweets/\",\"status\":\"304\",\"responseTime\":\"186.986\"}","timestamp":"2025-12-01T16:25:35.467Z"}
{"level":"\u001b[32minfo\u001b[39m","message":"{\"method\":\"GET\",\"url\":\"/api/v1/playlist/user/692891628b3cde57350a5bfa\",\"status\":\"304\",\"responseTime\":\"1206.969\"}","timestamp":"2025-12-01T16:25:35.655Z"}
{"level":"\u001b[32minfo\u001b[39m","message":"{\"method\":\"GET\",\"url\":\"/api/v1/notifications/unread-count\",\"status\":\"304\",\"responseTime\":\"188.710\"}","timestamp":"2025-12-01T16:25:59.593Z"}
{"level":"\u001b[32minfo\u001b[39m","message":"{\"method\":\"GET\",\"url\":\"/api/v1/notifications/unread-count\",\"status\":\"304\",\"responseTime\":\"182.481\"}","timestamp":"2025-12-01T16:26:28.593Z"}
{"level":"\u001b[32minfo\u001b[39m","message":"{\"method\":\"GET\",\"url\":\"/api/v1/playlist/user/692891628b3cde57350a5bfa\",\"status\":\"304\",\"responseTime\":\"358.528\"}","timestamp":"2025-12-01T16:26:58.182Z"}
{"level":"\u001b[32minfo\u001b[39m","message":"{\"method\":\"GET\",\"url\":\"/api/v1/notifications/unread-count\",\"status\":\"304\",\"responseTime\":\"98.138\"}","timestamp":"2025-12-01T16:26:58.898Z"}
{"level":"\u001b[32minfo\u001b[39m","message":"{\"method\":\"GET\",\"url\":\"/api/v1/videos/6928961613409b594dc01255\",\"status\":\"201\",\"responseTime\":\"337.322\"}","timestamp":"2025-12-01T16:26:59.413Z"}
{"level":"\u001b[32minfo\u001b[39m","message":"{\"method\":\"GET\",\"url\":\"/api/v1/videos/6928961613409b594dc01255\",\"status\":\"201\",\"responseTime\":\"233.086\"}","timestamp":"2025-12-01T16:26:59.653Z"}
{"level":"\u001b[32minfo\u001b[39m","message":"{\"method\":\"GET\",\"url\":\"/api/v1/comments/6928961613409b594dc01255\",\"status\":\"201\",\"responseTime\":\"262.559\"}","timestamp":"2025-12-01T16:26:59.688Z"}
{"level":"\u001b[32minfo\u001b[39m","message":"{\"method\":\"GET\",\"url\":\"/api/v1/comments/6928961613409b594dc01255\",\"status\":\"201\",\"responseTime\":\"241.694\"}","timestamp":"2025-12-01T16:26:59.938Z"}
{"0":"6928961613409b594dc01255","1":"692af1f38c717288f603c206","2":"692ac42f47df639c9b6f7cdb","3":"692898da696e5d9c996d3046","4":"6928997c696e5d9c996d304b","level":"\u001b[32minfo\u001b[39m","message":"Updated watch history: ","timestamp":"2025-12-01T16:26:59.950Z"}
{"level":"\u001b[32minfo\u001b[39m","message":"{\"method\":\"PATCH\",\"url\":\"/api/v1/users/history/add/6928961613409b594dc01255\",\"status\":\"200\",\"responseTime\":\"252.100\"}","timestamp":"2025-12-01T16:26:59.953Z"}
{"0":"6928961613409b594dc01255","1":"692af1f38c717288f603c206","2":"692ac42f47df639c9b6f7cdb","3":"692898da696e5d9c996d3046","4":"6928997c696e5d9c996d304b","level":"\u001b[32minfo\u001b[39m","message":"Updated watch history: ","timestamp":"2025-12-01T16:27:00.228Z"}
{"level":"\u001b[32minfo\u001b[39m","message":"{\"method\":\"PATCH\",\"url\":\"/api/v1/users/history/add/6928961613409b594dc01255\",\"status\":\"200\",\"responseTime\":\"273.512\"}","timestamp":"2025-12-01T16:27:00.230Z"}
{"level":"\u001b[32minfo\u001b[39m","message":"{\"method\":\"PATCH\",\"url\":\"/api/v1/videos/views/6928961613409b594dc01255\",\"status\":\"200\",\"responseTime\":\"258.279\"}","timestamp":"2025-12-01T16:27:00.232Z"}
{"level":"\u001b[32minfo\u001b[39m","message":"{\"method\":\"PATCH\",\"url\":\"/api/v1/videos/views/6928961613409b594dc01255\",\"status\":\"200\",\"responseTime\":\"188.850\"}","timestamp":"2025-12-01T16:27:00.435Z"}
{"level":"\u001b[32minfo\u001b[39m","message":"{\"method\":\"GET\",\"url\":\"/api/v1/tweets/\",\"status\":\"304\",\"responseTime\":\"171.079\"}","timestamp":"2025-12-01T16:27:01.308Z"}
{"level":"\u001b[32minfo\u001b[39m","message":"{\"method\":\"GET\",\"url\":\"/api/v1/videos/\",\"status\":\"200\",\"responseTime\":\"233.158\"}","timestamp":"2025-12-01T16:27:01.356Z"}
{"level":"\u001b[32minfo\u001b[39m","message":"{\"method\":\"GET\",\"url\":\"/api/v1/tweets/\",\"status\":\"304\",\"responseTime\":\"146.020\"}","timestamp":"2025-12-01T16:27:01.461Z"}
{"level":"\u001b[32minfo\u001b[39m","message":"{\"method\":\"GET\",\"url\":\"/api/v1/videos/\",\"status\":\"304\",\"responseTime\":\"170.361\"}","timestamp":"2025-12-01T16:27:01.532Z"}
{"level":"\u001b[32minfo\u001b[39m","message":"{\"method\":\"GET\",\"url\":\"/api/v1/notifications/unread-count\",\"status\":\"304\",\"responseTime\":\"184.928\"}","timestamp":"2025-12-01T16:27:28.596Z"}
{"level":"\u001b[32minfo\u001b[39m","message":"{\"method\":\"GET\",\"url\":\"/api/v1/notifications/unread-count\",\"status\":\"304\",\"responseTime\":\"225.039\"}","timestamp":"2025-12-01T16:27:59.630Z"}
{"level":"\u001b[32minfo\u001b[39m","message":"{\"method\":\"GET\",\"url\":\"/api/v1/users/current-user\",\"status\":\"200\",\"responseTime\":\"53.550\"}","timestamp":"2025-12-01T16:28:20.618Z"}
{"level":"\u001b[32minfo\u001b[39m","message":"{\"method\":\"GET\",\"url\":\"/api/v1/users/current-user\",\"status\":\"304\",\"responseTime\":\"37.982\"}","timestamp":"2025-12-01T16:28:20.660Z"}
{"level":"\u001b[32minfo\u001b[39m","message":"{\"method\":\"GET\",\"url\":\"/api/v1/users/theme\",\"status\":\"304\",\"responseTime\":\"73.356\"}","timestamp":"2025-12-01T16:28:20.828Z"}
{"level":"\u001b[32minfo\u001b[39m","message":"{\"method\":\"GET\",\"url\":\"/api/v1/users/theme\",\"status\":\"304\",\"responseTime\":\"94.519\"}","timestamp":"2025-12-01T16:28:20.930Z"}
{"level":"\u001b[32minfo\u001b[39m","message":"{\"method\":\"GET\",\"url\":\"/api/v1/notifications/unread-count\",\"status\":\"304\",\"responseTime\":\"70.457\"}","timestamp":"2025-12-01T16:28:21.153Z"}
{"level":"\u001b[32minfo\u001b[39m","message":"{\"method\":\"GET\",\"url\":\"/api/v1/videos/6928961613409b594dc01255\",\"status\":\"201\",\"responseTime\":\"106.309\"}","timestamp":"2025-12-01T16:28:21.191Z"}
{"level":"\u001b[32minfo\u001b[39m","message":"{\"method\":\"GET\",\"url\":\"/api/v1/notifications/unread-count\",\"status\":\"304\",\"responseTime\":\"67.160\"}","timestamp":"2025-12-01T16:28:21.226Z"}
{"level":"\u001b[32minfo\u001b[39m","message":"{\"method\":\"GET\",\"url\":\"/api/v1/notifications/unread-count\",\"status\":\"304\",\"responseTime\":\"99.786\"}","timestamp":"2025-12-01T16:28:21.340Z"}
{"level":"\u001b[32minfo\u001b[39m","message":"{\"method\":\"GET\",\"url\":\"/api/v1/comments/6928961613409b594dc01255\",\"status\":\"201\",\"responseTime\":\"174.950\"}","timestamp":"2025-12-01T16:28:21.429Z"}
{"level":"\u001b[32minfo\u001b[39m","message":"{\"method\":\"GET\",\"url\":\"/api/v1/videos/692ac42f47df639c9b6f7cdb\",\"status\":\"201\",\"responseTime\":\"437.558\"}","timestamp":"2025-12-01T16:28:21.452Z"}
{"level":"\u001b[32minfo\u001b[39m","message":"{\"method\":\"GET\",\"url\":\"/api/v1/videos/692ac42f47df639c9b6f7cdb\",\"status\":\"201\",\"responseTime\":\"99.380\"}","timestamp":"2025-12-01T16:28:21.556Z"}
{"level":"\u001b[32minfo\u001b[39m","message":"{\"method\":\"GET\",\"url\":\"/api/v1/comments/692ac42f47df639c9b6f7cdb\",\"status\":\"201\",\"responseTime\":\"99.749\"}","timestamp":"2025-12-01T16:28:21.561Z"}
{"level":"\u001b[32minfo\u001b[39m","message":"{\"method\":\"GET\",\"url\":\"/api/v1/videos/6928961613409b594dc01255\",\"status\":\"201\",\"responseTime\":\"415.006\"}","timestamp":"2025-12-01T16:28:21.611Z"}
{"0":"6928961613409b594dc01255","1":"692af1f38c717288f603c206","2":"692ac42f47df639c9b6f7cdb","3":"692898da696e5d9c996d3046","4":"6928997c696e5d9c996d304b","level":"\u001b[32minfo\u001b[39m","message":"Updated watch history: ","timestamp":"2025-12-01T16:28:21.612Z"}
{"level":"\u001b[32minfo\u001b[39m","message":"{\"method\":\"PATCH\",\"url\":\"/api/v1/users/history/add/6928961613409b594dc01255\",\"status\":\"200\",\"responseTime\":\"174.396\"}","timestamp":"2025-12-01T16:28:21.614Z"}
{"level":"\u001b[32minfo\u001b[39m","message":"{\"method\":\"GET\",\"url\":\"/api/v1/comments/692ac42f47df639c9b6f7cdb\",\"status\":\"201\",\"responseTime\":\"202.773\"}","timestamp":"2025-12-01T16:28:21.802Z"}
{"level":"\u001b[32minfo\u001b[39m","message":"{\"method\":\"GET\",\"url\":\"/api/v1/users/current-user\",\"status\":\"200\",\"responseTime\":\"45.390\"}","timestamp":"2025-12-01T16:28:21.808Z"}
{"level":"\u001b[32minfo\u001b[39m","message":"{\"method\":\"PATCH\",\"url\":\"/api/v1/videos/views/6928961613409b594dc01255\",\"status\":\"200\",\"responseTime\":\"184.137\"}","timestamp":"2025-12-01T16:28:21.833Z"}
{"0":"692ac42f47df639c9b6f7cdb","1":"6928961613409b594dc01255","2":"692af1f38c717288f603c206","3":"692898da696e5d9c996d3046","4":"6928997c696e5d9c996d304b","level":"\u001b[32minfo\u001b[39m","message":"Updated watch history: ","timestamp":"2025-12-01T16:28:21.841Z"}
{"level":"\u001b[32minfo\u001b[39m","message":"{\"method\":\"PATCH\",\"url\":\"/api/v1/users/history/add/692ac42f47df639c9b6f7cdb\",\"status\":\"200\",\"responseTime\":\"249.607\"}","timestamp":"2025-12-01T16:28:21.844Z"}
{"level":"\u001b[32minfo\u001b[39m","message":"{\"method\":\"GET\",\"url\":\"/api/v1/users/current-user\",\"status\":\"200\",\"responseTime\":\"42.378\"}","timestamp":"2025-12-01T16:28:21.856Z"}
{"level":"\u001b[32minfo\u001b[39m","message":"{\"method\":\"GET\",\"url\":\"/api/v1/comments/6928961613409b594dc01255\",\"status\":\"201\",\"responseTime\":\"208.600\"}","timestamp":"2025-12-01T16:28:21.863Z"}
{"level":"\u001b[32minfo\u001b[39m","message":"{\"method\":\"GET\",\"url\":\"/api/v1/users/theme\",\"status\":\"304\",\"responseTime\":\"82.633\"}","timestamp":"2025-12-01T16:28:22.003Z"}
{"level":"\u001b[32minfo\u001b[39m","message":"{\"method\":\"GET\",\"url\":\"/api/v1/users/theme\",\"status\":\"304\",\"responseTime\":\"76.013\"}","timestamp":"2025-12-01T16:28:22.085Z"}
{"level":"\u001b[32minfo\u001b[39m","message":"{\"method\":\"GET\",\"url\":\"/api/v1/notifications/unread-count\",\"status\":\"200\",\"responseTime\":\"199.939\"}","timestamp":"2025-12-01T16:28:22.271Z"}
{"0":"6928961613409b594dc01255","1":"692ac42f47df639c9b6f7cdb","2":"692af1f38c717288f603c206","3":"692898da696e5d9c996d3046","4":"6928997c696e5d9c996d304b","level":"\u001b[32minfo\u001b[39m","message":"Updated watch history: ","timestamp":"2025-12-01T16:28:22.272Z"}
{"level":"\u001b[32minfo\u001b[39m","message":"{\"method\":\"PATCH\",\"url\":\"/api/v1/users/history/add/6928961613409b594dc01255\",\"status\":\"200\",\"responseTime\":\"282.843\"}","timestamp":"2025-12-01T16:28:22.273Z"}
{"level":"\u001b[32minfo\u001b[39m","message":"{\"method\":\"GET\",\"url\":\"/api/v1/videos/692af1f38c717288f603c206\",\"status\":\"201\",\"responseTime\":\"249.232\"}","timestamp":"2025-12-01T16:28:22.321Z"}
{"level":"\u001b[32minfo\u001b[39m","message":"{\"method\":\"GET\",\"url\":\"/api/v1/notifications/unread-count\",\"status\":\"304\",\"responseTime\":\"98.693\"}","timestamp":"2025-12-01T16:28:22.375Z"}
{"level":"\u001b[32minfo\u001b[39m","message":"{\"method\":\"GET\",\"url\":\"/api/v1/comments/692af1f38c717288f603c206\",\"status\":\"201\",\"responseTime\":\"212.843\"}","timestamp":"2025-12-01T16:28:22.544Z"}
{"level":"\u001b[32minfo\u001b[39m","message":"{\"method\":\"GET\",\"url\":\"/api/v1/videos/692af1f38c717288f603c206\",\"status\":\"201\",\"responseTime\":\"220.012\"}","timestamp":"2025-12-01T16:28:22.547Z"}
{"level":"\u001b[32minfo\u001b[39m","message":"{\"method\":\"GET\",\"url\":\"/api/v1/comments/692af1f38c717288f603c206\",\"status\":\"201\",\"responseTime\":\"223.207\"}","timestamp":"2025-12-01T16:28:22.783Z"}
{"0":"692af1f38c717288f603c206","1":"6928961613409b594dc01255","2":"692ac42f47df639c9b6f7cdb","3":"692898da696e5d9c996d3046","4":"6928997c696e5d9c996d304b","level":"\u001b[32minfo\u001b[39m","message":"Updated watch history: ","timestamp":"2025-12-01T16:28:22.878Z"}
{"level":"\u001b[32minfo\u001b[39m","message":"{\"method\":\"PATCH\",\"url\":\"/api/v1/users/history/add/692af1f38c717288f603c206\",\"status\":\"200\",\"responseTime\":\"324.221\"}","timestamp":"2025-12-01T16:28:22.879Z"}
{"0":"692af1f38c717288f603c206","1":"6928961613409b594dc01255","2":"692ac42f47df639c9b6f7cdb","3":"692898da696e5d9c996d3046","4":"6928997c696e5d9c996d304b","level":"\u001b[32minfo\u001b[39m","message":"Updated watch history: ","timestamp":"2025-12-01T16:28:22.996Z"}
{"level":"\u001b[32minfo\u001b[39m","message":"{\"method\":\"PATCH\",\"url\":\"/api/v1/users/history/add/692af1f38c717288f603c206\",\"status\":\"200\",\"responseTime\":\"202.147\"}","timestamp":"2025-12-01T16:28:22.997Z"}
{"level":"\u001b[32minfo\u001b[39m","message":"{\"method\":\"PATCH\",\"url\":\"/api/v1/videos/views/692af1f38c717288f603c206\",\"status\":\"200\",\"responseTime\":\"151.108\"}","timestamp":"2025-12-01T16:28:23.044Z"}
{"level":"\u001b[32minfo\u001b[39m","message":"{\"method\":\"PATCH\",\"url\":\"/api/v1/videos/views/692af1f38c717288f603c206\",\"status\":\"200\",\"responseTime\":\"176.245\"}","timestamp":"2025-12-01T16:28:23.182Z"}
{"level":"\u001b[32minfo\u001b[39m","message":"{\"method\":\"GET\",\"url\":\"/api/v1/videos/\",\"status\":\"200\",\"responseTime\":\"93.364\"}","timestamp":"2025-12-01T16:28:29.066Z"}
{"level":"\u001b[32minfo\u001b[39m","message":"{\"method\":\"GET\",\"url\":\"/api/v1/tweets/\",\"status\":\"304\",\"responseTime\":\"99.557\"}","timestamp":"2025-12-01T16:28:29.091Z"}
{"level":"\u001b[32minfo\u001b[39m","message":"{\"method\":\"GET\",\"url\":\"/api/v1/videos/\",\"status\":\"304\",\"responseTime\":\"172.255\"}","timestamp":"2025-12-01T16:28:29.249Z"}
{"level":"\u001b[32minfo\u001b[39m","message":"{\"method\":\"GET\",\"url\":\"/api/v1/tweets/\",\"status\":\"304\",\"responseTime\":\"176.638\"}","timestamp":"2025-12-01T16:28:29.285Z"}
{"level":"\u001b[32minfo\u001b[39m","message":"{\"method\":\"GET\",\"url\":\"/api/v1/notifications/unread-count\",\"status\":\"304\",\"responseTime\":\"118.268\"}","timestamp":"2025-12-01T16:29:22.201Z"}
{"level":"\u001b[32minfo\u001b[39m","message":"{\"method\":\"GET\",\"url\":\"/api/v1/notifications/unread-count\",\"status\":\"304\",\"responseTime\":\"199.425\"}","timestamp":"2025-12-01T16:30:22.290Z"}
{"level":"\u001b[32minfo\u001b[39m","message":"{\"method\":\"GET\",\"url\":\"/api/v1/notifications/unread-count\",\"status\":\"304\",\"responseTime\":\"193.573\"}","timestamp":"2025-12-01T16:31:22.609Z"}
{"level":"\u001b[32minfo\u001b[39m","message":"{\"method\":\"GET\",\"url\":\"/api/v1/notifications/unread-count\",\"status\":\"304\",\"responseTime\":\"198.424\"}","timestamp":"2025-12-01T16:32:22.609Z"}
{"level":"\u001b[32minfo\u001b[39m","message":"Environment variables loaded from .env file","timestamp":"2025-12-02T17:19:54.349Z"}
{"level":"\u001b[32minfo\u001b[39m","message":"Connecting to the database...","timestamp":"2025-12-02T17:19:54.355Z"}
{"level":"\u001b[32minfo\u001b[39m","message":"Connected to the database successfully \n Database Name: vidtube \n Host: ac-umfmukq-shard-00-01.vu6akeu.mongodb.net \n Port: 27017","timestamp":"2025-12-02T17:19:56.335Z"}
{"level":"\u001b[32minfo\u001b[39m","message":"Server is running on port 3000","timestamp":"2025-12-02T17:19:56.341Z"}
{"level":"\u001b[32minfo\u001b[39m","message":"{\"method\":\"OPTIONS\",\"url\":\"/api/v1/users/login\",\"status\":\"204\",\"responseTime\":\"2.714\"}","timestamp":"2025-12-02T17:42:15.330Z"}
{"level":"\u001b[32minfo\u001b[39m","message":"{\"method\":\"POST\",\"url\":\"/api/v1/users/login\",\"status\":\"200\",\"responseTime\":\"525.082\"}","timestamp":"2025-12-02T17:42:15.860Z"}
{"level":"\u001b[32minfo\u001b[39m","message":"{\"method\":\"OPTIONS\",\"url\":\"/api/v1/users/theme\",\"status\":\"204\",\"responseTime\":\"0.266\"}","timestamp":"2025-12-02T17:42:15.872Z"}
{"level":"\u001b[32minfo\u001b[39m","message":"{\"method\":\"OPTIONS\",\"url\":\"/api/v1/users/current-user\",\"status\":\"204\",\"responseTime\":\"0.327\"}","timestamp":"2025-12-02T17:42:15.970Z"}
{"level":"\u001b[32minfo\u001b[39m","message":"{\"method\":\"GET\",\"url\":\"/api/v1/users/theme\",\"status\":\"200\",\"responseTime\":\"49.945\"}","timestamp":"2025-12-02T17:42:16.006Z"}
{"level":"\u001b[32minfo\u001b[39m","message":"{\"method\":\"GET\",\"url\":\"/api/v1/users/current-user\",\"status\":\"200\",\"responseTime\":\"79.147\"}","timestamp":"2025-12-02T17:42:16.061Z"}
{"level":"\u001b[32minfo\u001b[39m","message":"{\"method\":\"GET\",\"url\":\"/api/v1/users/theme\",\"status\":\"304\",\"responseTime\":\"77.734\"}","timestamp":"2025-12-02T17:42:16.219Z"}
{"level":"\u001b[32minfo\u001b[39m","message":"{\"method\":\"OPTIONS\",\"url\":\"/api/v1/notifications/unread-count\",\"status\":\"204\",\"responseTime\":\"0.243\"}","timestamp":"2025-12-02T17:42:16.241Z"}
{"level":"\u001b[32minfo\u001b[39m","message":"{\"method\":\"OPTIONS\",\"url\":\"/api/v1/videos/\",\"status\":\"204\",\"responseTime\":\"0.389\"}","timestamp":"2025-12-02T17:42:16.247Z"}
{"level":"\u001b[32minfo\u001b[39m","message":"{\"method\":\"OPTIONS\",\"url\":\"/api/v1/tweets/\",\"status\":\"204\",\"responseTime\":\"0.449\"}","timestamp":"2025-12-02T17:42:16.252Z"}
{"level":"\u001b[32minfo\u001b[39m","message":"{\"method\":\"GET\",\"url\":\"/api/v1/videos/\",\"status\":\"200\",\"responseTime\":\"111.423\"}","timestamp":"2025-12-02T17:42:16.366Z"}
{"level":"\u001b[32minfo\u001b[39m","message":"{\"method\":\"GET\",\"url\":\"/api/v1/tweets/\",\"status\":\"200\",\"responseTime\":\"114.408\"}","timestamp":"2025-12-02T17:42:16.371Z"}
{"level":"\u001b[32minfo\u001b[39m","message":"{\"method\":\"GET\",\"url\":\"/api/v1/notifications/unread-count\",\"status\":\"200\",\"responseTime\":\"119.192\"}","timestamp":"2025-12-02T17:42:16.373Z"}
{"level":"\u001b[32minfo\u001b[39m","message":"Environment variables loaded from .env file","timestamp":"2025-12-03T04:38:31.263Z"}
{"level":"\u001b[32minfo\u001b[39m","message":"Connecting to the database...","timestamp":"2025-12-03T04:38:31.269Z"}
{"level":"\u001b[32minfo\u001b[39m","message":"Connected to the database successfully \n Database Name: vidtube \n Host: ac-umfmukq-shard-00-01.vu6akeu.mongodb.net \n Port: 27017","timestamp":"2025-12-03T04:38:32.312Z"}
{"level":"\u001b[32minfo\u001b[39m","message":"Server is running on port 3000","timestamp":"2025-12-03T04:38:32.318Z"}
{"level":"\u001b[32minfo\u001b[39m","message":"Environment variables loaded from .env file","timestamp":"2025-12-03T04:42:17.875Z"}
{"level":"\u001b[32minfo\u001b[39m","message":"Connecting to the database...","timestamp":"2025-12-03T04:42:17.879Z"}
{"level":"\u001b[32minfo\u001b[39m","message":"Connected to the database successfully \n Database Name: vidtube \n Host: ac-umfmukq-shard-00-02.vu6akeu.mongodb.net \n Port: 27017","timestamp":"2025-12-03T04:42:19.144Z"}
{"level":"\u001b[32minfo\u001b[39m","message":"Server is running on port 3000","timestamp":"2025-12-03T04:42:19.150Z"}
{"level":"\u001b[32minfo\u001b[39m","message":"{\"method\":\"POST\",\"url\":\"/api/v1/users/login\",\"status\":\"200\",\"responseTime\":\"613.123\"}","timestamp":"2025-12-03T04:42:37.992Z"}
{"level":"\u001b[32minfo\u001b[39m","message":"Environment variables loaded from .env file","timestamp":"2025-12-03T04:43:32.023Z"}
{"level":"\u001b[32minfo\u001b[39m","message":"Connecting to the database...","timestamp":"2025-12-03T04:43:32.028Z"}
{"level":"\u001b[32minfo\u001b[39m","message":"Connected to the database successfully \n Database Name: vidtube \n Host: ac-umfmukq-shard-00-00.vu6akeu.mongodb.net \n Port: 27017","timestamp":"2025-12-03T04:43:33.186Z"}
{"level":"\u001b[32minfo\u001b[39m","message":"Server is running on port 3000","timestamp":"2025-12-03T04:43:33.192Z"}
{"level":"\u001b[32minfo\u001b[39m","message":"Environment variables loaded from .env file","timestamp":"2025-12-03T04:44:10.696Z"}
{"level":"\u001b[32minfo\u001b[39m","message":"Connecting to the database...","timestamp":"2025-12-03T04:44:10.701Z"}
{"level":"\u001b[32minfo\u001b[39m","message":"Connected to the database successfully \n Database Name: vidtube \n Host: ac-umfmukq-shard-00-00.vu6akeu.mongodb.net \n Port: 27017","timestamp":"2025-12-03T04:44:11.789Z"}
{"level":"\u001b[32minfo\u001b[39m","message":"Server is running on port 3000","timestamp":"2025-12-03T04:44:11.794Z"}
{"level":"\u001b[32minfo\u001b[39m","message":"Environment variables loaded from .env file","timestamp":"2025-12-03T04:47:05.192Z"}
{"level":"\u001b[32minfo\u001b[39m","message":"Connecting to the database...","timestamp":"2025-12-03T04:47:05.196Z"}
{"level":"\u001b[32minfo\u001b[39m","message":"Connected to the database successfully \n Database Name: vidtube \n Host: ac-umfmukq-shard-00-01.vu6akeu.mongodb.net \n Port: 27017","timestamp":"2025-12-03T04:47:06.092Z"}
{"level":"\u001b[32minfo\u001b[39m","message":"Server is running on port 3000","timestamp":"2025-12-03T04:47:06.098Z"}
{"level":"\u001b[32minfo\u001b[39m","message":"Environment variables loaded from .env file","timestamp":"2025-12-03T06:38:39.261Z"}
{"level":"\u001b[32minfo\u001b[39m","message":"Connecting to the database...","timestamp":"2025-12-03T06:38:39.265Z"}
{"level":"\u001b[32minfo\u001b[39m","message":"Connected to the database successfully \n Database Name: vidtube \n Host: ac-umfmukq-shard-00-01.vu6akeu.mongodb.net \n Port: 27017","timestamp":"2025-12-03T06:38:40.152Z"}
{"level":"\u001b[32minfo\u001b[39m","message":"Server is running on port 3000","timestamp":"2025-12-03T06:38:40.159Z"}
{"level":"\u001b[32minfo\u001b[39m","message":"file deleted successfully from Cloudinary","result":"not found","timestamp":"2025-12-03T06:38:59.277Z"}
{"level":"\u001b[32minfo\u001b[39m","message":"Cloudinary upload success","timestamp":"2025-12-03T06:39:06.033Z"}
{"level":"\u001b[32minfo\u001b[39m","message":"Environment variables loaded from .env file","timestamp":"2025-12-03T06:40:16.656Z"}
{"level":"\u001b[32minfo\u001b[39m","message":"Connecting to the database...","timestamp":"2025-12-03T06:40:16.659Z"}
{"level":"\u001b[32minfo\u001b[39m","message":"Connected to the database successfully \n Database Name: vidtube \n Host: ac-umfmukq-shard-00-01.vu6akeu.mongodb.net \n Port: 27017","timestamp":"2025-12-03T06:40:17.618Z"}
{"level":"\u001b[32minfo\u001b[39m","message":"Server is running on port 3000","timestamp":"2025-12-03T06:40:17.624Z"}
{"level":"\u001b[32minfo\u001b[39m","message":"file deleted successfully from Cloudinary","result":"not found","timestamp":"2025-12-03T06:40:23.352Z"}
{"level":"\u001b[32minfo\u001b[39m","message":"Cloudinary upload success","timestamp":"2025-12-03T06:40:31.747Z"}
{"level":"\u001b[32minfo\u001b[39m","message":"{\"method\":\"PATCH\",\"url\":\"/api/v1/users/cover-image\",\"status\":\"200\",\"responseTime\":\"10100.945\"}","timestamp":"2025-12-03T06:40:31.855Z"}
{"level":"\u001b[32minfo\u001b[39m","message":"Environment variables loaded from .env file","timestamp":"2025-12-03T06:41:25.986Z"}
{"level":"\u001b[32minfo\u001b[39m","message":"Connecting to the database...","timestamp":"2025-12-03T06:41:25.991Z"}
{"level":"\u001b[32minfo\u001b[39m","message":"Connected to the database successfully \n Database Name: vidtube \n Host: ac-umfmukq-shard-00-01.vu6akeu.mongodb.net \n Port: 27017","timestamp":"2025-12-03T06:41:27.153Z"}
{"level":"\u001b[32minfo\u001b[39m","message":"Server is running on port 3000","timestamp":"2025-12-03T06:41:27.158Z"}
{"level":"\u001b[32minfo\u001b[39m","message":"Environment variables loaded from .env file","timestamp":"2025-12-03T06:41:48.683Z"}
{"level":"\u001b[32minfo\u001b[39m","message":"Connecting to the database...","timestamp":"2025-12-03T06:41:48.687Z"}
{"level":"\u001b[32minfo\u001b[39m","message":"Environment variables loaded from .env file","timestamp":"2025-12-03T06:41:50.789Z"}
{"level":"\u001b[32minfo\u001b[39m","message":"Connecting to the database...","timestamp":"2025-12-03T06:41:50.793Z"}
{"level":"\u001b[32minfo\u001b[39m","message":"Connected to the database successfully \n Database Name: vidtube \n Host: ac-umfmukq-shard-00-02.vu6akeu.mongodb.net \n Port: 27017","timestamp":"2025-12-03T06:41:51.938Z"}
{"level":"\u001b[32minfo\u001b[39m","message":"Server is running on port 3000","timestamp":"2025-12-03T06:41:51.944Z"}
{"level":"\u001b[32minfo\u001b[39m","message":"Environment variables loaded from .env file","timestamp":"2025-12-11T14:15:12.378Z"}
{"level":"\u001b[32minfo\u001b[39m","message":"Connecting to the database...","timestamp":"2025-12-11T14:15:12.387Z"}
{"level":"\u001b[32minfo\u001b[39m","message":"Connected to the database successfully \n Database Name: vidtube \n Host: ac-umfmukq-shard-00-00.vu6akeu.mongodb.net \n Port: 27017","timestamp":"2025-12-11T14:15:13.371Z"}
{"level":"\u001b[32minfo\u001b[39m","message":"Server is running on port 3000","timestamp":"2025-12-11T14:15:13.381Z"}
{"level":"\u001b[32minfo\u001b[39m","message":"{\"method\":\"OPTIONS\",\"url\":\"/api/v1/users/login\",\"status\":\"204\",\"responseTime\":\"2.085\"}","timestamp":"2025-12-11T14:15:25.590Z"}
{"level":"\u001b[32minfo\u001b[39m","message":"{\"method\":\"OPTIONS\",\"url\":\"/api/v1/users/login\",\"status\":\"204\",\"responseTime\":\"0.663\"}","timestamp":"2025-12-11T14:16:03.371Z"}
{"level":"\u001b[32minfo\u001b[39m","message":"{\"method\":\"OPTIONS\",\"url\":\"/api/v1/users/login\",\"status\":\"204\",\"responseTime\":\"0.614\"}","timestamp":"2025-12-11T14:16:30.228Z"}
{"level":"\u001b[32minfo\u001b[39m","message":"{\"method\":\"OPTIONS\",\"url\":\"/api/v1/users/login\",\"status\":\"204\",\"responseTime\":\"0.241\"}","timestamp":"2025-12-11T14:18:56.609Z"}
{"level":"\u001b[32minfo\u001b[39m","message":"{\"method\":\"OPTIONS\",\"url\":\"/api/v1/users/login\",\"status\":\"204\",\"responseTime\":\"0.290\"}","timestamp":"2025-12-11T14:19:41.421Z"}
{"level":"\u001b[32minfo\u001b[39m","message":"{\"method\":\"OPTIONS\",\"url\":\"/api/v1/users/login\",\"status\":\"204\",\"responseTime\":\"0.210\"}","timestamp":"2025-12-11T14:21:37.630Z"}
{"level":"\u001b[32minfo\u001b[39m","message":"{\"method\":\"OPTIONS\",\"url\":\"/api/v1/users/login\",\"status\":\"204\",\"responseTime\":\"0.288\"}","timestamp":"2025-12-11T14:22:18.913Z"}
{"level":"\u001b[32minfo\u001b[39m","message":"Environment variables loaded from .env file","timestamp":"2025-12-11T14:22:31.565Z"}
{"level":"\u001b[32minfo\u001b[39m","message":"Connecting to the database...","timestamp":"2025-12-11T14:22:31.569Z"}
{"level":"\u001b[32minfo\u001b[39m","message":"Connected to the database successfully \n Database Name: vidtube \n Host: ac-umfmukq-shard-00-01.vu6akeu.mongodb.net \n Port: 27017","timestamp":"2025-12-11T14:22:32.922Z"}
{"level":"\u001b[32minfo\u001b[39m","message":"Server is running on port 3000","timestamp":"2025-12-11T14:22:32.927Z"}
{"level":"\u001b[32minfo\u001b[39m","message":"{\"method\":\"OPTIONS\",\"url\":\"/api/v1/users/login\",\"status\":\"204\",\"responseTime\":\"2.037\"}","timestamp":"2025-12-11T14:22:35.565Z"}
{"level":"\u001b[32minfo\u001b[39m","message":"{\"method\":\"POST\",\"url\":\"/api/v1/users/login\",\"status\":\"200\",\"responseTime\":\"352.214\"}","timestamp":"2025-12-11T14:22:35.922Z"}
{"level":"\u001b[32minfo\u001b[39m","message":"{\"method\":\"OPTIONS\",\"url\":\"/api/v1/users/theme\",\"status\":\"204\",\"responseTime\":\"0.179\"}","timestamp":"2025-12-11T14:22:35.928Z"}
{"level":"\u001b[32minfo\u001b[39m","message":"{\"method\":\"OPTIONS\",\"url\":\"/api/v1/users/current-user\",\"status\":\"204\",\"responseTime\":\"0.288\"}","timestamp":"2025-12-11T14:22:35.965Z"}
{"level":"\u001b[32minfo\u001b[39m","message":"{\"method\":\"GET\",\"url\":\"/api/v1/users/theme\",\"status\":\"200\",\"responseTime\":\"51.882\"}","timestamp":"2025-12-11T14:22:35.983Z"}
{"level":"\u001b[32minfo\u001b[39m","message":"{\"method\":\"GET\",\"url\":\"/api/v1/users/current-user\",\"status\":\"200\",\"responseTime\":\"44.597\"}","timestamp":"2025-12-11T14:22:36.036Z"}
{"level":"\u001b[32minfo\u001b[39m","message":"{\"method\":\"GET\",\"url\":\"/api/v1/users/theme\",\"status\":\"304\",\"responseTime\":\"45.545\"}","timestamp":"2025-12-11T14:22:36.115Z"}
{"level":"\u001b[32minfo\u001b[39m","message":"{\"method\":\"OPTIONS\",\"url\":\"/api/v1/notifications/unread-count\",\"status\":\"204\",\"responseTime\":\"0.343\"}","timestamp":"2025-12-11T14:22:36.193Z"}
{"level":"\u001b[32minfo\u001b[39m","message":"{\"method\":\"OPTIONS\",\"url\":\"/api/v1/videos/\",\"status\":\"204\",\"responseTime\":\"0.379\"}","timestamp":"2025-12-11T14:22:36.198Z"}
{"level":"\u001b[32minfo\u001b[39m","message":"{\"method\":\"OPTIONS\",\"url\":\"/api/v1/tweets/\",\"status\":\"204\",\"responseTime\":\"0.560\"}","timestamp":"2025-12-11T14:22:36.207Z"}
{"level":"\u001b[32minfo\u001b[39m","message":"{\"method\":\"OPTIONS\",\"url\":\"/api/v1/videos/\",\"status\":\"204\",\"responseTime\":\"0.455\"}","timestamp":"2025-12-11T14:22:36.213Z"}
{"level":"\u001b[32minfo\u001b[39m","message":"{\"method\":\"OPTIONS\",\"url\":\"/api/v1/tweets/\",\"status\":\"204\",\"responseTime\":\"0.523\"}","timestamp":"2025-12-11T14:22:36.216Z"}
{"level":"\u001b[32minfo\u001b[39m","message":"{\"method\":\"OPTIONS\",\"url\":\"/api/v1/notifications/unread-count\",\"status\":\"204\",\"responseTime\":\"1.003\"}","timestamp":"2025-12-11T14:22:36.221Z"}
{"level":"\u001b[32minfo\u001b[39m","message":"{\"method\":\"GET\",\"url\":\"/api/v1/notifications/unread-count\",\"status\":\"200\",\"responseTime\":\"76.334\"}","timestamp":"2025-12-11T14:22:36.302Z"}
{"level":"\u001b[32minfo\u001b[39m","message":"{\"method\":\"GET\",\"url\":\"/api/v1/videos/\",\"status\":\"200\",\"responseTime\":\"84.374\"}","timestamp":"2025-12-11T14:22:36.318Z"}
{"level":"\u001b[32minfo\u001b[39m","message":"{\"method\":\"GET\",\"url\":\"/api/v1/tweets/\",\"status\":\"200\",\"responseTime\":\"79.769\"}","timestamp":"2025-12-11T14:22:36.385Z"}
{"level":"\u001b[32minfo\u001b[39m","message":"{\"method\":\"GET\",\"url\":\"/api/v1/notifications/unread-count\",\"status\":\"304\",\"responseTime\":\"72.327\"}","timestamp":"2025-12-11T14:22:36.393Z"}
{"level":"\u001b[32minfo\u001b[39m","message":"{\"method\":\"GET\",\"url\":\"/api/v1/videos/\",\"status\":\"304\",\"responseTime\":\"79.585\"}","timestamp":"2025-12-11T14:22:36.468Z"}
{"level":"\u001b[32minfo\u001b[39m","message":"{\"method\":\"GET\",\"url\":\"/api/v1/tweets/\",\"status\":\"304\",\"responseTime\":\"78.411\"}","timestamp":"2025-12-11T14:22:36.474Z"}
{"level":"\u001b[32minfo\u001b[39m","message":"{\"method\":\"OPTIONS\",\"url\":\"/api/v1/users/current-user\",\"status\":\"204\",\"responseTime\":\"0.223\"}","timestamp":"2025-12-11T14:23:01.146Z"}
{"level":"\u001b[32minfo\u001b[39m","message":"{\"method\":\"OPTIONS\",\"url\":\"/api/v1/users/current-user\",\"status\":\"204\",\"responseTime\":\"0.174\"}","timestamp":"2025-12-11T14:23:01.148Z"}
{"level":"\u001b[32minfo\u001b[39m","message":"{\"method\":\"GET\",\"url\":\"/api/v1/users/current-user\",\"status\":\"304\",\"responseTime\":\"139.870\"}","timestamp":"2025-12-11T14:23:01.290Z"}
{"level":"\u001b[32minfo\u001b[39m","message":"{\"method\":\"OPTIONS\",\"url\":\"/api/v1/users/theme\",\"status\":\"204\",\"responseTime\":\"0.285\"}","timestamp":"2025-12-11T14:23:01.297Z"}
{"level":"\u001b[32minfo\u001b[39m","message":"{\"method\":\"GET\",\"url\":\"/api/v1/users/current-user\",\"status\":\"304\",\"responseTime\":\"87.201\"}","timestamp":"2025-12-11T14:23:01.379Z"}
{"level":"\u001b[32minfo\u001b[39m","message":"{\"method\":\"GET\",\"url\":\"/api/v1/users/theme\",\"status\":\"304\",\"responseTime\":\"81.607\"}","timestamp":"2025-12-11T14:23:01.381Z"}
{"level":"\u001b[32minfo\u001b[39m","message":"{\"method\":\"OPTIONS\",\"url\":\"/api/v1/notifications/unread-count\",\"status\":\"204\",\"responseTime\":\"0.320\"}","timestamp":"2025-12-11T14:23:01.417Z"}
{"level":"\u001b[32minfo\u001b[39m","message":"{\"method\":\"OPTIONS\",\"url\":\"/api/v1/videos/\",\"status\":\"204\",\"responseTime\":\"0.154\"}","timestamp":"2025-12-11T14:23:01.418Z"}
{"level":"\u001b[32minfo\u001b[39m","message":"{\"method\":\"OPTIONS\",\"url\":\"/api/v1/tweets/\",\"status\":\"204\",\"responseTime\":\"0.099\"}","timestamp":"2025-12-11T14:23:01.420Z"}
{"level":"\u001b[32minfo\u001b[39m","message":"{\"method\":\"OPTIONS\",\"url\":\"/api/v1/notifications/unread-count\",\"status\":\"204\",\"responseTime\":\"0.193\"}","timestamp":"2025-12-11T14:23:01.421Z"}
{"level":"\u001b[32minfo\u001b[39m","message":"{\"method\":\"OPTIONS\",\"url\":\"/api/v1/videos/\",\"status\":\"204\",\"responseTime\":\"0.193\"}","timestamp":"2025-12-11T14:23:01.422Z"}
{"level":"\u001b[32minfo\u001b[39m","message":"{\"method\":\"OPTIONS\",\"url\":\"/api/v1/tweets/\",\"status\":\"204\",\"responseTime\":\"0.156\"}","timestamp":"2025-12-11T14:23:01.423Z"}
{"level":"\u001b[32minfo\u001b[39m","message":"{\"method\":\"GET\",\"url\":\"/api/v1/users/theme\",\"status\":\"304\",\"responseTime\":\"59.313\"}","timestamp":"2025-12-11T14:23:01.443Z"}
{"level":"\u001b[32minfo\u001b[39m","message":"{\"method\":\"GET\",\"url\":\"/api/v1/notifications/unread-count\",\"status\":\"304\",\"responseTime\":\"105.406\"}","timestamp":"2025-12-11T14:23:01.533Z"}
{"level":"\u001b[32minfo\u001b[39m","message":"{\"method\":\"GET\",\"url\":\"/api/v1/videos/\",\"status\":\"304\",\"responseTime\":\"117.065\"}","timestamp":"2025-12-11T14:23:01.550Z"}
{"level":"\u001b[32minfo\u001b[39m","message":"{\"method\":\"GET\",\"url\":\"/api/v1/tweets/\",\"status\":\"304\",\"responseTime\":\"120.093\"}","timestamp":"2025-12-11T14:23:01.554Z"}
{"level":"\u001b[32minfo\u001b[39m","message":"{\"method\":\"GET\",\"url\":\"/api/v1/notifications/unread-count\",\"status\":\"304\",\"responseTime\":\"78.635\"}","timestamp":"2025-12-11T14:23:01.614Z"}
{"level":"\u001b[32minfo\u001b[39m","message":"{\"method\":\"GET\",\"url\":\"/api/v1/tweets/\",\"status\":\"304\",\"responseTime\":\"113.359\"}","timestamp":"2025-12-11T14:23:01.671Z"}
{"level":"\u001b[32minfo\u001b[39m","message":"{\"method\":\"GET\",\"url\":\"/api/v1/videos/\",\"status\":\"304\",\"responseTime\":\"119.057\"}","timestamp":"2025-12-11T14:23:01.676Z"}
{"level":"\u001b[32minfo\u001b[39m","message":"{\"method\":\"OPTIONS\",\"url\":\"/api/v1/users/u/692891628b3cde57350a5bfa\",\"status\":\"204\",\"responseTime\":\"0.303\"}","timestamp":"2025-12-11T14:23:05.097Z"}
{"level":"\u001b[32minfo\u001b[39m","message":"{\"method\":\"OPTIONS\",\"url\":\"/api/v1/users/u/692891628b3cde57350a5bfa\",\"status\":\"204\",\"responseTime\":\"0.195\"}","timestamp":"2025-12-11T14:23:05.104Z"}
{"level":"\u001b[32minfo\u001b[39m","message":"{\"method\":\"OPTIONS\",\"url\":\"/api/v1/users/u/692891628b3cde57350a5bfa\",\"status\":\"204\",\"responseTime\":\"0.236\"}","timestamp":"2025-12-11T14:23:05.107Z"}
{"level":"\u001b[32minfo\u001b[39m","message":"{\"method\":\"OPTIONS\",\"url\":\"/api/v1/users/u/692891628b3cde57350a5bfa\",\"status\":\"204\",\"responseTime\":\"0.293\"}","timestamp":"2025-12-11T14:23:05.109Z"}
{"level":"\u001b[32minfo\u001b[39m","message":"{\"method\":\"OPTIONS\",\"url\":\"/api/v1/users/u/692891628b3cde57350a5bfa\",\"status\":\"204\",\"responseTime\":\"0.207\"}","timestamp":"2025-12-11T14:23:05.111Z"}
{"level":"\u001b[32minfo\u001b[39m","message":"{\"method\":\"OPTIONS\",\"url\":\"/api/v1/users/u/692891628b3cde57350a5bfa\",\"status\":\"204\",\"responseTime\":\"0.230\"}","timestamp":"2025-12-11T14:23:05.113Z"}
{"level":"\u001b[32minfo\u001b[39m","message":"{\"method\":\"GET\",\"url\":\"/api/v1/users/u/692891628b3cde57350a5bfa\",\"status\":\"200\",\"responseTime\":\"164.525\"}","timestamp":"2025-12-11T14:23:05.284Z"}
{"level":"\u001b[32minfo\u001b[39m","message":"{\"method\":\"GET\",\"url\":\"/api/v1/users/u/692891628b3cde57350a5bfa\",\"status\":\"304\",\"responseTime\":\"200.453\"}","timestamp":"2025-12-11T14:23:05.486Z"}
{"level":"\u001b[32minfo\u001b[39m","message":"{\"method\":\"GET\",\"url\":\"/api/v1/users/u/692891628b3cde57350a5bfa\",\"status\":\"304\",\"responseTime\":\"179.550\"}","timestamp":"2025-12-11T14:23:05.668Z"}
{"level":"\u001b[32minfo\u001b[39m","message":"{\"method\":\"GET\",\"url\":\"/api/v1/users/u/692891628b3cde57350a5bfa\",\"status\":\"304\",\"responseTime\":\"122.241\"}","timestamp":"2025-12-11T14:23:05.801Z"}
{"level":"\u001b[32minfo\u001b[39m","message":"{\"method\":\"GET\",\"url\":\"/api/v1/users/u/692891628b3cde57350a5bfa\",\"status\":\"304\",\"responseTime\":\"125.432\"}","timestamp":"2025-12-11T14:23:05.930Z"}
{"level":"\u001b[32minfo\u001b[39m","message":"{\"method\":\"GET\",\"url\":\"/api/v1/users/u/692891628b3cde57350a5bfa\",\"status\":\"304\",\"responseTime\":\"170.077\"}","timestamp":"2025-12-11T14:23:06.102Z"}
{"level":"\u001b[32minfo\u001b[39m","message":"{\"method\":\"OPTIONS\",\"url\":\"/api/v1/like/videos\",\"status\":\"204\",\"responseTime\":\"0.213\"}","timestamp":"2025-12-11T14:23:27.083Z"}
{"level":"\u001b[32minfo\u001b[39m","message":"{\"method\":\"OPTIONS\",\"url\":\"/api/v1/like/videos\",\"status\":\"204\",\"responseTime\":\"0.213\"}","timestamp":"2025-12-11T14:23:27.084Z"}
{"level":"\u001b[32minfo\u001b[39m","message":"{\"method\":\"GET\",\"url\":\"/api/v1/like/videos\",\"status\":\"200\",\"responseTime\":\"212.887\"}","timestamp":"2025-12-11T14:23:27.299Z"}
{"level":"\u001b[32minfo\u001b[39m","message":"{\"method\":\"GET\",\"url\":\"/api/v1/like/videos\",\"status\":\"304\",\"responseTime\":\"201.730\"}","timestamp":"2025-12-11T14:23:27.503Z"}
{"level":"\u001b[32minfo\u001b[39m","message":"{\"method\":\"OPTIONS\",\"url\":\"/api/v1/videos/\",\"status\":\"204\",\"responseTime\":\"0.299\"}","timestamp":"2025-12-11T14:23:28.659Z"}
{"level":"\u001b[32minfo\u001b[39m","message":"{\"method\":\"OPTIONS\",\"url\":\"/api/v1/tweets/\",\"status\":\"204\",\"responseTime\":\"0.226\"}","timestamp":"2025-12-11T14:23:28.665Z"}
{"level":"\u001b[32minfo\u001b[39m","message":"{\"method\":\"OPTIONS\",\"url\":\"/api/v1/videos/\",\"status\":\"204\",\"responseTime\":\"0.351\"}","timestamp":"2025-12-11T14:23:28.669Z"}
{"level":"\u001b[32minfo\u001b[39m","message":"{\"method\":\"OPTIONS\",\"url\":\"/api/v1/tweets/\",\"status\":\"204\",\"responseTime\":\"0.332\"}","timestamp":"2025-12-11T14:23:28.671Z"}
{"level":"\u001b[32minfo\u001b[39m","message":"{\"method\":\"GET\",\"url\":\"/api/v1/tweets/\",\"status\":\"304\",\"responseTime\":\"155.655\"}","timestamp":"2025-12-11T14:23:28.836Z"}
{"level":"\u001b[32minfo\u001b[39m","message":"{\"method\":\"GET\",\"url\":\"/api/v1/videos/\",\"status\":\"304\",\"responseTime\":\"168.970\"}","timestamp":"2025-12-11T14:23:28.844Z"}
{"level":"\u001b[32minfo\u001b[39m","message":"{\"method\":\"GET\",\"url\":\"/api/v1/tweets/\",\"status\":\"304\",\"responseTime\":\"71.612\"}","timestamp":"2025-12-11T14:23:28.910Z"}
{"level":"\u001b[32minfo\u001b[39m","message":"{\"method\":\"GET\",\"url\":\"/api/v1/videos/\",\"status\":\"304\",\"responseTime\":\"117.812\"}","timestamp":"2025-12-11T14:23:28.964Z"}
{"level":"\u001b[32minfo\u001b[39m","message":"{\"method\":\"OPTIONS\",\"url\":\"/api/v1/like/videos\",\"status\":\"204\",\"responseTime\":\"0.268\"}","timestamp":"2025-12-11T14:23:33.605Z"}
{"level":"\u001b[32minfo\u001b[39m","message":"{\"method\":\"OPTIONS\",\"url\":\"/api/v1/like/videos\",\"status\":\"204\",\"responseTime\":\"0.244\"}","timestamp":"2025-12-11T14:23:33.609Z"}
{"level":"\u001b[32minfo\u001b[39m","message":"{\"method\":\"GET\",\"url\":\"/api/v1/like/videos\",\"status\":\"304\",\"responseTime\":\"256.385\"}","timestamp":"2025-12-11T14:23:33.869Z"}
{"level":"\u001b[32minfo\u001b[39m","message":"{\"method\":\"GET\",\"url\":\"/api/v1/like/videos\",\"status\":\"304\",\"responseTime\":\"254.466\"}","timestamp":"2025-12-11T14:23:34.126Z"}
{"level":"\u001b[32minfo\u001b[39m","message":"{\"method\":\"OPTIONS\",\"url\":\"/api/v1/playlist/user/693a57a4347c667088e1e31c\",\"status\":\"204\",\"responseTime\":\"0.220\"}","timestamp":"2025-12-11T14:23:34.952Z"}
{"level":"\u001b[32minfo\u001b[39m","message":"{\"method\":\"OPTIONS\",\"url\":\"/api/v1/playlist/user/693a57a4347c667088e1e31c\",\"status\":\"204\",\"responseTime\":\"0.244\"}","timestamp":"2025-12-11T14:23:34.956Z"}
{"level":"\u001b[32minfo\u001b[39m","message":"{\"method\":\"GET\",\"url\":\"/api/v1/playlist/user/693a57a4347c667088e1e31c\",\"status\":\"200\",\"responseTime\":\"334.014\"}","timestamp":"2025-12-11T14:23:35.299Z"}
{"level":"\u001b[32minfo\u001b[39m","message":"{\"method\":\"GET\",\"url\":\"/api/v1/playlist/user/693a57a4347c667088e1e31c\",\"status\":\"304\",\"responseTime\":\"307.611\"}","timestamp":"2025-12-11T14:23:35.609Z"}
{"level":"\u001b[32minfo\u001b[39m","message":"{\"method\":\"OPTIONS\",\"url\":\"/api/v1/notifications/?page=1&limit=20\",\"status\":\"204\",\"responseTime\":\"0.264\"}","timestamp":"2025-12-11T14:23:36.428Z"}
{"level":"\u001b[32minfo\u001b[39m","message":"{\"method\":\"OPTIONS\",\"url\":\"/api/v1/notifications/?page=1&limit=20\",\"status\":\"204\",\"responseTime\":\"0.259\"}","timestamp":"2025-12-11T14:23:36.436Z"}
{"level":"\u001b[32minfo\u001b[39m","message":"{\"method\":\"GET\",\"url\":\"/api/v1/notifications/?page=1&limit=20\",\"status\":\"200\",\"responseTime\":\"398.169\"}","timestamp":"2025-12-11T14:23:36.835Z"}
{"level":"\u001b[32minfo\u001b[39m","message":"{\"method\":\"GET\",\"url\":\"/api/v1/notifications/?page=1&limit=20\",\"status\":\"304\",\"responseTime\":\"410.439\"}","timestamp":"2025-12-11T14:23:37.248Z"}
{"level":"\u001b[32minfo\u001b[39m","message":"{\"method\":\"OPTIONS\",\"url\":\"/api/v1/dashboard/stats\",\"status\":\"204\",\"responseTime\":\"0.172\"}","timestamp":"2025-12-11T14:23:38.054Z"}
{"level":"\u001b[32minfo\u001b[39m","message":"{\"method\":\"OPTIONS\",\"url\":\"/api/v1/dashboard/videos\",\"status\":\"204\",\"responseTime\":\"0.169\"}","timestamp":"2025-12-11T14:23:38.056Z"}
{"level":"\u001b[32minfo\u001b[39m","message":"{\"method\":\"OPTIONS\",\"url\":\"/api/v1/dashboard/stats\",\"status\":\"204\",\"responseTime\":\"0.159\"}","timestamp":"2025-12-11T14:23:38.057Z"}
{"level":"\u001b[32minfo\u001b[39m","message":"{\"method\":\"OPTIONS\",\"url\":\"/api/v1/dashboard/videos\",\"status\":\"204\",\"responseTime\":\"0.229\"}","timestamp":"2025-12-11T14:23:38.059Z"}
{"level":"\u001b[32minfo\u001b[39m","message":"{\"method\":\"GET\",\"url\":\"/api/v1/dashboard/videos\",\"status\":\"200\",\"responseTime\":\"303.100\"}","timestamp":"2025-12-11T14:23:38.371Z"}
{"level":"\u001b[32minfo\u001b[39m","message":"{\"method\":\"GET\",\"url\":\"/api/v1/dashboard/videos\",\"status\":\"304\",\"responseTime\":\"304.465\"}","timestamp":"2025-12-11T14:23:38.679Z"}
{"level":"\u001b[32minfo\u001b[39m","message":"{\"method\":\"GET\",\"url\":\"/api/v1/dashboard/stats\",\"status\":\"200\",\"responseTime\":\"614.581\"}","timestamp":"2025-12-11T14:23:38.682Z"}
{"level":"\u001b[32minfo\u001b[39m","message":"{\"method\":\"GET\",\"url\":\"/api/v1/dashboard/stats\",\"status\":\"304\",\"responseTime\":\"509.353\"}","timestamp":"2025-12-11T14:23:39.192Z"}
{"level":"\u001b[32minfo\u001b[39m","message":"{\"method\":\"OPTIONS\",\"url\":\"/api/v1/videos/\",\"status\":\"204\",\"responseTime\":\"0.825\"}","timestamp":"2025-12-11T14:23:40.686Z"}
{"level":"\u001b[32minfo\u001b[39m","message":"{\"method\":\"OPTIONS\",\"url\":\"/api/v1/tweets/\",\"status\":\"204\",\"responseTime\":\"0.158\"}","timestamp":"2025-12-11T14:23:40.693Z"}
{"level":"\u001b[32minfo\u001b[39m","message":"{\"method\":\"OPTIONS\",\"url\":\"/api/v1/tweets/\",\"status\":\"204\",\"responseTime\":\"0.178\"}","timestamp":"2025-12-11T14:23:40.695Z"}
{"level":"\u001b[32minfo\u001b[39m","message":"{\"method\":\"OPTIONS\",\"url\":\"/api/v1/videos/\",\"status\":\"204\",\"responseTime\":\"0.307\"}","timestamp":"2025-12-11T14:23:40.698Z"}
{"level":"\u001b[32minfo\u001b[39m","message":"{\"method\":\"GET\",\"url\":\"/api/v1/tweets/\",\"status\":\"304\",\"responseTime\":\"228.359\"}","timestamp":"2025-12-11T14:23:40.935Z"}
{"level":"\u001b[32minfo\u001b[39m","message":"{\"method\":\"GET\",\"url\":\"/api/v1/videos/\",\"status\":\"304\",\"responseTime\":\"247.744\"}","timestamp":"2025-12-11T14:23:40.950Z"}
{"level":"\u001b[32minfo\u001b[39m","message":"{\"method\":\"GET\",\"url\":\"/api/v1/tweets/\",\"status\":\"304\",\"responseTime\":\"67.367\"}","timestamp":"2025-12-11T14:23:41.005Z"}
{"level":"\u001b[32minfo\u001b[39m","message":"{\"method\":\"GET\",\"url\":\"/api/v1/videos/\",\"status\":\"304\",\"responseTime\":\"85.513\"}","timestamp":"2025-12-11T14:23:41.038Z"}
{"level":"\u001b[32minfo\u001b[39m","message":"{\"method\":\"OPTIONS\",\"url\":\"/api/v1/users/logout\",\"status\":\"204\",\"responseTime\":\"0.183\"}","timestamp":"2025-12-11T14:23:43.373Z"}
{"level":"\u001b[32minfo\u001b[39m","message":"{\"method\":\"POST\",\"url\":\"/api/v1/users/logout\",\"status\":\"200\",\"responseTime\":\"187.144\"}","timestamp":"2025-12-11T14:23:43.563Z"}
{"level":"\u001b[32minfo\u001b[39m","message":"Environment variables loaded from .env file","timestamp":"2025-12-11T14:25:11.842Z"}
{"level":"\u001b[32minfo\u001b[39m","message":"Connecting to the database...","timestamp":"2025-12-11T14:25:11.846Z"}
{"level":"\u001b[32minfo\u001b[39m","message":"Connected to the database successfully \n Database Name: vidtube \n Host: ac-umfmukq-shard-00-01.vu6akeu.mongodb.net \n Port: 27017","timestamp":"2025-12-11T14:25:12.896Z"}
{"level":"\u001b[32minfo\u001b[39m","message":"Server is running on port 3000","timestamp":"2025-12-11T14:25:12.901Z"}
{"level":"\u001b[32minfo\u001b[39m","timestamp":"2026-02-19T17:37:12.473Z"}
{"level":"\u001b[32minfo\u001b[39m","message":"invalid-token","timestamp":"2026-02-19T17:37:15.761Z"}
{"level":"\u001b[32minfo\u001b[39m","message":"eyJhbGciOiJIUzI1NiIsInR5cCI6IkpXVCJ9.eyJfaWQiOiI2OTk3NGE0ZTkyMzQwNzQwNWZjNmJjOTAiLCJlbWFpbCI6InRlc3RjaGFubmVsQGV4YW1wbGUuY29tIiwidXNlcm5hbWUiOiJ0ZXN0Y2hhbm5lbCIsImZ1bGxOYW1lIjoiVGVzdCBDaGFubmVsIiwiaWF0IjoxNzcxNTIyNjM5LCJleHAiOjE3NzE2MDkwMzl9.cGyyfHGWEN1BS31Mbj8cf0edFgaeJBmBLUVAGcm0y8Q","timestamp":"2026-02-19T17:37:19.060Z"}
{"level":"\u001b[32minfo\u001b[39m","message":"eyJhbGciOiJIUzI1NiIsInR5cCI6IkpXVCJ9.eyJfaWQiOiI2OTk3NGE1MDkyMzQwNzQwNWZjNmJjOWQiLCJlbWFpbCI6InRlc3RjaGFubmVsQGV4YW1wbGUuY29tIiwidXNlcm5hbWUiOiJ0ZXN0Y2hhbm5lbCIsImZ1bGxOYW1lIjoiVGVzdCBDaGFubmVsIiwiaWF0IjoxNzcxNTIyNjQxLCJleHAiOjE3NzE2MDkwNDF9.raRoayGG9cwMDyL7k2GJ69ONdNq59nQ_eYMcFr5CC0U","timestamp":"2026-02-19T17:37:22.409Z"}
{"level":"\u001b[32minfo\u001b[39m","message":"eyJhbGciOiJIUzI1NiIsInR5cCI6IkpXVCJ9.eyJfaWQiOiI2OTk3NGE1NDkyMzQwNzQwNWZjNmJjYWMiLCJlbWFpbCI6InRlc3RjaGFubmVsQGV4YW1wbGUuY29tIiwidXNlcm5hbWUiOiJ0ZXN0Y2hhbm5lbCIsImZ1bGxOYW1lIjoiVGVzdCBDaGFubmVsIiwiaWF0IjoxNzcxNTIyNjQ1LCJleHAiOjE3NzE2MDkwNDV9.BUFoWPz1JPXIORPU0T4hEaNzuO8GsVi0hSGi0-SYY-Y","timestamp":"2026-02-19T17:37:25.711Z"}
{"level":"\u001b[32minfo\u001b[39m","message":"eyJhbGciOiJIUzI1NiIsInR5cCI6IkpXVCJ9.eyJfaWQiOiI2OTk3NGE1ODkyMzQwNzQwNWZjNmJjYmQiLCJlbWFpbCI6InRlc3RjaGFubmVsQGV4YW1wbGUuY29tIiwidXNlcm5hbWUiOiJ0ZXN0Y2hhbm5lbCIsImZ1bGxOYW1lIjoiVGVzdCBDaGFubmVsIiwiaWF0IjoxNzcxNTIyNjQ5LCJleHAiOjE3NzE2MDkwNDl9._bdRXK7GIeUwNmnJ5QGzm30HEAx9i3Wswh6aeqL03TA","timestamp":"2026-02-19T17:37:29.099Z"}
{"level":"\u001b[32minfo\u001b[39m","message":"eyJhbGciOiJIUzI1NiIsInR5cCI6IkpXVCJ9.eyJfaWQiOiI2OTk3NGE1YjkyMzQwNzQwNWZjNmJjY2MiLCJlbWFpbCI6InRlc3RjaGFubmVsQGV4YW1wbGUuY29tIiwidXNlcm5hbWUiOiJ0ZXN0Y2hhbm5lbCIsImZ1bGxOYW1lIjoiVGVzdCBDaGFubmVsIiwiaWF0IjoxNzcxNTIyNjUyLCJleHAiOjE3NzE2MDkwNTJ9.LZkW4gklP7sybxcXT6HMtk5fMEIiUnEKJOeozUnK284","timestamp":"2026-02-19T17:37:33.543Z"}
{"level":"\u001b[32minfo\u001b[39m","message":"eyJhbGciOiJIUzI1NiIsInR5cCI6IkpXVCJ9.eyJfaWQiOiI2OTk3NGE2MDkyMzQwNzQwNWZjNmJjZGYiLCJlbWFpbCI6InRlc3RjaGFubmVsQGV4YW1wbGUuY29tIiwidXNlcm5hbWUiOiJ0ZXN0Y2hhbm5lbCIsImZ1bGxOYW1lIjoiVGVzdCBDaGFubmVsIiwiaWF0IjoxNzcxNTIyNjU3LCJleHAiOjE3NzE2MDkwNTd9.4ZRdzfR_2V4BojkdWHgRhVW1nYOb34_gnt92pDmDdXc","timestamp":"2026-02-19T17:37:37.846Z"}
{"level":"\u001b[32minfo\u001b[39m","message":"eyJhbGciOiJIUzI1NiIsInR5cCI6IkpXVCJ9.eyJfaWQiOiI2OTk3NGE2MzkyMzQwNzQwNWZjNmJjZjIiLCJlbWFpbCI6InRlc3RjaGFubmVsQGV4YW1wbGUuY29tIiwidXNlcm5hbWUiOiJ0ZXN0Y2hhbm5lbCIsImZ1bGxOYW1lIjoiVGVzdCBDaGFubmVsIiwiaWF0IjoxNzcxNTIyNjU5LCJleHAiOjE3NzE2MDkwNTl9.sgNfacIohpg8Jk6LXi7mMcqGVWKyHrASK_K4ub0dHQA","timestamp":"2026-02-19T17:37:40.493Z"}
{"level":"\u001b[32minfo\u001b[39m","message":"eyJhbGciOiJIUzI1NiIsInR5cCI6IkpXVCJ9.eyJfaWQiOiI2OTk3NGE2NjkyMzQwNzQwNWZjNmJkMGIiLCJlbWFpbCI6InRlc3RjaGFubmVsQGV4YW1wbGUuY29tIiwidXNlcm5hbWUiOiJ0ZXN0Y2hhbm5lbCIsImZ1bGxOYW1lIjoiVGVzdCBDaGFubmVsIiwiaWF0IjoxNzcxNTIyNjYzLCJleHAiOjE3NzE2MDkwNjN9.OVJgKwMc62yoO2-26d89XBEWGGapTvev8nDs-fR5VWE","timestamp":"2026-02-19T17:37:43.947Z"}
{"level":"\u001b[32minfo\u001b[39m","message":"eyJhbGciOiJIUzI1NiIsInR5cCI6IkpXVCJ9.eyJfaWQiOiI2OTk3NGE2YTkyMzQwNzQwNWZjNmJkMWEiLCJlbWFpbCI6InRlc3RjaGFubmVsQGV4YW1wbGUuY29tIiwidXNlcm5hbWUiOiJ0ZXN0Y2hhbm5lbCIsImZ1bGxOYW1lIjoiVGVzdCBDaGFubmVsIiwiaWF0IjoxNzcxNTIyNjY3LCJleHAiOjE3NzE2MDkwNjd9.yShSNpKq8DjbVQbnRHLNLCem93l2XLGS3UkyOwzLJ7Y","timestamp":"2026-02-19T17:37:47.017Z"}
{"level":"\u001b[32minfo\u001b[39m","timestamp":"2026-02-19T17:37:49.842Z"}
{"level":"\u001b[32minfo\u001b[39m","message":"invalid-token","timestamp":"2026-02-19T17:37:52.674Z"}
{"level":"\u001b[32minfo\u001b[39m","message":"eyJhbGciOiJIUzI1NiIsInR5cCI6IkpXVCJ9.eyJfaWQiOiI2OTk3NGE3MjkyMzQwNzQwNWZjNmJkM2YiLCJlbWFpbCI6InRlc3RjaGFubmVsQGV4YW1wbGUuY29tIiwidXNlcm5hbWUiOiJ0ZXN0Y2hhbm5lbCIsImZ1bGxOYW1lIjoiVGVzdCBDaGFubmVsIiwiaWF0IjoxNzcxNTIyNjc1LCJleHAiOjE3NzE2MDkwNzV9.tPWjHnYcXqktvqWrb9YQe5_CcZnUaAorkhMTvJUPXUI","timestamp":"2026-02-19T17:37:55.582Z"}
{"level":"\u001b[32minfo\u001b[39m","message":"eyJhbGciOiJIUzI1NiIsInR5cCI6IkpXVCJ9.eyJfaWQiOiI2OTk3NGE3NjkyMzQwNzQwNWZjNmJkNGUiLCJlbWFpbCI6InRlc3RjaGFubmVsQGV4YW1wbGUuY29tIiwidXNlcm5hbWUiOiJ0ZXN0Y2hhbm5lbCIsImZ1bGxOYW1lIjoiVGVzdCBDaGFubmVsIiwiaWF0IjoxNzcxNTIyNjc5LCJleHAiOjE3NzE2MDkwNzl9.U8fpD3f5Op1NFV8VUQn6k9RCcPppTs8njfIG6_dIlSc","timestamp":"2026-02-19T17:37:59.522Z"}
{"level":"\u001b[32minfo\u001b[39m","message":"eyJhbGciOiJIUzI1NiIsInR5cCI6IkpXVCJ9.eyJfaWQiOiI2OTk3NGE3ODkyMzQwNzQwNWZjNmJkNjEiLCJlbWFpbCI6InRlc3RjaGFubmVsQGV4YW1wbGUuY29tIiwidXNlcm5hbWUiOiJ0ZXN0Y2hhbm5lbCIsImZ1bGxOYW1lIjoiVGVzdCBDaGFubmVsIiwiaWF0IjoxNzcxNTIyNjgxLCJleHAiOjE3NzE2MDkwODF9.CWlO8ucU0O6xNDstFNWCVS56m-1umGcesjQsR0Cv5hs","timestamp":"2026-02-19T17:38:02.119Z"}
{"level":"\u001b[32minfo\u001b[39m","message":"eyJhbGciOiJIUzI1NiIsInR5cCI6IkpXVCJ9.eyJfaWQiOiI2OTk3NGE3YzkyMzQwNzQwNWZjNmJkNzQiLCJlbWFpbCI6InRlc3RjaGFubmVsQGV4YW1wbGUuY29tIiwidXNlcm5hbWUiOiJ0ZXN0Y2hhbm5lbCIsImZ1bGxOYW1lIjoiVGVzdCBDaGFubmVsIiwiaWF0IjoxNzcxNTIyNjg1LCJleHAiOjE3NzE2MDkwODV9.r40PGby2jrz2dTxbV5NSnxmWaKbRBn8mPxe6AuTxmGI","timestamp":"2026-02-19T17:38:06.083Z"}
{"level":"\u001b[32minfo\u001b[39m","message":"eyJhbGciOiJIUzI1NiIsInR5cCI6IkpXVCJ9.eyJfaWQiOiI2OTk3NGE4MDkyMzQwNzQwNWZjNmJkODciLCJlbWFpbCI6InRlc3RjaGFubmVsQGV4YW1wbGUuY29tIiwidXNlcm5hbWUiOiJ0ZXN0Y2hhbm5lbCIsImZ1bGxOYW1lIjoiVGVzdCBDaGFubmVsIiwiaWF0IjoxNzcxNTIyNjg5LCJleHAiOjE3NzE2MDkwODl9.U3dV2GvRyvrpnLBc6en7JCaUUir2P7DSShEQ7EAXfs0","timestamp":"2026-02-19T17:38:09.586Z"}
{"level":"\u001b[32minfo\u001b[39m","message":"eyJhbGciOiJIUzI1NiIsInR5cCI6IkpXVCJ9.eyJfaWQiOiI2OTk3NGE4MzkyMzQwNzQwNWZjNmJkOTgiLCJlbWFpbCI6InRlc3RjaGFubmVsQGV4YW1wbGUuY29tIiwidXNlcm5hbWUiOiJ0ZXN0Y2hhbm5lbCIsImZ1bGxOYW1lIjoiVGVzdCBDaGFubmVsIiwiaWF0IjoxNzcxNTIyNjkyLCJleHAiOjE3NzE2MDkwOTJ9.MiBRJSY8NlT38QBud00l40Itt-7bVru703iGP-Ex42w","timestamp":"2026-02-19T17:38:13.081Z"}
{"level":"\u001b[32minfo\u001b[39m","message":"eyJhbGciOiJIUzI1NiIsInR5cCI6IkpXVCJ9.eyJfaWQiOiI2OTk3NGE4ODkyMzQwNzQwNWZjNmJkYWIiLCJlbWFpbCI6InRlc3RjaGFubmVsQGV4YW1wbGUuY29tIiwidXNlcm5hbWUiOiJ0ZXN0Y2hhbm5lbCIsImZ1bGxOYW1lIjoiVGVzdCBDaGFubmVsIiwiaWF0IjoxNzcxNTIyNjk3LCJleHAiOjE3NzE2MDkwOTd9.FFm_0KTn4wSSjX02Sb4w5ddJ_e3cSPD6qXFmC5N-ii0","timestamp":"2026-02-19T17:38:17.072Z"}
{"level":"\u001b[32minfo\u001b[39m","message":"eyJhbGciOiJIUzI1NiIsInR5cCI6IkpXVCJ9.eyJfaWQiOiI2OTk3NGE4YjkyMzQwNzQwNWZjNmJkYmEiLCJlbWFpbCI6InRlc3RjaGFubmVsQGV4YW1wbGUuY29tIiwidXNlcm5hbWUiOiJ0ZXN0Y2hhbm5lbCIsImZ1bGxOYW1lIjoiVGVzdCBDaGFubmVsIiwiaWF0IjoxNzcxNTIyNzAwLCJleHAiOjE3NzE2MDkxMDB9.OzsXI33gNeIuumGCbSSy2MqRgcJdWnPZLZzEpl6D-fw","timestamp":"2026-02-19T17:38:20.178Z"}
{"level":"\u001b[32minfo\u001b[39m","message":"eyJhbGciOiJIUzI1NiIsInR5cCI6IkpXVCJ9.eyJfaWQiOiI2OTk3NGE4ZDkyMzQwNzQwNWZjNmJkYzciLCJlbWFpbCI6InRlc3RjaGFubmVsQGV4YW1wbGUuY29tIiwidXNlcm5hbWUiOiJ0ZXN0Y2hhbm5lbCIsImZ1bGxOYW1lIjoiVGVzdCBDaGFubmVsIiwiaWF0IjoxNzcxNTIyNzAyLCJleHAiOjE3NzE2MDkxMDJ9.hqQ0ihCL1abMugV7yO_-Lto2nKiFSYdGKe_04xg4oGo","timestamp":"2026-02-19T17:38:22.223Z"}
{"level":"\u001b[32minfo\u001b[39m","message":"eyJhbGciOiJIUzI1NiIsInR5cCI6IkpXVCJ9.eyJfaWQiOiI2OTk3NGE5MDkyMzQwNzQwNWZjNmJkZDYiLCJlbWFpbCI6InRlc3RjaGFubmVsQGV4YW1wbGUuY29tIiwidXNlcm5hbWUiOiJ0ZXN0Y2hhbm5lbCIsImZ1bGxOYW1lIjoiVGVzdCBDaGFubmVsIiwiaWF0IjoxNzcxNTIyNzA1LCJleHAiOjE3NzE2MDkxMDV9.NPJtKW6VtMwMnYKRSVlCQzfvona_TwD8U0cga5CBsQo","timestamp":"2026-02-19T17:38:25.736Z"}
{"level":"\u001b[32minfo\u001b[39m","message":"eyJhbGciOiJIUzI1NiIsInR5cCI6IkpXVCJ9.eyJfaWQiOiI2OTk3NGE5MjkyMzQwNzQwNWZjNmJkZTUiLCJlbWFpbCI6InRlc3RjaGFubmVsQGV4YW1wbGUuY29tIiwidXNlcm5hbWUiOiJ0ZXN0Y2hhbm5lbCIsImZ1bGxOYW1lIjoiVGVzdCBDaGFubmVsIiwiaWF0IjoxNzcxNTIyNzA2LCJleHAiOjE3NzE1MjI3MDV9.lWXFGQUxQ1t8q8qay2sU0mBKW_t4DexeC5qcFAqJrmk","timestamp":"2026-02-19T17:38:26.848Z"}
{"level":"\u001b[32minfo\u001b[39m","message":"eyJhbGciOiJIUzI1NiIsInR5cCI6IkpXVCJ9.eyJfaWQiOiI2OTk3NGE5MzkyMzQwNzQwNWZjNmJkZjUiLCJlbWFpbCI6InRlbXB1c2VyQGV4YW1wbGUuY29tIiwidXNlcm5hbWUiOiJ0ZW1wdXNlciIsImZ1bGxOYW1lIjoiVGVtcCBVc2VyIiwiaWF0IjoxNzcxNTIyNzA3LCJleHAiOjE3NzE2MDkxMDd9.AuVh3yk7c5HXpT6BBOX_9BcyuKQauAD40CqOSn3qIJ8","timestamp":"2026-02-19T17:38:28.048Z"}
{"level":"\u001b[32minfo\u001b[39m","message":"eyJhbGciOiJIUzI1NiIsInR5cCI6IkpXVCJ9.eyJfaWQiOiI2OTk3NGE5NDkyMzQwNzQwNWZjNmJlMDEiLCJlbWFpbCI6InRlc3RjaGFubmVsQGV4YW1wbGUuY29tIiwidXNlcm5hbWUiOiJ0ZXN0Y2hhbm5lbCIsImZ1bGxOYW1lIjoiVGVzdCBDaGFubmVsIiwiaWF0IjoxNzcxNTIyNzA4LCJleHAiOjE3NzE2MDkxMDh9.Rs1WPDsVfa6k7oG2Sd5o5yxnXTHQSV4LDUK03U0neFA","timestamp":"2026-02-19T17:38:29.524Z"}
{"level":"\u001b[32minfo\u001b[39m","message":"eyJhbGciOiJIUzI1NiIsInR5cCI6IkpXVCJ9.eyJfaWQiOiI2OTk3NGE5NjkyMzQwNzQwNWZjNmJlMTgiLCJlbWFpbCI6InRlc3RjaGFubmVsQGV4YW1wbGUuY29tIiwidXNlcm5hbWUiOiJ0ZXN0Y2hhbm5lbCIsImZ1bGxOYW1lIjoiVGVzdCBDaGFubmVsIiwiaWF0IjoxNzcxNTIyNzEwLCJleHAiOjE3NzE2MDkxMTB9.Ya_wcccVwlMZxTEgWP3RMarbw0PZr0-YnQYecbhdVzc","timestamp":"2026-02-19T17:38:31.158Z"}
{"0":"69974dcec887d9531302d038","level":"\u001b[32minfo\u001b[39m","message":"Updated watch history: ","timestamp":"2026-02-19T17:52:15.790Z"}
{"0":"69974dd3c887d9531302d04b","1":"69974dd3c887d9531302d04d","level":"\u001b[32minfo\u001b[39m","message":"Updated watch history: ","timestamp":"2026-02-19T17:52:21.726Z"}
{"level":"\u001b[32minfo\u001b[39m","message":"eyJhbGciOiJIUzI1NiIsInR5cCI6IkpXVCJ9.eyJfaWQiOiI2OTk3NGY3NGUxMWM3ZThjNzcyMzU2MmEiLCJlbWFpbCI6InRlc3RjaGFubmVsQGV4YW1wbGUuY29tIiwidXNlcm5hbWUiOiJ0ZXN0Y2hhbm5lbCIsImZ1bGxOYW1lIjoiVGVzdCBDaGFubmVsIiwiaWF0IjoxNzcxNTIzOTYwLCJleHAiOjE3NzE2MTAzNjB9.mUh8RHzILZNDxtuN-B8b6L1RVsi4fYoQnfTJCl7AAfE","timestamp":"2026-02-19T17:59:21.562Z"}
{"level":"\u001b[32minfo\u001b[39m","message":"Bearer","timestamp":"2026-02-19T18:01:26.297Z"}
{"level":"\u001b[32minfo\u001b[39m","message":"eyJhbGciOiJIUzI1NiIsInR5cCI6IkpXVCJ9.eyJfaWQiOiI2OTk3NTA1MWY5YTcxOGQ5ZjUyNDVkNWQiLCJlbWFpbCI6InRlc3RjaGFubmVsQGV4YW1wbGUuY29tIiwidXNlcm5hbWUiOiJ0ZXN0Y2hhbm5lbCIsImZ1bGxOYW1lIjoiVGVzdCBDaGFubmVsIiwiaWF0IjoxNzcxNTI0MTc4LCJleHAiOjE3NzE2MTA1Nzh9.CjsPEAxgyxE97DSQoYikh8-qWPkkgYbycuQTH6lxFso","timestamp":"2026-02-19T18:03:00.050Z"}
{"level":"\u001b[32minfo\u001b[39m","message":"eyJhbGciOiJIUzI1NiIsInR5cCI6IkpXVCJ9.eyJfaWQiOiI2OTk3NTBhNTU4ZGNmMmYwN2Y5YjkwZDgiLCJlbWFpbCI6InRlc3RjaGFubmVsQGV4YW1wbGUuY29tIiwidXNlcm5hbWUiOiJ0ZXN0Y2hhbm5lbCIsImZ1bGxOYW1lIjoiVGVzdCBDaGFubmVsIiwiaWF0IjoxNzcxNTI0MjYyLCJleHAiOjE3NzE2MTA2NjJ9.F-HVWglpRlUVJCj4m9Y8TDFHyQ2C5ZRok75YJEZTSJ8","timestamp":"2026-02-19T18:04:23.223Z"}
{"level":"\u001b[32minfo\u001b[39m","message":"User authenticated: ","timestamp":"2026-02-19T18:04:23.306Z"}
{"level":"\u001b[32minfo\u001b[39m","message":"eyJhbGciOiJIUzI1NiIsInR5cCI6IkpXVCJ9.eyJfaWQiOiI2OTk3NTRiMTU3YmQyZjk3ZDZkYjEwMmMiLCJlbWFpbCI6InRlc3RjaGFubmVsQGV4YW1wbGUuY29tIiwidXNlcm5hbWUiOiJ0ZXN0Y2hhbm5lbCIsImZ1bGxOYW1lIjoiVGVzdCBDaGFubmVsIiwiaWF0IjoxNzcxNTI1Mjk5LCJleHAiOjE3NzE2MTE2OTl9.x3njvEri2_VDR0TOlEG1PaQ1D1_mt2IAwNwoU31qFMo","timestamp":"2026-02-19T18:21:40.482Z"}
{"level":"\u001b[32minfo\u001b[39m","message":"User authenticated: ","timestamp":"2026-02-19T18:21:40.813Z"}
{"cookies":{},"level":"\u001b[32minfo\u001b[39m","message":"Refresh token request received","timestamp":"2026-02-19T18:21:40.814Z"}
{"level":"\u001b[32minfo\u001b[39m","message":"eyJhbGciOiJIUzI1NiIsInR5cCI6IkpXVCJ9.eyJfaWQiOiI2OTk3NTUwYTVhNjNkZGVkOTJkYjYxOWMiLCJlbWFpbCI6InRlc3RjaGFubmVsQGV4YW1wbGUuY29tIiwidXNlcm5hbWUiOiJ0ZXN0Y2hhbm5lbCIsImZ1bGxOYW1lIjoiVGVzdCBDaGFubmVsIiwiaWF0IjoxNzcxNTI1Mzg3LCJleHAiOjE3NzE2MTE3ODd9.AyYVNapahDTM41ms8ebe3CUotb5vl1XCuWgOYAQS0Lg","timestamp":"2026-02-19T18:23:08.533Z"}
{"_consuming":false,"_dumped":false,"_events":{},"_parsedUrl":{"_raw":"/refresh-token","auth":null,"hash":null,"host":null,"hostname":null,"href":"/refresh-token","path":"/refresh-token","pathname":"/refresh-token","port":null,"protocol":null,"query":null,"search":null,"slashes":null},"_readableState":{"awaitDrainWriters":null,"buffer":[],"bufferIndex":0,"highWaterMark":16384,"length":0,"pipes":[]},"_remoteAddress":"::ffff:127.0.0.1","_startAt":[35466,656501600],"_startTime":"2026-02-19T18:23:08.531Z","aborted":false,"baseUrl":"/api/v1/users","client":{"_closeAfterHandlingError":false,"_events":{"close":[null,null,null],"end":[null,null],"error":[null,null]},"_eventsCount":8,"_hadError":false,"_host":null,"_httpMessage":{"_closed":false,"_contentLength":null,"_defaultKeepAlive":true,"_events":{"finish":[null,null]},"_eventsCount":2,"_expect_continue":false,"_hasBody":true,"_header":null,"_headerSent":false,"_keepAliveTimeout":5000,"_last":false,"_maxRequestsPerSocket":0,"_removedConnection":false,"_removedContLen":false,"_removedTE":false,"_sent100":false,"_trailer":"","chunkedEncoding":false,"destroyed":false,"finished":false,"locals":{},"maxRequestsOnConnectionReached":false,"outputData":[],"outputSize":0,"req":{"_consuming":false,"_dumped":false,"_events":{},"_parsedUrl":{"_raw":"/refresh-token","auth":null,"hash":null,"host":null,"hostname":null,"href":"/refresh-token","path":"/refresh-token","pathname":"/refresh-token","port":null,"protocol":null,"query":null,"search":null,"slashes":null},"_readableState":{"awaitDrainWriters":null,"buffer":[],"bufferIndex":0,"highWaterMark":16384,"length":0,"pipes":[]},"_remoteAddress":"::ffff:127.0.0.1","_startAt":[35466,656501600],"_startTime":"2026-02-19T18:23:08.531Z","aborted":false,"baseUrl":"/api/v1/users","client":"[Circular]","complete":true,"cookies":{},"httpVersion":"1.1","httpVersionMajor":1,"httpVersionMinor":1,"joinDuplicateHeaders":null,"method":"POST","originalUrl":"/api/v1/users/refresh-token","params":{},"rawHeaders":["Host","127.0.0.1:59471","Accept-Encoding","gzip, deflate","Authorization","Bearer eyJhbGciOiJIUzI1NiIsInR5cCI6IkpXVCJ9.eyJfaWQiOiI2OTk3NTUwYTVhNjNkZGVkOTJkYjYxOWMiLCJlbWFpbCI6InRlc3RjaGFubmVsQGV4YW1wbGUuY29tIiwidXNlcm5hbWUiOiJ0ZXN0Y2hhbm5lbCIsImZ1bGxOYW1lIjoiVGVzdCBDaGFubmVsIiwiaWF0IjoxNzcxNTI1Mzg3LCJleHAiOjE3NzE2MTE3ODd9.AyYVNapahDTM41ms8ebe3CUotb5vl1XCuWgOYAQS0Lg","Connection","close","Content-Length","0"],"rawTrailers":[],"res":"[Circular]","route":{"methods":{"post":true},"path":"/refresh-token","stack":[{"keys":[],"matchers":[null],"method":"post","name":"<anonymous>","slash":false},{"keys":[],"matchers":[null],"method":"post","name":"<anonymous>","slash":false}]},"signedCookies":{},"socket":"[Circular]","statusCode":null,"statusMessage":null,"upgrade":false,"url":"/refresh-token","user":{"__v":0,"_id":"6997550a5a63dded92db619c","avatar":"https://yavuzceliker.github.io/sample-images/image-1.jpg","coverImage":"https://yavuzceliker.github.io/sample-images/image-2.jpg","createdAt":"2026-02-19T18:23:06.768Z","email":"testchannel@example.com","fullName":"Test Channel","prefferedTheme":"light","updatedAt":"2026-02-19T18:23:08.238Z","username":"testchannel","watchHistory":[]}},"sendDate":true,"shouldKeepAlive":false,"strictContentLength":false,"useChunkedEncodingByDefault":true,"writable":true},"_parent":null,"_paused":false,"_peername":{"address":"::ffff:127.0.0.1","family":"IPv6","port":59472},"_pendingData":null,"_pendingEncoding":"","_readableState":{"awaitDrainWriters":null,"buffer":[],"bufferIndex":0,"highWaterMark":16384,"length":0,"pipes":[]},"_server":{"_connectionKey":"6::::0","_connections":1,"_events":{},"_eventsCount":3,"_handle":{"reading":false},"_listeningId":2,"_unref":false,"_usingWorkers":false,"_workers":[],"allowHalfOpen":true,"connectionsCheckingInterval":30000,"headersTimeout":60000,"highWaterMark":16384,"httpAllowHalfOpen":false,"keepAlive":false,"keepAliveInitialDelay":0,"keepAliveTimeout":5000,"maxHeadersCount":null,"maxRequestsPerSocket":0,"noDelay":true,"pauseOnConnect":false,"rejectNonStandardBodyWrites":false,"requestTimeout":300000,"requireHostHeader":true,"timeout":0},"_sockname":null,"_writableState":{"bufferedIndex":0,"corked":0,"highWaterMark":16384,"length":0,"pendingcb":0,"writelen":0},"allowHalfOpen":true,"connecting":false,"parser":{"0":null,"_consumed":true,"_headers":[],"_url":"","incoming":{"_consuming":false,"_dumped":false,"_events":{},"_parsedUrl":{"_raw":"/refresh-token","auth":null,"hash":null,"host":null,"hostname":null,"href":"/refresh-token","path":"/refresh-token","pathname":"/refresh-token","port":null,"protocol":null,"query":null,"search":null,"slashes":null},"_readableState":{"awaitDrainWriters":null,"buffer":[],"bufferIndex":0,"highWaterMark":16384,"length":0,"pipes":[]},"_remoteAddress":"::ffff:127.0.0.1","_startAt":[35466,656501600],"_startTime":"2026-02-19T18:23:08.531Z","aborted":false,"baseUrl":"/api/v1/users","client":"[Circular]","complete":true,"cookies":{},"httpVersion":"1.1","httpVersionMajor":1,"httpVersionMinor":1,"joinDuplicateHeaders":null,"method":"POST","originalUrl":"/api/v1/users/refresh-token","params":{},"rawHeaders":["Host","127.0.0.1:59471","Accept-Encoding","gzip, deflate","Authorization","Bearer eyJhbGciOiJIUzI1NiIsInR5cCI6IkpXVCJ9.eyJfaWQiOiI2OTk3NTUwYTVhNjNkZGVkOTJkYjYxOWMiLCJlbWFpbCI6InRlc3RjaGFubmVsQGV4YW1wbGUuY29tIiwidXNlcm5hbWUiOiJ0ZXN0Y2hhbm5lbCIsImZ1bGxOYW1lIjoiVGVzdCBDaGFubmVsIiwiaWF0IjoxNzcxNTI1Mzg3LCJleHAiOjE3NzE2MTE3ODd9.AyYVNapahDTM41ms8ebe3CUotb5vl1XCuWgOYAQS0Lg","Connection","close","Content-Length","0"],"rawTrailers":[],"res":{"_closed":false,"_contentLength":null,"_defaultKeepAlive":true,"_events":{"finish":[null,null]},"_eventsCount":2,"_expect_continue":false,"_hasBody":true,"_header":null,"_headerSent":false,"_keepAliveTimeout":5000,"_last":false,"_maxRequestsPerSocket":0,"_removedConnection":false,"_removedContLen":false,"_removedTE":false,"_sent100":false,"_trailer":"","chunkedEncoding":false,"destroyed":false,"finished":false,"locals":{},"maxRequestsOnConnectionReached":false,"outputData":[],"outputSize":0,"req":"[Circular]","sendDate":true,"shouldKeepAlive":false,"strictContentLength":false,"useChunkedEncodingByDefault":true,"writable":true},"route":{"methods":{"post":true},"path":"/refresh-token","stack":[{"keys":[],"matchers":[null],"method":"post","name":"<anonymous>","slash":false},{"keys":[],"matchers":[null],"method":"post","name":"<anonymous>","slash":false}]},"signedCookies":{},"socket":"[Circular]","statusCode":null,"statusMessage":null,"upgrade":false,"url":"/refresh-token","user":{"__v":0,"_id":"6997550a5a63dded92db619c","avatar":"https://yavuzceliker.github.io/sample-images/image-1.jpg","coverImage":"https://yavuzceliker.github.io/sample-images/image-2.jpg","createdAt":"2026-02-19T18:23:06.768Z","email":"testchannel@example.com","fullName":"Test Channel","prefferedTheme":"light","updatedAt":"2026-02-19T18:23:08.238Z","username":"testchannel","watchHistory":[]}},"joinDuplicateHeaders":null,"maxHeaderPairs":2000,"outgoing":null,"socket":"[Circular]"},"server":{"_connectionKey":"6::::0","_connections":1,"_events":{},"_eventsCount":3,"_handle":{"reading":false},"_listeningId":2,"_unref":false,"_usingWorkers":false,"_workers":[],"allowHalfOpen":true,"connectionsCheckingInterval":30000,"headersTimeout":60000,"highWaterMark":16384,"httpAllowHalfOpen":false,"keepAlive":false,"keepAliveInitialDelay":0,"keepAliveTimeout":5000,"maxHeadersCount":null,"maxRequestsPerSocket":0,"noDelay":true,"pauseOnConnect":false,"rejectNonStandardBodyWrites":false,"requestTimeout":300000,"requireHostHeader":true,"timeout":0}},"complete":true,"cookies":{},"httpVersion":"1.1","httpVersionMajor":1,"httpVersionMinor":1,"joinDuplicateHeaders":null,"level":"\u001b[32minfo\u001b[39m","message":"User authenticated: ","method":"POST","originalUrl":"/api/v1/users/refresh-token","params":{},"rawHeaders":["Host","127.0.0.1:59471","Accept-Encoding","gzip, deflate","Authorization","Bearer eyJhbGciOiJIUzI1NiIsInR5cCI6IkpXVCJ9.eyJfaWQiOiI2OTk3NTUwYTVhNjNkZGVkOTJkYjYxOWMiLCJlbWFpbCI6InRlc3RjaGFubmVsQGV4YW1wbGUuY29tIiwidXNlcm5hbWUiOiJ0ZXN0Y2hhbm5lbCIsImZ1bGxOYW1lIjoiVGVzdCBDaGFubmVsIiwiaWF0IjoxNzcxNTI1Mzg3LCJleHAiOjE3NzE2MTE3ODd9.AyYVNapahDTM41ms8ebe3CUotb5vl1XCuWgOYAQS0Lg","Connection","close","Content-Length","0"],"rawTrailers":[],"res":{"_closed":false,"_contentLength":null,"_defaultKeepAlive":true,"_events":{"finish":[null,null]},"_eventsCount":2,"_expect_continue":false,"_hasBody":true,"_header":null,"_headerSent":false,"_keepAliveTimeout":5000,"_last":false,"_maxRequestsPerSocket":0,"_removedConnection":false,"_removedContLen":false,"_removedTE":false,"_sent100":false,"_trailer":"","chunkedEncoding":false,"destroyed":false,"finished":false,"locals":{},"maxRequestsOnConnectionReached":false,"outputData":[],"outputSize":0,"req":{"_consuming":false,"_dumped":false,"_events":{},"_parsedUrl":{"_raw":"/refresh-token","auth":null,"hash":null,"host":null,"hostname":null,"href":"/refresh-token","path":"/refresh-token","pathname":"/refresh-token","port":null,"protocol":null,"query":null,"search":null,"slashes":null},"_readableState":{"awaitDrainWriters":null,"buffer":[],"bufferIndex":0,"highWaterMark":16384,"length":0,"pipes":[]},"_remoteAddress":"::ffff:127.0.0.1","_startAt":[35466,656501600],"_startTime":"2026-02-19T18:23:08.531Z","aborted":false,"baseUrl":"/api/v1/users","client":{"_closeAfterHandlingError":false,"_events":{"close":[null,null,null],"end":[null,null],"error":[null,null]},"_eventsCount":8,"_hadError":false,"_host":null,"_httpMessage":"[Circular]","_parent":null,"_paused":false,"_peername":{"address":"::ffff:127.0.0.1","family":"IPv6","port":59472},"_pendingData":null,"_pendingEncoding":"","_readableState":{"awaitDrainWriters":null,"buffer":[],"bufferIndex":0,"highWaterMark":16384,"length":0,"pipes":[]},"_server":{"_connectionKey":"6::::0","_connections":1,"_events":{},"_eventsCount":3,"_handle":{"reading":false},"_listeningId":2,"_unref":false,"_usingWorkers":false,"_workers":[],"allowHalfOpen":true,"connectionsCheckingInterval":30000,"headersTimeout":60000,"highWaterMark":16384,"httpAllowHalfOpen":false,"keepAlive":false,"keepAliveInitialDelay":0,"keepAliveTimeout":5000,"maxHeadersCount":null,"maxRequestsPerSocket":0,"noDelay":true,"pauseOnConnect":false,"rejectNonStandardBodyWrites":false,"requestTimeout":300000,"requireHostHeader":true,"timeout":0},"_sockname":null,"_writableState":{"bufferedIndex":0,"corked":0,"highWaterMark":16384,"length":0,"pendingcb":0,"writelen":0},"allowHalfOpen":true,"connecting":false,"parser":{"0":null,"_consumed":true,"_headers":[],"_url":"","incoming":"[Circular]","joinDuplicateHeaders":null,"maxHeaderPairs":2000,"outgoing":null,"socket":"[Circular]"},"server":{"_connectionKey":"6::::0","_connections":1,"_events":{},"_eventsCount":3,"_handle":{"reading":false},"_listeningId":2,"_unref":false,"_usingWorkers":false,"_workers":[],"allowHalfOpen":true,"connectionsCheckingInterval":30000,"headersTimeout":60000,"highWaterMark":16384,"httpAllowHalfOpen":false,"keepAlive":false,"keepAliveInitialDelay":0,"keepAliveTimeout":5000,"maxHeadersCount":null,"maxRequestsPerSocket":0,"noDelay":true,"pauseOnConnect":false,"rejectNonStandardBodyWrites":false,"requestTimeout":300000,"requireHostHeader":true,"timeout":0}},"complete":true,"cookies":{},"httpVersion":"1.1","httpVersionMajor":1,"httpVersionMinor":1,"joinDuplicateHeaders":null,"method":"POST","originalUrl":"/api/v1/users/refresh-token","params":{},"rawHeaders":["Host","127.0.0.1:59471","Accept-Encoding","gzip, deflate","Authorization","Bearer eyJhbGciOiJIUzI1NiIsInR5cCI6IkpXVCJ9.eyJfaWQiOiI2OTk3NTUwYTVhNjNkZGVkOTJkYjYxOWMiLCJlbWFpbCI6InRlc3RjaGFubmVsQGV4YW1wbGUuY29tIiwidXNlcm5hbWUiOiJ0ZXN0Y2hhbm5lbCIsImZ1bGxOYW1lIjoiVGVzdCBDaGFubmVsIiwiaWF0IjoxNzcxNTI1Mzg3LCJleHAiOjE3NzE2MTE3ODd9.AyYVNapahDTM41ms8ebe3CUotb5vl1XCuWgOYAQS0Lg","Connection","close","Content-Length","0"],"rawTrailers":[],"res":"[Circular]","route":{"methods":{"post":true},"path":"/refresh-token","stack":[{"keys":[],"matchers":[null],"method":"post","name":"<anonymous>","slash":false},{"keys":[],"matchers":[null],"method":"post","name":"<anonymous>","slash":false}]},"signedCookies":{},"socket":{"_closeAfterHandlingError":false,"_events":{"close":[null,null,null],"end":[null,null],"error":[null,null]},"_eventsCount":8,"_hadError":false,"_host":null,"_httpMessage":"[Circular]","_parent":null,"_paused":false,"_peername":{"address":"::ffff:127.0.0.1","family":"IPv6","port":59472},"_pendingData":null,"_pendingEncoding":"","_readableState":{"awaitDrainWriters":null,"buffer":[],"bufferIndex":0,"highWaterMark":16384,"length":0,"pipes":[]},"_server":{"_connectionKey":"6::::0","_connections":1,"_events":{},"_eventsCount":3,"_handle":{"reading":false},"_listeningId":2,"_unref":false,"_usingWorkers":false,"_workers":[],"allowHalfOpen":true,"connectionsCheckingInterval":30000,"headersTimeout":60000,"highWaterMark":16384,"httpAllowHalfOpen":false,"keepAlive":false,"keepAliveInitialDelay":0,"keepAliveTimeout":5000,"maxHeadersCount":null,"maxRequestsPerSocket":0,"noDelay":true,"pauseOnConnect":false,"rejectNonStandardBodyWrites":false,"requestTimeout":300000,"requireHostHeader":true,"timeout":0},"_sockname":null,"_writableState":{"bufferedIndex":0,"corked":0,"highWaterMark":16384,"length":0,"pendingcb":0,"writelen":0},"allowHalfOpen":true,"connecting":false,"parser":{"0":null,"_consumed":true,"_headers":[],"_url":"","incoming":"[Circular]","joinDuplicateHeaders":null,"maxHeaderPairs":2000,"outgoing":null,"socket":"[Circular]"},"server":{"_connectionKey":"6::::0","_connections":1,"_events":{},"_eventsCount":3,"_handle":{"reading":false},"_listeningId":2,"_unref":false,"_usingWorkers":false,"_workers":[],"allowHalfOpen":true,"connectionsCheckingInterval":30000,"headersTimeout":60000,"highWaterMark":16384,"httpAllowHalfOpen":false,"keepAlive":false,"keepAliveInitialDelay":0,"keepAliveTimeout":5000,"maxHeadersCount":null,"maxRequestsPerSocket":0,"noDelay":true,"pauseOnConnect":false,"rejectNonStandardBodyWrites":false,"requestTimeout":300000,"requireHostHeader":true,"timeout":0}},"statusCode":null,"statusMessage":null,"upgrade":false,"url":"/refresh-token","user":{"__v":0,"_id":"6997550a5a63dded92db619c","avatar":"https://yavuzceliker.github.io/sample-images/image-1.jpg","coverImage":"https://yavuzceliker.github.io/sample-images/image-2.jpg","createdAt":"2026-02-19T18:23:06.768Z","email":"testchannel@example.com","fullName":"Test Channel","prefferedTheme":"light","updatedAt":"2026-02-19T18:23:08.238Z","username":"testchannel","watchHistory":[]}},"sendDate":true,"shouldKeepAlive":false,"strictContentLength":false,"useChunkedEncodingByDefault":true,"writable":true},"route":{"methods":{"post":true},"path":"/refresh-token","stack":[{"keys":[],"matchers":[null],"method":"post","name":"<anonymous>","slash":false},{"keys":[],"matchers":[null],"method":"post","name":"<anonymous>","slash":false}]},"signedCookies":{},"socket":{"_closeAfterHandlingError":false,"_events":{"close":[null,null,null],"end":[null,null],"error":[null,null]},"_eventsCount":8,"_hadError":false,"_host":null,"_httpMessage":{"_closed":false,"_contentLength":null,"_defaultKeepAlive":true,"_events":{"finish":[null,null]},"_eventsCount":2,"_expect_continue":false,"_hasBody":true,"_header":null,"_headerSent":false,"_keepAliveTimeout":5000,"_last":false,"_maxRequestsPerSocket":0,"_removedConnection":false,"_removedContLen":false,"_removedTE":false,"_sent100":false,"_trailer":"","chunkedEncoding":false,"destroyed":false,"finished":false,"locals":{},"maxRequestsOnConnectionReached":false,"outputData":[],"outputSize":0,"req":{"_consuming":false,"_dumped":false,"_events":{},"_parsedUrl":{"_raw":"/refresh-token","auth":null,"hash":null,"host":null,"hostname":null,"href":"/refresh-token","path":"/refresh-token","pathname":"/refresh-token","port":null,"protocol":null,"query":null,"search":null,"slashes":null},"_readableState":{"awaitDrainWriters":null,"buffer":[],"bufferIndex":0,"highWaterMark":16384,"length":0,"pipes":[]},"_remoteAddress":"::ffff:127.0.0.1","_startAt":[35466,656501600],"_startTime":"2026-02-19T18:23:08.531Z","aborted":false,"baseUrl":"/api/v1/users","client":"[Circular]","complete":true,"cookies":{},"httpVersion":"1.1","httpVersionMajor":1,"httpVersionMinor":1,"joinDuplicateHeaders":null,"method":"POST","originalUrl":"/api/v1/users/refresh-token","params":{},"rawHeaders":["Host","127.0.0.1:59471","Accept-Encoding","gzip, deflate","Authorization","Bearer eyJhbGciOiJIUzI1NiIsInR5cCI6IkpXVCJ9.eyJfaWQiOiI2OTk3NTUwYTVhNjNkZGVkOTJkYjYxOWMiLCJlbWFpbCI6InRlc3RjaGFubmVsQGV4YW1wbGUuY29tIiwidXNlcm5hbWUiOiJ0ZXN0Y2hhbm5lbCIsImZ1bGxOYW1lIjoiVGVzdCBDaGFubmVsIiwiaWF0IjoxNzcxNTI1Mzg3LCJleHAiOjE3NzE2MTE3ODd9.AyYVNapahDTM41ms8ebe3CUotb5vl1XCuWgOYAQS0Lg","Connection","close","Content-Length","0"],"rawTrailers":[],"res":"[Circular]","route":{"methods":{"post":true},"path":"/refresh-token","stack":[{"keys":[],"matchers":[null],"method":"post","name":"<anonymous>","slash":false},{"keys":[],"matchers":[null],"method":"post","name":"<anonymous>","slash":false}]},"signedCookies":{},"socket":"[Circular]","statusCode":null,"statusMessage":null,"upgrade":false,"url":"/refresh-token","user":{"__v":0,"_id":"6997550a5a63dded92db619c","avatar":"https://yavuzceliker.github.io/sample-images/image-1.jpg","coverImage":"https://yavuzceliker.github.io/sample-images/image-2.jpg","createdAt":"2026-02-19T18:23:06.768Z","email":"testchannel@example.com","fullName":"Test Channel","prefferedTheme":"light","updatedAt":"2026-02-19T18:23:08.238Z","username":"testchannel","watchHistory":[]}},"sendDate":true,"shouldKeepAlive":false,"strictContentLength":false,"useChunkedEncodingByDefault":true,"writable":true},"_parent":null,"_paused":false,"_peername":{"address":"::ffff:127.0.0.1","family":"IPv6","port":59472},"_pendingData":null,"_pendingEncoding":"","_readableState":{"awaitDrainWriters":null,"buffer":[],"bufferIndex":0,"highWaterMark":16384,"length":0,"pipes":[]},"_server":{"_connectionKey":"6::::0","_connections":1,"_events":{},"_eventsCount":3,"_handle":{"reading":false},"_listeningId":2,"_unref":false,"_usingWorkers":false,"_workers":[],"allowHalfOpen":true,"connectionsCheckingInterval":30000,"headersTimeout":60000,"highWaterMark":16384,"httpAllowHalfOpen":false,"keepAlive":false,"keepAliveInitialDelay":0,"keepAliveTimeout":5000,"maxHeadersCount":null,"maxRequestsPerSocket":0,"noDelay":true,"pauseOnConnect":false,"rejectNonStandardBodyWrites":false,"requestTimeout":300000,"requireHostHeader":true,"timeout":0},"_sockname":null,"_writableState":{"bufferedIndex":0,"corked":0,"highWaterMark":16384,"length":0,"pendingcb":0,"writelen":0},"allowHalfOpen":true,"connecting":false,"parser":{"0":null,"_consumed":true,"_headers":[],"_url":"","incoming":{"_consuming":false,"_dumped":false,"_events":{},"_parsedUrl":{"_raw":"/refresh-token","auth":null,"hash":null,"host":null,"hostname":null,"href":"/refresh-token","path":"/refresh-token","pathname":"/refresh-token","port":null,"protocol":null,"query":null,"search":null,"slashes":null},"_readableState":{"awaitDrainWriters":null,"buffer":[],"bufferIndex":0,"highWaterMark":16384,"length":0,"pipes":[]},"_remoteAddress":"::ffff:127.0.0.1","_startAt":[35466,656501600],"_startTime":"2026-02-19T18:23:08.531Z","aborted":false,"baseUrl":"/api/v1/users","client":"[Circular]","complete":true,"cookies":{},"httpVersion":"1.1","httpVersionMajor":1,"httpVersionMinor":1,"joinDuplicateHeaders":null,"method":"POST","originalUrl":"/api/v1/users/refresh-token","params":{},"rawHeaders":["Host","127.0.0.1:59471","Accept-Encoding","gzip, deflate","Authorization","Bearer eyJhbGciOiJIUzI1NiIsInR5cCI6IkpXVCJ9.eyJfaWQiOiI2OTk3NTUwYTVhNjNkZGVkOTJkYjYxOWMiLCJlbWFpbCI6InRlc3RjaGFubmVsQGV4YW1wbGUuY29tIiwidXNlcm5hbWUiOiJ0ZXN0Y2hhbm5lbCIsImZ1bGxOYW1lIjoiVGVzdCBDaGFubmVsIiwiaWF0IjoxNzcxNTI1Mzg3LCJleHAiOjE3NzE2MTE3ODd9.AyYVNapahDTM41ms8ebe3CUotb5vl1XCuWgOYAQS0Lg","Connection","close","Content-Length","0"],"rawTrailers":[],"res":{"_closed":false,"_contentLength":null,"_defaultKeepAlive":true,"_events":{"finish":[null,null]},"_eventsCount":2,"_expect_continue":false,"_hasBody":true,"_header":null,"_headerSent":false,"_keepAliveTimeout":5000,"_last":false,"_maxRequestsPerSocket":0,"_removedConnection":false,"_removedContLen":false,"_removedTE":false,"_sent100":false,"_trailer":"","chunkedEncoding":false,"destroyed":false,"finished":false,"locals":{},"maxRequestsOnConnectionReached":false,"outputData":[],"outputSize":0,"req":"[Circular]","sendDate":true,"shouldKeepAlive":false,"strictContentLength":false,"useChunkedEncodingByDefault":true,"writable":true},"route":{"methods":{"post":true},"path":"/refresh-token","stack":[{"keys":[],"matchers":[null],"method":"post","name":"<anonymous>","slash":false},{"keys":[],"matchers":[null],"method":"post","name":"<anonymous>","slash":false}]},"signedCookies":{},"socket":"[Circular]","statusCode":null,"statusMessage":null,"upgrade":false,"url":"/refresh-token","user":{"__v":0,"_id":"6997550a5a63dded92db619c","avatar":"https://yavuzceliker.github.io/sample-images/image-1.jpg","coverImage":"https://yavuzceliker.github.io/sample-images/image-2.jpg","createdAt":"2026-02-19T18:23:06.768Z","email":"testchannel@example.com","fullName":"Test Channel","prefferedTheme":"light","updatedAt":"2026-02-19T18:23:08.238Z","username":"testchannel","watchHistory":[]}},"joinDuplicateHeaders":null,"maxHeaderPairs":2000,"outgoing":null,"socket":"[Circular]"},"server":{"_connectionKey":"6::::0","_connections":1,"_events":{},"_eventsCount":3,"_handle":{"reading":false},"_listeningId":2,"_unref":false,"_usingWorkers":false,"_workers":[],"allowHalfOpen":true,"connectionsCheckingInterval":30000,"headersTimeout":60000,"highWaterMark":16384,"httpAllowHalfOpen":false,"keepAlive":false,"keepAliveInitialDelay":0,"keepAliveTimeout":5000,"maxHeadersCount":null,"maxRequestsPerSocket":0,"noDelay":true,"pauseOnConnect":false,"rejectNonStandardBodyWrites":false,"requestTimeout":300000,"requireHostHeader":true,"timeout":0}},"statusCode":null,"statusMessage":null,"timestamp":"2026-02-19T18:23:08.917Z","upgrade":false,"url":"/refresh-token","user":{"__v":0,"_id":"6997550a5a63dded92db619c","avatar":"https://yavuzceliker.github.io/sample-images/image-1.jpg","coverImage":"https://yavuzceliker.github.io/sample-images/image-2.jpg","createdAt":"2026-02-19T18:23:06.768Z","email":"testchannel@example.com","fullName":"Test Channel","prefferedTheme":"light","updatedAt":"2026-02-19T18:23:08.238Z","username":"testchannel","watchHistory":[]}}
{"level":"\u001b[32minfo\u001b[39m","message":"User authenticated: ","timestamp":"2026-02-19T18:23:08.921Z"}
{"cookies":{},"level":"\u001b[32minfo\u001b[39m","message":"Refresh token request received","timestamp":"2026-02-19T18:23:08.923Z"}
{"level":"\u001b[32minfo\u001b[39m","message":"eyJhbGciOiJIUzI1NiIsInR5cCI6IkpXVCJ9.eyJfaWQiOiI2OTk3NWI2OWNhNmE1YjA0ODVjNzRhMzMiLCJlbWFpbCI6InRlc3RjaGFubmVsQGV4YW1wbGUuY29tIiwidXNlcm5hbWUiOiJ0ZXN0Y2hhbm5lbCIsImZ1bGxOYW1lIjoiVGVzdCBDaGFubmVsIiwiaWF0IjoxNzcxNTI3MDIwLCJleHAiOjE3NzE2MTM0MjB9.7Q7fPYhPS5VdO9Irn4qvC8vXiGoy8xGxvVOpo5Cj654","timestamp":"2026-02-19T18:50:21.621Z"}
{"level":"\u001b[32minfo\u001b[39m","message":"Incoming refresh token: ","timestamp":"2026-02-19T18:50:21.958Z"}
{"0":"69975cb9e96dfe751133ee2b","level":"\u001b[32minfo\u001b[39m","message":"Updated watch history: ","timestamp":"2026-02-19T18:55:53.935Z"}
{"0":"69975cbbe96dfe751133ee3e","1":"69975cbbe96dfe751133ee40","level":"\u001b[32minfo\u001b[39m","message":"Updated watch history: ","timestamp":"2026-02-19T18:55:56.470Z"}
{"level":"\u001b[32minfo\u001b[39m","message":"img id ","timestamp":"2026-02-19T19:03:05.633Z"}
{"level":"\u001b[32minfo\u001b[39m","message":"video id ","timestamp":"2026-02-19T19:03:05.640Z"}
{"level":"\u001b[32minfo\u001b[39m","message":"file deleted successfully from Cloudinary","result":"not found","timestamp":"2026-02-19T19:03:07.581Z"}
{"0":"69988bb42e0c7f5ca4c5fdda","level":"\u001b[32minfo\u001b[39m","message":"Updated watch history: ","timestamp":"2026-02-20T16:28:36.834Z"}
{"0":"69988bb62e0c7f5ca4c5fded","1":"69988bb62e0c7f5ca4c5fdef","level":"\u001b[32minfo\u001b[39m","message":"Updated watch history: ","timestamp":"2026-02-20T16:28:38.778Z"}
{"level":"\u001b[32minfo\u001b[39m","message":"img id ","timestamp":"2026-02-20T16:29:24.249Z"}
{"level":"\u001b[32minfo\u001b[39m","message":"video id ","timestamp":"2026-02-20T16:29:24.250Z"}
{"level":"\u001b[32minfo\u001b[39m","message":"file deleted successfully from Cloudinary","result":"not found","timestamp":"2026-02-20T16:29:26.401Z"}
